report_date,market,contract_code,Open_Interest_All,Asset_Mgr_Positions_Long_All,Asset_Mgr_Positions_Short_All,asset_mgr_net,Lev_Money_Positions_Long_All,Lev_Money_Positions_Short_All,leveraged_funds_net,asset_mgr_net_pct_oi,leveraged_funds_net_pct_oi
2016-01-05,ULTRA UST BOND,020604,614216,381247,113821,267426,23282,267266,-243984,43.53940633262565,-39.72283366112247
2016-01-12,ULTRA UST BOND,020604,615185,380649,117880,262769,28651,263837,-235186,42.71381779464714,-38.230125897087866
2016-01-19,ULTRA UST BOND,020604,619337,384761,120877,263884,23539,266838,-243299,42.60749801804187,-39.28378249644378
2016-01-26,ULTRA UST BOND,020604,627847,393872,121232,272640,26656,271398,-244742,43.42459229716794,-38.981153051619266
2016-02-02,ULTRA UST BOND,020604,628989,383491,122443,261048,30509,278851,-248342,41.502792576658734,-39.48272545306833
2016-02-09,ULTRA UST BOND,020604,631270,387883,121692,266191,29682,270724,-241042,42.16753528601074,-38.18366150775421
2016-02-16,ULTRA UST BOND,020604,642208,389070,120437,268633,26560,280557,-253997,41.829594150181876,-39.550581742986694
2016-02-23,ULTRA UST BOND,020604,662294,373708,116487,257221,28930,275102,-246172,38.83788770546011,-37.169595376071655
2016-03-01,ULTRA UST BOND,020604,624033,363917,110496,253421,33724,264102,-230378,40.61019208920041,-36.91759890903205
2016-03-08,ULTRA UST BOND,020604,624129,360946,110217,250729,33038,275561,-242523,40.172624569600195,-38.85783227505852
2016-03-15,ULTRA UST BOND,020604,621198,365533,113791,251742,34652,274309,-239657,40.52524315918596,-38.57980869223661
2016-03-22,ULTRA UST BOND,020604,616349,366214,117683,248531,38754,277857,-239103,40.32309616791785,-38.793443325129104
2016-03-29,ULTRA UST BOND,020604,619757,355548,111515,244033,42197,280352,-238155,39.37559398280294,-38.427157740856494
2016-04-05,ULTRA UST BOND,020604,624505,356681,116453,240228,40250,276332,-236082,38.466945821090306,-37.80306002353864
2016-04-12,ULTRA UST BOND,020604,631065,342325,127819,214506,46316,274485,-228169,33.99111026597894,-36.156180425154304
2016-04-19,ULTRA UST BOND,020604,629322,348066,134575,213491,47483,275365,-227882,33.92396896978018,-36.21071565907437
2016-04-26,ULTRA UST BOND,020604,622083,348789,138340,210449,48485,266079,-217594,33.82973011639926,-34.97829067825354
2016-05-03,ULTRA UST BOND,020604,621279,349559,138698,210861,48197,262975,-214778,33.93982413698193,-34.57029772453278
2016-05-10,ULTRA UST BOND,020604,631450,351381,128283,223098,49972,265995,-216023,35.331063425449365,-34.21062633621031
2016-05-17,ULTRA UST BOND,020604,633667,349634,135726,213908,48801,255293,-206492,33.757162673770296,-32.58683188488591
2016-05-24,ULTRA UST BOND,020604,632998,334316,128975,205341,39657,242460,-202803,32.439438987169,-32.03848985304851
2016-05-31,ULTRA UST BOND,020604,615744,324501,126006,198495,43068,234961,-191893,32.23661131898971,-31.164412483109864
2016-06-07,ULTRA UST BOND,020604,607403,316996,118307,198689,47557,229822,-182265,32.711231258324375,-30.007260418535964
2016-06-14,ULTRA UST BOND,020604,617607,330097,123855,206242,48207,233122,-184915,33.393727726531594,-29.940560906855005
2016-06-21,ULTRA UST BOND,020604,592820,319029,124971,194058,39264,223970,-184706,32.734725549070546,-31.157180931817415
2016-06-28,ULTRA UST BOND,020604,583188,308702,122760,185942,30427,218166,-187739,31.88371502842994,-32.19184894065036
2016-07-05,ULTRA UST BOND,020604,581350,298823,111595,187228,32539,209397,-176858,32.20572804678765,-30.421948912015136
2016-07-12,ULTRA UST BOND,020604,583540,275557,113135,162422,41443,205384,-163941,27.833910271789424,-28.09421804846283
2016-07-19,ULTRA UST BOND,020604,588539,286988,113792,173196,45146,206560,-161414,29.42812625841278,-27.426219842695218
2016-07-26,ULTRA UST BOND,020604,602157,304714,114899,189815,45660,210168,-164508,31.522509910206143,-27.319785371589138
2016-08-02,ULTRA UST BOND,020604,600547,304130,114264,189866,36994,211900,-174906,31.615510526236914,-29.124448211380624
2016-08-09,ULTRA UST BOND,020604,608142,310461,115151,195310,36118,216638,-180520,32.11585452081915,-29.683856730829312
2016-08-16,ULTRA UST BOND,020604,611937,311043,118483,192560,39739,216333,-176594,31.46729156759601,-28.858199455172674
2016-08-23,ULTRA UST BOND,020604,614988,310748,121911,188837,37155,213515,-176360,30.705802389640123,-28.676982315102084
2016-08-30,ULTRA UST BOND,020604,644370,304398,105985,198413,45384,229733,-184349,30.79178111954312,-28.60918416437761
2016-09-06,ULTRA UST BOND,020604,616554,311548,100898,210650,39356,233547,-194191,34.16570162548617,-31.496186870898576
2016-09-13,ULTRA UST BOND,020604,606864,301931,92646,209285,43473,233595,-190122,34.48630994753355,-31.328600806770545
2016-09-20,ULTRA UST BOND,020604,598248,300686,95696,204990,38398,229928,-191530,34.26505395755606,-32.01515090731603
2016-09-27,ULTRA UST BOND,020604,605356,303031,88216,214815,35803,235172,-199369,35.48573071052405,-32.93417427100747
2016-10-04,ULTRA UST BOND,020604,607616,314413,91043,223370,35204,239279,-204075,36.76170476090162,-33.58617942911312
2016-10-11,ULTRA UST BOND,020604,608582,313854,91188,222666,39753,233376,-193623,36.58767429861547,-31.815433253037387
2016-10-18,ULTRA UST BOND,020604,614615,318146,110713,207433,39845,223471,-183626,33.750071182772956,-29.87658940963042
2016-10-25,ULTRA UST BOND,020604,623293,313749,115568,198181,42272,212647,-170375,31.79580069084684,-27.334656413596814
2016-11-01,ULTRA UST BOND,020604,616393,324356,107467,216889,31069,211335,-180266,35.18680452243942,-29.245302915510074
2016-11-08,ULTRA UST BOND,020604,631506,334334,110026,224308,33144,211253,-178109,35.51953583972282,-28.203849211250567
2016-11-15,ULTRA UST BOND,020604,649510,349861,113226,236635,28901,208432,-179531,36.432849378762455,-27.640990900832936
2016-11-22,ULTRA UST BOND,020604,682790,346298,113325,232973,32673,198477,-165804,34.120739905388184,-24.283308191391203
2016-11-29,ULTRA UST BOND,020604,654331,359645,106205,253440,37025,207348,-170323,38.73269033562524,-26.030097916803577
2016-12-06,ULTRA UST BOND,020604,661168,377433,82460,294973,41679,232715,-191036,44.61392565883406,-28.89371536432495
2016-12-13,ULTRA UST BOND,020604,679621,400557,73960,326597,45914,241932,-196018,48.05575460440451,-28.84225178445045
2016-12-20,ULTRA UST BOND,020604,680353,404380,73978,330402,43468,252223,-208755,48.56331933569779,-30.68333644446339
2016-12-27,ULTRA UST BOND,020604,687331,411743,75632,336111,47174,258295,-211121,48.900893455991365,-30.716059656846557
2017-01-03,ULTRA UST BOND,020604,687738,417304,75525,341779,37810,267975,-230165,49.69610520285341,-33.466959801552335
2017-01-10,ULTRA UST BOND,020604,690999,412987,72622,340365,40806,266434,-225628,49.25694537908159,-32.65243509759059
2017-01-17,ULTRA UST BOND,020604,691941,418495,66598,351897,35860,262737,-226877,50.85650366143934,-32.788489191997584
2017-01-24,ULTRA UST BOND,020604,696286,422290,70985,351305,37451,262299,-224848,50.454123736510574,-32.29247751642285
2017-01-31,ULTRA UST BOND,020604,707632,426232,61322,364910,39198,254201,-215003,51.567764035543895,-30.383447893820517
2017-02-07,ULTRA UST BOND,020604,742124,422271,53965,368306,44913,271931,-227018,49.628633489821105,-30.590305663204532
2017-02-14,ULTRA UST BOND,020604,767122,420758,53712,367046,38482,276273,-237791,47.84714817199872,-30.99780738917669
2017-02-21,ULTRA UST BOND,020604,782955,416118,59731,356387,41480,277081,-235601,45.518197086678036,-30.09125684107005
2017-02-28,ULTRA UST BOND,020604,748636,415292,56483,358809,43571,274726,-231155,47.92836572112482,-30.87682131236008
2017-03-07,ULTRA UST BOND,020604,729922,401469,58022,343447,40123,278067,-237944,47.05256178057382,-32.59855162606416
2017-03-14,ULTRA UST BOND,020604,702072,397763,46198,351565,38754,284523,-245769,50.07534839731537,-35.00623867637507
2017-03-21,ULTRA UST BOND,020604,712569,407664,49131,358533,44336,285974,-241638,50.31554838899812,-33.91082126783512
2017-03-28,ULTRA UST BOND,020604,704439,397586,47471,350115,46921,279769,-232848,49.701251634279195,-33.05438795978076
2017-04-04,ULTRA UST BOND,020604,714401,401648,52547,349101,45003,278438,-233435,48.86625298676793,-32.67562615393875
2017-04-11,ULTRA UST BOND,020604,723767,411997,55358,356639,44074,284396,-240322,49.2753883501182,-33.20433233347196
2017-04-18,ULTRA UST BOND,020604,730207,420714,55734,364980,40126,278536,-238410,49.9830869876624,-32.64964592232066
2017-04-25,ULTRA UST BOND,020604,734068,418259,63982,354277,46732,279778,-233046,48.26215010053564,-31.747195082744376
2017-05-02,ULTRA UST BOND,020604,735194,426115,74882,351233,41872,276413,-234541,47.774192934109905,-31.901919765395256
2017-05-09,ULTRA UST BOND,020604,740099,428387,60229,368158,42640,297097,-254457,49.74442608353747,-34.38148139640778
2017-05-16,ULTRA UST BOND,020604,756959,434105,48042,386063,37781,315551,-277770,51.00183761603997,-36.69551455230732
2017-05-23,ULTRA UST BOND,020604,773760,427662,51813,375849,34768,313829,-279061,48.5743641439206,-36.0655758891646
2017-05-30,ULTRA UST BOND,020604,775507,435778,51663,384115,32764,310343,-277579,49.530823061558436,-35.79322946150067
2017-06-06,ULTRA UST BOND,020604,778670,434492,57134,377358,34081,312506,-278425,48.461864461196654,-35.75648220683987
2017-06-13,ULTRA UST BOND,020604,763238,425930,50664,375266,34745,300922,-266177,49.16762530167523,-34.87470487580545
2017-06-20,ULTRA UST BOND,020604,766215,426465,42365,384100,44277,299276,-254999,50.12953283347363,-33.28034559490482
2017-06-27,ULTRA UST BOND,020604,783957,428996,42923,386073,65112,319553,-254441,49.246706133116994,-32.45598929533125
2017-07-03,ULTRA UST BOND,020604,795328,430972,47235,383737,76980,326360,-249380,48.24889856763499,-31.355616802124405
2017-07-11,ULTRA UST BOND,020604,785147,427141,46978,380163,68411,325648,-257237,48.41934058208208,-32.76290936601681
2017-07-18,ULTRA UST BOND,020604,794371,435886,40340,395546,70750,342012,-271262,49.793610290405866,-34.14802403411001
2017-07-25,ULTRA UST BOND,020604,808128,447596,38754,408842,74535,353192,-278657,50.591242971410466,-34.48179001346321
2017-08-01,ULTRA UST BOND,020604,821577,454708,40885,413823,75268,365353,-290085,50.36935065124754,-35.30831559306066
2017-08-08,ULTRA UST BOND,020604,847472,471718,30728,440990,77440,386561,-309121,52.0359374705005,-36.475659372817034
2017-08-15,ULTRA UST BOND,020604,869961,475503,24469,451034,73515,398629,-325114,51.84531260596739,-37.37110054358759
2017-08-22,ULTRA UST BOND,020604,890246,476685,24507,452178,72412,413807,-341395,50.79247758484733,-38.348389096946235
2017-08-29,ULTRA UST BOND,020604,896507,482113,22991,459122,63123,415053,-351930,51.21231624516038,-39.2556890241794
2017-09-05,ULTRA UST BOND,020604,885504,485853,28910,456943,64273,421017,-356744,51.60259016334201,-40.28711332755132
2017-09-12,ULTRA UST BOND,020604,842177,469035,23866,445169,60264,412618,-352354,52.85931579703554,-41.83847338504851
2017-09-19,ULTRA UST BOND,020604,823924,473545,22955,450590,53404,406217,-352813,54.68829649336589,-42.82106116583569
2017-09-26,ULTRA UST BOND,020604,825974,468637,26458,442179,54619,409155,-354536,53.53425168346703,-42.92338499759072
2017-10-03,ULTRA UST BOND,020604,818974,458261,46930,411331,60651,393380,-332729,50.22515977308193,-40.62754128946707
2017-10-10,ULTRA UST BOND,020604,827794,459784,42650,417134,62707,393673,-330966,50.39103931654494,-39.98168626494031
2017-10-17,ULTRA UST BOND,020604,847007,471161,47395,423766,63677,394626,-330949,50.03099147940926,-39.07275854863065
2017-10-24,ULTRA UST BOND,020604,849162,453713,46341,407372,69395,383315,-313920,47.97341378912387,-36.968211012739616
2017-10-31,ULTRA UST BOND,020604,884302,466976,47488,419488,73735,396489,-322754,47.437187748077015,-36.49816465415661
2017-11-07,ULTRA UST BOND,020604,896672,442022,43641,398381,77856,413783,-335927,44.428843545911995,-37.46375486242461
2017-11-14,ULTRA UST BOND,020604,932588,453178,52256,400922,78782,406818,-328036,42.99025936426375,-35.17480387909774
2017-11-21,ULTRA UST BOND,020604,967506,467207,62528,404679,61720,404767,-343047,41.82702742928726,-35.456834376220925
2017-11-28,ULTRA UST BOND,020604,954762,458203,83989,374214,62846,389218,-326372,39.19447988084989,-34.183597587671066
2017-12-05,ULTRA UST BOND,020604,898596,476141,91623,384518,66600,392119,-325519,42.790976145008436,-36.22528922897498
2017-12-12,ULTRA UST BOND,020604,899268,476856,90193,386663,63383,394870,-331487,42.99752687741585,-36.861869876388354
2017-12-19,ULTRA UST BOND,020604,888848,477540,90229,387311,68086,391662,-323576,43.574491926628625,-36.40397458283081
2017-12-26,ULTRA UST BOND,020604,882616,476521,84880,391641,60860,390324,-329464,44.372751003834054,-37.32812457512667
2018-01-02,ULTRA UST BOND,020604,878305,489338,85591,403747,60651,402566,-341915,45.968883246708145,-38.92895975771514
2018-01-09,ULTRA UST BOND,020604,886839,485270,88868,396402,57366,392886,-335520,44.69830487833756,-37.833248199504084
2018-01-16,ULTRA UST BOND,020604,885371,492129,97251,394878,56978,394901,-337923,44.60028620770276,-38.167389715723694
2018-01-23,ULTRA UST BOND,020604,896672,500631,108775,391856,53602,394665,-341063,43.7011527068984,-38.036539559616
2018-01-30,ULTRA UST BOND,020604,896516,495193,102504,392689,54702,392243,-337541,43.80167225124816,-37.65030406596201
2018-02-06,ULTRA UST BOND,020604,912760,483646,106890,376756,54914,387492,-332578,41.27656777247031,-36.43652219641527
2018-02-13,ULTRA UST BOND,020604,937996,498262,91616,406646,43739,390853,-347114,43.35263689823837,-37.00591473737628
2018-02-20,ULTRA UST BOND,020604,1008146,498421,85733,412688,50946,395995,-345049,40.935340714539365,-34.22609423635069
2018-02-27,ULTRA UST BOND,020604,1004836,491915,104054,387861,57097,391298,-334201,38.59943314132853,-33.259258227213195
2018-03-06,ULTRA UST BOND,020604,967570,507135,106462,400673,66160,389567,-323407,41.41023388488688,-33.424661781576525
2018-03-13,ULTRA UST BOND,020604,956890,512423,104272,408151,74196,376901,-302705,42.65391006280764,-31.634252630918915
2018-03-20,ULTRA UST BOND,020604,946169,529487,102023,427464,63904,387977,-324073,45.178398362237616,-34.25106931214191
2018-03-27,ULTRA UST BOND,020604,950300,531950,103065,428885,60368,392003,-331635,45.131537409239186,-34.89792697043039
2018-04-03,ULTRA UST BOND,020604,938134,537852,106593,431259,61503,405369,-343866,45.96987210782255,-36.654251951213794
2018-04-10,ULTRA UST BOND,020604,952745,556771,109633,447138,60921,404193,-343272,46.93155041485392,-36.02978761368467
2018-04-17,ULTRA UST BOND,020604,966385,558511,112074,446437,68688,415401,-346713,46.1965986640935,-35.87731597655179
2018-04-24,ULTRA UST BOND,020604,976172,553252,101046,452206,62518,408015,-345497,46.32441823776957,-35.39304548788533
2018-05-01,ULTRA UST BOND,020604,984664,547130,100987,446143,68758,424956,-356198,45.30916129766093,-36.17457325544551
2018-05-08,ULTRA UST BOND,020604,1011799,537168,95436,441732,67657,428577,-360920,43.6580783337402,-35.67111649645829
2018-05-15,ULTRA UST BOND,020604,1035496,546040,78445,467595,64396,455739,-391343,45.15662059534754,-37.79280653908852
2018-05-22,ULTRA UST BOND,020604,1050972,548166,73604,474562,66656,462315,-395659,45.15458071195046,-37.646959195868206
2018-05-29,ULTRA UST BOND,020604,1099241,532297,68497,463800,77477,453183,-375706,42.192749360695245,-34.178674194284966
2018-06-05,ULTRA UST BOND,020604,1027885,533296,75292,458004,76879,396295,-319416,44.55790287824027,-31.075071627662627
2018-06-12,ULTRA UST BOND,020604,1026646,525649,71234,454415,75569,388272,-312703,44.26209228887075,-30.458697545210324
2018-06-19,ULTRA UST BOND,020604,976996,530675,81395,449280,69360,393532,-324172,45.985858693382575,-33.18048385049683
2018-06-26,ULTRA UST BOND,020604,963543,524850,74099,450751,65755,385896,-320141,46.78057959011689,-33.22539834755688
2018-07-03,ULTRA UST BOND,020604,969594,535044,75767,459277,60387,425782,-365395,47.367970511368675,-37.68536108928067
2018-07-10,ULTRA UST BOND,020604,977915,538735,74546,464189,66006,432476,-366470,47.46721340811829,-37.47462714039564
2018-07-17,ULTRA UST BOND,020604,996588,551609,71677,479932,61538,445649,-384111,48.1575134358431,-38.54260737636817
2018-07-24,ULTRA UST BOND,020604,1006617,562988,70096,492892,67962,440787,-372825,48.96519728953515,-37.0374233695636
2018-07-31,ULTRA UST BOND,020604,1023012,577260,70702,506558,74550,456539,-381989,49.51633020922531,-37.33964019972395
2018-08-07,ULTRA UST BOND,020604,1034439,567954,70058,497896,80235,460724,-380489,48.131982649532745,-36.78215921866828
2018-08-14,ULTRA UST BOND,020604,1070098,584909,73286,511623,72395,473430,-401035,47.81085470676518,-37.47647411732383
2018-08-21,ULTRA UST BOND,020604,1092162,589084,77143,511941,72148,467155,-395007,46.87409010751152,-36.167436698951256
2018-08-28,ULTRA UST BOND,020604,1112657,564229,66880,497349,68365,476507,-408142,44.69921997524844,-36.68174468861473
2018-09-04,ULTRA UST BOND,020604,1055047,556845,72192,484653,71320,482057,-410737,45.936626519955986,-38.93068270892197
2018-09-11,ULTRA UST BOND,020604,1031762,571262,71845,499417,51698,474184,-422486,48.40428315832527,-40.94800932773256
2018-09-18,ULTRA UST BOND,020604,1039500,597941,75503,522438,35678,471657,-435979,50.25858585858586,-41.94122174122174
2018-09-25,ULTRA UST BOND,020604,1048223,605761,61931,543830,34096,474069,-439973,51.88113597965319,-41.97322516296628
2018-10-02,ULTRA UST BOND,020604,1048728,612629,65242,547387,35240,476502,-441262,52.19532614748533,-42.075924357888795
2018-10-09,ULTRA UST BOND,020604,1055458,602284,71007,531277,49030,452383,-403353,50.33615738380873,-38.21592142937
2018-10-16,ULTRA UST BOND,020604,1086657,611988,63697,548291,42946,457638,-414692,50.45667584159491,-38.16217997031262
2018-10-23,ULTRA UST BOND,020604,1069759,602476,65966,536510,39536,451794,-412258,50.15241750712076,-38.53746498043017
2018-10-30,ULTRA UST BOND,020604,1066418,601347,68696,532651,40426,458289,-417863,49.947675301804736,-39.18379097127018
2018-11-06,ULTRA UST BOND,020604,1071364,611910,84634,527276,40791,479670,-438879,49.21539271433425,-40.96450879439668
2018-11-13,ULTRA UST BOND,020604,1146600,681247,71396,609851,36829,516753,-479924,53.187772544915404,-41.85627071341357
2018-11-20,ULTRA UST BOND,020604,1144263,670660,68531,602129,38728,507681,-468953,52.621556407923705,-40.982973319944804
2018-11-27,ULTRA UST BOND,020604,1138844,656211,76153,580058,35558,499534,-463976,50.93392949341613,-40.74096188766855
2018-12-04,ULTRA UST BOND,020604,1082700,652983,86101,566882,33011,491287,-458276,52.35817862750531,-42.327145100212434
2018-12-11,ULTRA UST BOND,020604,1083869,655631,83576,572055,30752,477812,-447060,52.77897974755252,-41.2466820252263
2018-12-18,ULTRA UST BOND,020604,1088505,668965,70346,598619,28918,500474,-471556,54.994602689009234,-43.32143628187284
2018-12-24,ULTRA UST BOND,020604,1086790,671508,55170,616338,25801,503023,-477222,56.71178424534639,-43.911151188362055
2018-12-31,ULTRA UST BOND,020604,1091022,659187,54352,604835,28828,511417,-482589,55.43747055513088,-44.23274691069474
2019-01-08,ULTRA UST BOND,020604,1099647,664807,43181,621626,23479,508958,-485479,56.529595406525914,-44.14862223968237
2019-01-15,ULTRA UST BOND,020604,1136876,692768,39449,653319,24912,547226,-522314,57.466161657032075,-45.94291725746695
2019-01-22,ULTRA UST BOND,020604,1154494,710457,39939,670518,24638,583438,-558800,58.0789506052002,-48.40215713550698
2019-01-29,ULTRA UST BOND,020604,1171109,733090,42864,690226,25099,601494,-576395,58.93781022944918,-49.217878096744194
2019-02-05,ULTRA UST BOND,020604,1181630,735733,47435,688298,28455,593642,-565187,58.2498751724313,-47.83113157248885
2019-02-12,ULTRA UST BOND,020604,1225789,747735,39520,708215,25845,612398,-586553,57.77625676197127,-47.851057563740575
2019-02-19,ULTRA UST BOND,020604,1224649,725729,39668,686061,25016,603159,-578143,56.021031332242956,-47.20887372626769
2019-02-26,ULTRA UST BOND,020604,1199594,697362,42348,655014,26193,615961,-589768,54.602974006205436,-49.16396714221645
2019-03-05,ULTRA UST BOND,020604,1132104,665795,49349,616446,30659,587757,-557098,54.45135782578279,-49.20908326443507
2019-03-12,ULTRA UST BOND,020604,1120527,657123,51162,605961,37760,576301,-538541,54.0782149827715,-48.06140325043484
2019-03-19,ULTRA UST BOND,020604,1117572,663096,47132,615964,35149,577743,-542594,55.116269913705786,-48.55114480319836
2019-03-26,ULTRA UST BOND,020604,1140212,685109,47080,638029,31479,582465,-550986,55.95705009243895,-48.32311885859823
2019-04-02,ULTRA UST BOND,020604,1171236,703230,50038,653192,30123,606429,-576306,55.769460638163444,-49.204942471030606
2019-04-09,ULTRA UST BOND,020604,1158831,702573,52266,650307,29356,600727,-571371,56.11750117143915,-49.30580904376911
2019-04-16,ULTRA UST BOND,020604,1176333,712442,48595,663847,27266,603474,-576208,56.4335949089246,-48.983408609636896
2019-04-23,ULTRA UST BOND,020604,1184696,716749,47120,669629,26447,611550,-585103,56.523276857522944,-49.38845070802974
2019-04-30,ULTRA UST BOND,020604,1198284,728705,36204,692501,20748,623047,-602299,57.791057879434256,-50.26346008124952
2019-05-07,ULTRA UST BOND,020604,1224819,737157,32755,704402,26631,626893,-600262,57.510701581213226,-49.00822080650284
2019-05-14,ULTRA UST BOND,020604,1256482,750376,27358,723018,22216,646064,-623848,57.54304478695278,-49.65037302563825
2019-05-21,ULTRA UST BOND,020604,1264947,749489,33886,715603,20164,644329,-624165,56.571777315571325,-49.34317406183816
2019-05-28,ULTRA UST BOND,020604,1255523,750818,34774,716044,19616,643904,-624288,57.03153187954342,-49.723342384010486
2019-06-04,ULTRA UST BOND,020604,1154524,725824,29009,696815,10777,639537,-628760,60.35517667887372,-54.460539581680415
2019-06-11,ULTRA UST BOND,020604,1159173,720631,20460,700171,22689,637141,-614452,60.40263187634633,-53.00779089920141
2019-06-18,ULTRA UST BOND,020604,1154982,719725,23159,696566,22967,644698,-621731,60.30968447993129,-53.830362724267566
2019-06-25,ULTRA UST BOND,020604,1141914,709685,22966,686719,22757,643200,-620443,60.137541005714965,-54.33360130447652
2019-07-02,ULTRA UST BOND,020604,1150605,707339,26347,680992,21517,653891,-632374,59.18555890162132,-54.96012967091226
2019-07-09,ULTRA UST BOND,020604,1150733,711201,27454,683747,28253,647520,-619267,59.4183881056683,-53.8150031327858
2019-07-16,ULTRA UST BOND,020604,1157911,725789,25424,700365,29089,642751,-613662,60.48521863942911,-52.997337446487684
2019-07-23,ULTRA UST BOND,020604,1156025,711120,30312,680808,29510,633790,-604280,58.89215198633248,-52.2722259466707
2019-07-30,ULTRA UST BOND,020604,1159315,712427,32525,679902,25928,632551,-606623,58.64687336918784,-52.325985603567624
2019-08-06,ULTRA UST BOND,020604,1190602,742498,33580,708918,27076,658064,-630988,59.542819514833674,-52.99739123569421
2019-08-13,ULTRA UST BOND,020604,1224607,744948,25054,719894,28901,683119,-654218,58.78571656049655,-53.42268989153255
2019-08-20,ULTRA UST BOND,020604,1213876,698796,27932,670864,26901,669495,-642594,55.26627101944515,-52.93736757296462
2019-08-27,ULTRA UST BOND,020604,1225117,665711,37828,627883,23796,643616,-619820,51.25086012193121,-50.59271889950103
2019-09-03,ULTRA UST BOND,020604,1170065,661833,45122,616711,30289,643468,-613179,52.7074136906924,-52.405550119010485
2019-09-10,ULTRA UST BOND,020604,1174273,661964,44725,617239,28270,647623,-619353,52.5635009916774,-52.7435272717673
2019-09-17,ULTRA UST BOND,020604,1166967,646098,42260,603838,33337,652212,-618875,51.744222415886654,-53.032776419555994
2019-09-24,ULTRA UST BOND,020604,1138278,643369,46872,596497,34012,640857,-606845,52.403455043495526,-53.31254754989554
2019-10-01,ULTRA UST BOND,020604,1134159,657327,45926,611401,31754,640273,-608519,53.907873587389425,-53.653764595616664
2019-10-08,ULTRA UST BOND,020604,1137223,644678,55946,588732,35750,640401,-604651,51.76926601027239,-53.16907941538291
2019-10-15,ULTRA UST BOND,020604,1149704,648763,63377,585386,34134,645407,-611273,50.916235831135666,-53.167858857584214
2019-10-22,ULTRA UST BOND,020604,1155307,649997,65297,584700,37276,646542,-609266,50.6099244616366,-52.73628567991019
2019-10-29,ULTRA UST BOND,020604,1148157,643445,55482,587963,43788,652802,-609014,51.2092858380866,-53.04274589624938
2019-11-05,ULTRA UST BOND,020604,1166151,658032,71086,586946,59887,655435,-595548,50.33190384435635,-51.069544167093284
2019-11-12,ULTRA UST BOND,020604,1188220,659420,75665,583755,67209,656949,-589740,49.128528386999044,-49.63222298900877
2019-11-19,ULTRA UST BOND,020604,1217654,671424,73731,597693,70100,666689,-596589,49.08561873898497,-48.994952589159155
2019-11-26,ULTRA UST BOND,020604,1243551,684736,78941,605795,72566,685737,-613171,48.714930067202715,-49.308070195753935
2019-12-03,ULTRA UST BOND,020604,1214513,699539,82107,617432,61096,692270,-631174,50.83782553171518,-51.96930786249303
2019-12-10,ULTRA UST BOND,020604,1211414,708923,80768,628155,52400,698287,-645887,51.85304115686297,-53.31678517831229
2019-12-17,ULTRA UST BOND,020604,1224071,708696,92292,616404,56262,698718,-642456,50.35688289323087,-52.4851908100102
2019-12-24,ULTRA UST BOND,020604,1242874,724484,99262,625222,60696,708315,-647619,50.304536099395435,-52.10656912929227
2019-12-31,ULTRA UST BOND,020604,1245241,731318,103867,627451,61293,709807,-648514,50.38791687713463,-52.07939667903643
2020-01-07,ULTRA UST BOND,020604,1236648,736982,112348,624634,42168,693659,-651491,50.51025028949224,-52.68200813812823
2020-01-14,ULTRA UST BOND,020604,1254496,743096,110036,633060,40019,701857,-661838,50.46329362548784,-52.75728260592302
2020-01-21,ULTRA UST BOND,020604,1246676,732976,104295,628681,34730,694849,-660119,50.42857967908262,-52.95032550558445
2020-01-28,ULTRA UST BOND,020604,1222291,691402,104847,586555,48195,663897,-615702,47.98816321154291,-50.372783567906495
2020-02-04,ULTRA UST BOND,020604,1200858,645187,100253,544934,34767,643058,-608291,45.37872088123658,-50.65469855719827
2020-02-11,ULTRA UST BOND,020604,1237142,646051,96695,549356,30549,653312,-622763,44.405250165300345,-50.33884550035485
2020-02-18,ULTRA UST BOND,020604,1271066,649833,88902,560931,26195,661121,-634926,44.130753241767145,-49.95224480868814
2020-02-25,ULTRA UST BOND,020604,1308400,654523,78485,576038,25365,629782,-604417,44.02613879547539,-46.19512381534699
2020-03-03,ULTRA UST BOND,020604,1175514,635671,89162,546509,42954,624162,-581208,46.4910668864854,-49.44288200736018
2020-03-10,ULTRA UST BOND,020604,1139764,642544,86901,555643,38560,547939,-509379,48.750706286564586,-44.691620370532846
2020-03-17,ULTRA UST BOND,020604,1120122,634655,77380,557275,49898,513615,-463717,49.751277093030936,-41.398794059932754
2020-03-24,ULTRA UST BOND,020604,1072040,601051,81688,519363,54489,471899,-417410,48.44623334950188,-38.936047162419314
2020-03-31,ULTRA UST BOND,020604,1051390,591227,98866,492361,69544,463381,-393837,46.82953043114353,-37.458697533741045
2020-04-07,ULTRA UST BOND,020604,1052353,609896,114995,494901,72673,479981,-407308,47.028040971042984,-38.70450314675779
2020-04-14,ULTRA UST BOND,020604,1044592,596700,120884,475816,82781,478068,-395287,45.55041585614288,-37.841281572135344
2020-04-21,ULTRA UST BOND,020604,1043901,594978,117453,477525,84967,498622,-413655,45.74428034842384,-39.625884063718686
2020-04-28,ULTRA UST BOND,020604,1033198,573610,113337,460273,93986,496577,-402591,44.54838278819742,-38.96552258134452
2020-05-05,ULTRA UST BOND,020604,1049059,585283,129808,455475,109937,511795,-401858,43.41748176222691,-38.306520414962364
2020-05-12,ULTRA UST BOND,020604,1088841,590229,139626,450603,101614,495651,-394037,41.38372820274034,-36.188662991198896
2020-05-19,ULTRA UST BOND,020604,1131867,591947,133464,458483,100867,497456,-396589,40.506790992227884,-35.03848066954863
2020-05-26,ULTRA UST BOND,020604,1156516,580621,139690,440931,105337,496803,-391466,38.12580197766395,-33.84873188092512
2020-06-02,ULTRA UST BOND,020604,1057197,578199,141690,436509,90099,461371,-371272,41.28927721134283,-35.11852568631958
2020-06-09,ULTRA UST BOND,020604,1062910,577586,161319,416267,85360,459446,-374086,39.162958293740765,-35.19451317609205
2020-06-16,ULTRA UST BOND,020604,1039266,564320,156056,408264,63812,436115,-372303,39.28387919935801,-35.82364861354071
2020-06-23,ULTRA UST BOND,020604,1027661,560178,135553,424625,53566,433667,-380101,41.319559660238156,-36.98700252320561
2020-06-30,ULTRA UST BOND,020604,1040889,574194,142395,431799,61299,472244,-410945,41.483674051700035,-39.480194333881904
2020-07-07,ULTRA UST BOND,020604,1057183,587123,140935,446188,62941,475915,-412974,42.20537030958689,-39.06362474614139
2020-07-14,ULTRA UST BOND,020604,1041852,576848,129900,446948,53443,477744,-424301,42.89937534313895,-40.72565009233557
2020-07-21,ULTRA UST BOND,020604,1036337,571631,128261,443370,57155,476838,-419683,42.78241537260563,-40.49676890818334
2020-07-28,ULTRA UST BOND,020604,1040799,565105,128954,436151,58025,474184,-416159,41.905401523252806,-39.98456954704991
2020-08-04,ULTRA UST BOND,020604,1038714,555583,135539,420044,58779,464731,-405952,40.43885034764141,-39.08217276362887
2020-08-11,ULTRA UST BOND,020604,1051718,548463,139763,408700,69258,458207,-388949,38.86022679083176,-36.982251896420905
2020-08-18,ULTRA UST BOND,020604,1089590,567511,147064,420447,71863,463960,-392097,38.587633880634,-35.985737754568234
2020-08-25,ULTRA UST BOND,020604,1170929,541337,140147,401190,55831,429496,-373665,34.2625385484517,-31.911840939971594
2020-09-01,ULTRA UST BOND,020604,1018564,551587,158823,392764,42964,420130,-377166,38.560561732007024,-37.02919011471052
2020-09-08,ULTRA UST BOND,020604,997110,538786,158977,379809,47402,406526,-359124,38.090982940698616,-36.0164876493065
2020-09-15,ULTRA UST BOND,020604,1007376,556233,157782,398451,46085,410123,-364038,39.55335445752132,-36.13725163196264
2020-09-22,ULTRA UST BOND,020604,992106,539802,164322,375480,46110,409096,-362986,37.846762341927175,-36.58742110218061
2020-09-29,ULTRA UST BOND,020604,992117,529542,165127,364415,51687,410023,-358336,36.73105087404006,-36.11832072225352
2020-10-06,ULTRA UST BOND,020604,979708,513725,175355,338370,58386,381526,-323140,34.53784188758283,-32.983297064023155
2020-10-13,ULTRA UST BOND,020604,990400,520709,176321,344388,56524,388590,-332066,34.77261712439418,-33.52847334410339
2020-10-20,ULTRA UST BOND,020604,983389,515329,183036,332293,51667,376019,-324352,33.790595583233085,-32.98308197468143
2020-10-27,ULTRA UST BOND,020604,1001329,514221,173996,340225,62785,388415,-325630,33.977344109678235,-32.51978121077089
2020-11-03,ULTRA UST BOND,020604,983196,499792,182493,317299,78606,371593,-292987,32.27220208381645,-29.79944995707875
2020-11-10,ULTRA UST BOND,020604,1011988,512633,184319,328314,87375,363169,-275794,32.44247955509354,-27.252694695984538
2020-11-17,ULTRA UST BOND,020604,1023209,510476,183550,326926,85174,359784,-274610,31.95104812408804,-26.83811420736135
2020-11-24,ULTRA UST BOND,020604,1120410,491139,190697,300442,93638,370677,-277039,26.815362233468104,-24.72657330798547
2020-12-01,ULTRA UST BOND,020604,1036156,509580,191212,318368,74262,349619,-275357,30.725875254305336,-26.574859384108183
2020-12-08,ULTRA UST BOND,020604,1029631,513341,190409,322932,75391,354431,-279040,31.36385753731191,-27.100971124606776
2020-12-15,ULTRA UST BOND,020604,1028000,518914,190551,328363,75921,367195,-291274,31.94192607003891,-28.334046692607004
2020-12-21,ULTRA UST BOND,020604,1020471,526538,187449,339089,69729,373488,-303759,33.22867577814558,-29.766548975914063
2020-12-29,ULTRA UST BOND,020604,1028306,532234,195272,336962,69421,377790,-308369,32.76865057677384,-29.988058029419257
2021-01-05,ULTRA UST BOND,020604,1038915,544762,206693,338069,70748,368541,-297793,32.540583204593254,-28.66384641669434
2021-01-12,ULTRA UST BOND,020604,1060209,554737,212987,341750,74882,374210,-299328,32.234210424548365,-28.232923885762148
2021-01-19,ULTRA UST BOND,020604,1074732,555406,212200,343206,88943,381716,-292773,31.934100780473642,-27.241489040988824
2021-01-26,ULTRA UST BOND,020604,1082808,552623,218319,334304,87978,381712,-293734,30.873802188384275,-27.127062230792532
2021-02-02,ULTRA UST BOND,020604,1093162,566372,239317,327055,88313,375920,-287607,29.918255482718937,-26.309641205969474
2021-02-09,ULTRA UST BOND,020604,1098098,572940,239582,333358,75238,371606,-296368,30.357764061131157,-26.989212256101005
2021-02-16,ULTRA UST BOND,020604,1126312,599166,237355,361811,74462,388653,-314191,32.123514621170685,-27.895556471031117
2021-02-23,ULTRA UST BOND,020604,1188911,597852,249438,348414,68209,377549,-309340,29.305305443384743,-26.0187684359889
2021-03-02,ULTRA UST BOND,020604,1145336,650836,281768,369068,55532,361812,-306280,32.22355710464004,-26.74149769150712
2021-03-09,ULTRA UST BOND,020604,1159844,658409,314502,343907,66687,344057,-277370,29.65114273988571,-23.914422974124108
2021-03-16,ULTRA UST BOND,020604,1172483,654087,303541,350546,66826,366096,-299270,29.897746918292206,-25.524463894146013
2021-03-23,ULTRA UST BOND,020604,1138540,635600,291861,343739,53855,361429,-307574,30.191209795000614,-27.014773306164034
2021-03-30,ULTRA UST BOND,020604,1124389,623030,274524,348506,41722,346273,-304551,30.99514491870696,-27.085910659033484
2021-04-06,ULTRA UST BOND,020604,1135730,642377,279478,362899,36132,343191,-307059,31.952928953184294,-27.036267422714907
2021-04-13,ULTRA UST BOND,020604,1135303,644879,270445,374434,35653,370155,-334502,32.98097512294075,-29.463676216833743
2021-04-20,ULTRA UST BOND,020604,1136646,660037,279071,380966,38820,374940,-336120,33.51667977540941,-29.57121214520616
2021-04-27,ULTRA UST BOND,020604,1135496,660003,279627,380376,46023,358098,-312075,33.498664900624924,-27.483584266258973
2021-05-04,ULTRA UST BOND,020604,1136021,661019,290673,370346,42221,339152,-296931,32.60027763571272,-26.137809072191448
2021-05-11,ULTRA UST BOND,020604,1136567,647162,315971,331191,46361,310280,-263919,29.13959317840479,-23.220716420589373
2021-05-18,ULTRA UST BOND,020604,1151898,663124,320283,342841,50847,326347,-275500,29.76313875013239,-23.917048210865893
2021-05-25,ULTRA UST BOND,020604,1234933,658796,304939,353857,60533,345207,-284674,28.65394316938652,-23.05177689801795
2021-06-01,ULTRA UST BOND,020604,1188834,672785,318148,354637,65421,349349,-283928,29.830657602322947,-23.882897023470054
2021-06-08,ULTRA UST BOND,020604,1202798,694983,318017,376966,68021,367332,-299311,31.340757134614456,-24.88456083232596
2021-06-15,ULTRA UST BOND,020604,1216149,697466,301443,396023,69631,411503,-341872,32.56369079775587,-28.111029158433713
2021-06-22,ULTRA UST BOND,020604,1198560,676060,286941,389119,67881,411455,-343574,32.46554198371379,-28.665565345080765
2021-06-29,ULTRA UST BOND,020604,1192070,643198,287739,355459,80477,415379,-334902,29.818634811714077,-28.094155544556948
2021-07-06,ULTRA UST BOND,020604,1192800,657513,295004,362509,76634,422740,-346106,30.391431924882628,-29.016264252179745
2021-07-13,ULTRA UST BOND,020604,1209185,671673,292084,379589,67570,439391,-371821,31.392136025504783,-30.749719852628008
2021-07-20,ULTRA UST BOND,020604,1224303,683018,289218,393800,73548,447833,-374285,32.1652401407168,-30.571271980874016
2021-07-27,ULTRA UST BOND,020604,1235300,705749,281284,424465,68936,477076,-408140,34.36128875576783,-33.039747429774145
2021-08-03,ULTRA UST BOND,020604,1265818,695540,285242,410298,68239,458660,-390421,32.413664523651896,-30.843375587959724
2021-08-10,ULTRA UST BOND,020604,1273965,687921,288347,399574,89978,474508,-384530,31.36459792851452,-30.183717763046864
2021-08-17,ULTRA UST BOND,020604,1319742,701111,270218,430893,102322,502891,-400569,32.649790640898,-30.3520688134499
2021-08-24,ULTRA UST BOND,020604,1329050,668292,249242,419050,109300,514711,-405411,31.530040254316994,-30.503818516985817
2021-08-31,ULTRA UST BOND,020604,1263470,672874,266570,406304,99005,499378,-400373,32.15778767996074,-31.688366166193102
2021-09-07,ULTRA UST BOND,020604,1255373,676027,272539,403488,98287,502383,-404096,32.14088561726276,-32.18931743792482
2021-09-14,ULTRA UST BOND,020604,1246498,681056,273696,407360,84319,503540,-419221,32.68035728898081,-33.63190313983657
2021-09-21,ULTRA UST BOND,020604,1243050,688912,262681,426231,67203,496213,-429010,34.2891275491734,-34.51269055951088
2021-09-28,ULTRA UST BOND,020604,1244627,685859,271118,414741,67247,479299,-412052,33.32251349199399,-33.106464828418474
2021-10-05,ULTRA UST BOND,020604,1222544,694085,280432,413653,60390,467278,-406888,33.83542841811828,-33.28207410121844
2021-10-12,ULTRA UST BOND,020604,1216808,677601,286410,391191,57412,455343,-397931,32.14895036850514,-32.70285862683349
2021-10-19,ULTRA UST BOND,020604,1216424,667016,285585,381431,77993,473417,-395424,31.35674731836925,-32.5070863448929
2021-10-26,ULTRA UST BOND,020604,1217941,667124,261335,405789,61231,484945,-423714,33.31762376010004,-34.789369928428385
2021-11-02,ULTRA UST BOND,020604,1212962,667119,293011,374108,53090,470995,-417905,30.842516088715062,-34.45326399343096
2021-11-09,ULTRA UST BOND,020604,1244374,680246,280895,399351,49385,501471,-452086,32.09252202312167,-36.33039584562198
2021-11-16,ULTRA UST BOND,020604,1260215,671744,275268,396476,69045,539115,-470070,31.460980864376317,-37.300778041842065
2021-11-23,ULTRA UST BOND,020604,1287835,669982,253207,416775,71066,558181,-487115,32.362453264587465,-37.82433308614846
2021-11-30,ULTRA UST BOND,020604,1242681,673902,268386,405516,60193,562958,-502765,32.63234892945172,-40.4580902097964
2021-12-07,ULTRA UST BOND,020604,1231575,666536,267019,399517,65435,543088,-477653,32.439518502730245,-38.78391490571017
2021-12-14,ULTRA UST BOND,020604,1253979,676391,272723,403668,79896,574213,-494317,32.190969705234295,-39.41987864230581
2021-12-21,ULTRA UST BOND,020604,1254282,678269,274016,404253,81031,571756,-490725,32.22983348242261,-39.12397690471521
2021-12-28,ULTRA UST BOND,020604,1248190,678511,276068,402443,81520,561243,-479723,32.24212659931581,-38.433491695975775
2022-01-04,ULTRA UST BOND,020604,1235006,667961,282589,385372,86045,534866,-448821,31.204058927648934,-36.34160481811424
2022-01-11,ULTRA UST BOND,020604,1245989,674122,262488,411634,86375,554909,-468534,33.03672825362022,-37.60338173129939
2022-01-18,ULTRA UST BOND,020604,1274458,691668,259575,432093,79683,587711,-508028,33.90405960808438,-39.86227870985156
2022-01-25,ULTRA UST BOND,020604,1286055,704529,261198,443331,86992,606738,-519746,34.47216487630778,-40.41397918440502
2022-02-01,ULTRA UST BOND,020604,1285238,706561,269057,437504,86497,591234,-504737,34.040699076746876,-39.27187026838609
2022-02-08,ULTRA UST BOND,020604,1287280,700838,270145,430693,88795,594724,-505929,33.45760052203095,-39.302172021626994
2022-02-15,ULTRA UST BOND,020604,1314670,714831,250396,464435,90165,617303,-527138,35.327116310557024,-40.09660218914252
2022-02-22,ULTRA UST BOND,020604,1345909,702658,245722,456936,92818,624437,-531619,33.94999216143142,-39.49888142511864
2022-03-01,ULTRA UST BOND,020604,1266116,705772,252671,453101,75581,629855,-554274,35.786689371274036,-43.77750537865409
2022-03-08,ULTRA UST BOND,020604,1243697,705696,261985,443711,73785,605691,-531906,35.676776578218,-42.76813403907865
2022-03-15,ULTRA UST BOND,020604,1259073,704413,254960,449453,72013,616160,-544147,35.69713590872015,-43.21806598981949
2022-03-22,ULTRA UST BOND,020604,1264130,706691,245282,461409,70015,629123,-559108,36.50012261397166,-44.228679012443344
2022-03-29,ULTRA UST BOND,020604,1289170,727291,231716,495575,65318,650047,-584729,38.44140028080083,-45.357012651550995
2022-04-05,ULTRA UST BOND,020604,1266859,726348,217565,508783,59144,635537,-576393,40.16098081949136,-45.49780204426854
2022-04-12,ULTRA UST BOND,020604,1265180,711910,203407,508503,57876,649904,-592028,40.19214657202927,-46.79397397998704
2022-04-19,ULTRA UST BOND,020604,1289760,712228,195427,516801,69436,668095,-598659,40.069547822850765,-46.41631001116487
2022-04-26,ULTRA UST BOND,020604,1286820,725144,187355,537789,57421,679123,-621702,41.792092134098006,-48.313050776332354
2022-05-03,ULTRA UST BOND,020604,1277130,727140,200111,527029,54524,644595,-590071,41.26666823267796,-46.20289242285437
2022-05-10,ULTRA UST BOND,020604,1265018,724817,201886,522931,57373,639763,-582390,41.33783076604443,-46.03808009055997
2022-05-17,ULTRA UST BOND,020604,1302810,718195,189634,528561,57974,652803,-594829,40.57084302392521,-45.65738672561617
2022-05-24,ULTRA UST BOND,020604,1389238,751994,185703,566291,71711,681679,-609968,40.76270588624843,-43.9066596220374
2022-05-31,ULTRA UST BOND,020604,1288891,728091,194500,533591,68157,634333,-566176,41.3992339150479,-43.927376325849124
2022-06-07,ULTRA UST BOND,020604,1278824,723726,193360,530366,63600,638375,-574775,41.47294702007469,-44.94559063639719
2022-06-14,ULTRA UST BOND,020604,1297505,745220,200033,545187,59527,656825,-597298,42.01810397647793,-46.03435054200177
2022-06-21,ULTRA UST BOND,020604,1280854,758342,206141,552201,46177,656339,-610162,43.11193937794628,-47.63712335676041
2022-06-28,ULTRA UST BOND,020604,1285060,781157,206744,574413,33365,656704,-623339,44.69931365072448,-48.50660669540722
2022-07-05,ULTRA UST BOND,020604,1280398,760939,194327,566612,33554,640527,-606973,44.25280264417783,-47.405025624844775
2022-07-12,ULTRA UST BOND,020604,1289636,773565,188445,585120,33388,631274,-597886,45.370941878173376,-46.360833599558326
2022-07-19,ULTRA UST BOND,020604,1313257,791180,186486,604694,32462,655580,-623118,46.04536659618034,-47.448290776291316
2022-07-26,ULTRA UST BOND,020604,1328210,807642,198278,609364,34100,669243,-635143,45.878588476219875,-47.819471318541495
2022-08-02,ULTRA UST BOND,020604,1317607,792542,200741,591801,32638,656667,-624029,44.91483424116599,-47.36078360239434
2022-08-09,ULTRA UST BOND,020604,1345324,811978,201029,610949,39716,671854,-632138,45.41277788844918,-46.98778881518504
2022-08-16,ULTRA UST BOND,020604,1374345,823896,196902,626994,38288,695252,-656964,45.6212959628041,-47.80197112078845
2022-08-23,ULTRA UST BOND,020604,1386568,816175,199278,616897,49374,714793,-665419,44.4909301238742,-47.99036181420601
2022-08-30,ULTRA UST BOND,020604,1386514,822855,205635,617220,60592,710385,-649793,44.51595872814843,-46.86523179715459
2022-09-06,ULTRA UST BOND,020604,1360400,809133,211059,598074,49408,688491,-639083,43.963099088503384,-46.97758012349309
2022-09-13,ULTRA UST BOND,020604,1376937,829753,218898,610855,53169,708446,-655277,44.36332235970128,-47.589468508726256
2022-09-20,ULTRA UST BOND,020604,1384980,855281,224644,630637,46244,727116,-680872,45.53401493162356,-49.161143121200304
2022-09-27,ULTRA UST BOND,020604,1416041,868950,213485,655465,47021,763367,-716346,46.28856085381709,-50.587942015803215
2022-10-04,ULTRA UST BOND,020604,1403272,845178,223786,621392,47911,740531,-692620,44.28165031440804,-49.357501610521695
2022-10-11,ULTRA UST BOND,020604,1429371,845730,223652,622078,58223,733160,-674937,43.521101239636174,-47.21916143534464
2022-10-18,ULTRA UST BOND,020604,1433492,854167,217881,636286,65464,748831,-683367,44.38713295923521,-47.67149031874611
2022-10-25,ULTRA UST BOND,020604,1453032,860274,221724,638550,69717,753552,-683835,43.9460383529062,-47.06262491122013
2022-11-01,ULTRA UST BOND,020604,1450942,856686,244347,612339,71924,754706,-682782,42.20285855671695,-47.057842422371124
2022-11-08,ULTRA UST BOND,020604,1465400,857895,257516,600379,78830,731091,-652261,40.97031527228061,-44.510782039033714
2022-11-15,ULTRA UST BOND,020604,1494015,876156,263999,612157,79682,734871,-655189,40.973952738091654,-43.85424510463416
2022-11-22,ULTRA UST BOND,020604,1557182,861534,253979,607555,66689,735639,-668950,39.01631280094427,-42.95901185603224
2022-11-29,ULTRA UST BOND,020604,1479212,873250,267209,606041,57352,730765,-673413,40.970530255298094,-45.525117427387016
2022-12-06,ULTRA UST BOND,020604,1424700,871577,277450,594127,52170,691680,-639510,41.701902154839615,-44.88734470414824
2022-12-13,ULTRA UST BOND,020604,1426930,887980,272111,615869,54213,701928,-647715,43.16042132410139,-45.39220564428528
2022-12-20,ULTRA UST BOND,020604,1414335,883040,258850,624190,51031,692528,-641497,44.13310849268384,-45.35679312185585
2022-12-27,ULTRA UST BOND,020604,1412482,879413,248904,630509,52415,697079,-644664,44.63837415273257,-45.640510817129
2023-01-03,ULTRA UST BOND,020604,1416621,872685,272968,599717,55436,678892,-623456,42.33432936544072,-44.01007750132181
2023-01-10,ULTRA UST BOND,020604,1405366,868222,273286,594936,69608,678188,-608580,42.33317157238755,-43.304021870459366
2023-01-17,ULTRA UST BOND,020604,1424847,880085,268202,611883,71617,698884,-627267,42.94376869937614,-44.023463571878246
2023-01-24,ULTRA UST BOND,020604,1426484,861677,265634,596043,67125,690860,-623735,41.78406487559622,-43.72534146895443
2023-01-31,ULTRA UST BOND,020604,1448157,882814,269895,612919,64716,683039,-618323,42.32407121603528,-42.69723517546785
2023-02-07,ULTRA UST BOND,020604,1460041,888559,257672,630887,67663,699088,-631425,43.21022491834133,-43.24707319862935
2023-02-14,ULTRA UST BOND,020604,1478895,906396,248778,657618,56607,714673,-658066,44.466848559228346,-44.49714144682347
2023-02-21,ULTRA UST BOND,020604,1502191,897358,242827,654531,57030,702001,-644971,43.57175618812787,-42.9353524285527
2023-02-28,ULTRA UST BOND,020604,1475411,903752,248304,655448,61002,691763,-630761,44.42477384267841,-42.75154516266993
2023-03-07,ULTRA UST BOND,020604,1468489,870828,248172,622656,89904,694744,-604840,42.40113477186414,-41.18791492479685
2023-03-14,ULTRA UST BOND,020604,1446415,881192,238351,642841,75027,710319,-635292,44.44374539810497,-43.92183432832209
2023-03-21,ULTRA UST BOND,020604,1427384,877482,223782,653700,65441,710452,-645011,45.797066521692834,-45.188330540345135
2023-03-28,ULTRA UST BOND,020604,1415850,857418,223376,634042,54959,693186,-638227,44.781721227531165,-45.077303386658194
2023-04-04,ULTRA UST BOND,020604,1409153,873455,241415,632040,47559,669207,-621648,44.852475210285895,-44.115010932098926
2023-04-11,ULTRA UST BOND,020604,1413025,888032,249368,638664,42862,677026,-634164,45.19835105535996,-44.87988535234692
2023-04-18,ULTRA UST BOND,020604,1425810,880430,254755,625675,49253,680115,-630862,43.88207404913698,-44.245867261416315
2023-04-25,ULTRA UST BOND,020604,1427657,880181,253282,626899,49272,681909,-632637,43.911037455075,-44.312954722317755
2023-05-02,ULTRA UST BOND,020604,1450044,886265,259718,626547,66176,678200,-612024,43.208826766636044,-42.207270951778014
2023-05-09,ULTRA UST BOND,020604,1462750,875940,260110,615830,66487,680756,-614269,42.10083746368142,-41.99412066313451
2023-05-16,ULTRA UST BOND,020604,1487787,873580,270150,603430,70525,697003,-626478,40.558897207732024,-42.10804369173813
2023-05-23,ULTRA UST BOND,020604,1537156,848862,271502,577360,83072,694814,-611742,37.56027364821788,-39.79700173567289
2023-05-30,ULTRA UST BOND,020604,1468209,841020,262217,578803,92635,688367,-595732,39.4223846877386,-40.57542216401071
2023-06-06,ULTRA UST BOND,020604,1463065,850259,264261,585998,96000,684796,-588796,40.05276593999583,-40.24400829764911
2023-06-13,ULTRA UST BOND,020604,1461435,846299,271512,574787,99204,677626,-578422,39.33031575129924,-39.579043884948696
2023-06-20,ULTRA UST BOND,020604,1472217,858292,274109,584183,96522,690954,-594432,39.68049547043676,-40.37665643040394
2023-06-27,ULTRA UST BOND,020604,1484220,863064,271747,591317,93913,696012,-602099,39.84025279271267,-40.56669496435838
2023-07-03,ULTRA UST BOND,020604,1521884,893707,272641,621066,90385,715589,-625204,40.809023552386385,-41.08092338180834
2023-07-11,ULTRA UST BOND,020604,1527377,893743,277842,615901,86721,714718,-627997,40.32409811068256,-41.11604404151693
2023-07-18,ULTRA UST BOND,020604,1513744,894814,272672,622142,73208,712818,-639610,41.099551839676984,-42.25351182234248
2023-07-25,ULTRA UST BOND,020604,1506536,900882,271882,629000,68751,726235,-657484,41.75140852923528,-43.64210347446062
2023-08-01,ULTRA UST BOND,020604,1542752,918524,295725,622799,76211,737040,-660829,40.36935294849723,-42.83442834622804
2023-08-08,ULTRA UST BOND,020604,1560449,927466,324447,603019,83960,719835,-635875,38.64394158348014,-40.74948940977885
2023-08-15,ULTRA UST BOND,020604,1622461,930803,303066,627737,78143,735228,-657085,38.690421526310956,-40.4992785650934
2023-08-22,ULTRA UST BOND,020604,1665268,922469,279038,643431,74435,745353,-670918,38.63828524898094,-40.28889043685461
2023-08-29,ULTRA UST BOND,020604,1550263,908859,265836,643023,77792,719898,-642106,41.47831690493807,-41.41916565124756
2023-09-05,ULTRA UST BOND,020604,1548219,915136,271492,643644,88971,702358,-613387,41.57318828925365,-39.618878207798765
2023-09-12,ULTRA UST BOND,020604,1545926,910264,270837,639427,90981,709540,-618559,41.36207037076807,-40.012199807752765
2023-09-19,ULTRA UST BOND,020604,1546538,922014,289039,632975,88381,723383,-635002,40.92851258746956,-41.059579525365685
2023-09-26,ULTRA UST BOND,020604,1540433,912575,294566,618009,90535,715778,-625243,40.119174284113626,-40.588782504659406
2023-10-03,ULTRA UST BOND,020604,1562984,935913,329950,605963,91548,716564,-625016,38.76962272166573,-39.988637119765784
2023-10-10,ULTRA UST BOND,020604,1550334,930227,309980,620247,92265,726563,-634298,40.007314552864095,-40.91363538437524
2023-10-17,ULTRA UST BOND,020604,1554266,928327,310969,617358,92506,732982,-640476,39.72022806906926,-41.20761825839335
2023-10-24,ULTRA UST BOND,020604,1554351,917153,287014,630139,93257,734196,-640939,40.540328407161574,-41.235152163185795
2023-10-31,ULTRA UST BOND,020604,1560619,920607,314921,605686,92113,725992,-633879,38.810625783743504,-40.61715255292932
2023-11-07,ULTRA UST BOND,020604,1572983,929021,314321,614700,100459,708683,-608224,39.07861686998525,-38.66691502705369
2023-11-14,ULTRA UST BOND,020604,1584880,935736,276203,659533,94504,723971,-629467,41.61406541820201,-39.717013275453034
2023-11-21,ULTRA UST BOND,020604,1651168,935303,266923,668380,98289,735209,-636920,40.47922440357371,-38.57390647105564
2023-11-28,ULTRA UST BOND,020604,1600509,934223,265233,668990,97854,698614,-600760,41.79857782742865,-37.535559000293034
2023-12-05,ULTRA UST BOND,020604,1583683,955790,283485,672305,93011,712955,-619944,42.45199323349433,-39.14571287309392
2023-12-12,ULTRA UST BOND,020604,1580128,961935,281156,680779,92627,704122,-611495,43.083788148808196,-38.69908007452561
2023-12-19,ULTRA UST BOND,020604,1622859,1000477,292831,707646,99086,735175,-636089,43.60489728312811,-39.195580145903
2023-12-26,ULTRA UST BOND,020604,1623045,1005999,289562,716437,95808,736359,-640551,44.14153643306255,-39.46600371523895
2024-01-02,ULTRA UST BOND,020604,1665202,1049754,298841,750913,94369,757616,-663247,45.09440896659985,-39.829822447967274
2024-01-09,ULTRA UST BOND,020604,1678240,1053950,297466,756484,96625,762082,-665457,45.07603203355897,-39.65207598436457
2024-01-16,ULTRA UST BOND,020604,1679268,1041062,308333,732729,100908,758070,-657162,43.63383331308641,-39.13383688607179
2024-01-23,ULTRA UST BOND,020604,1661311,1036317,308261,728056,91723,756122,-664399,43.824184634905805,-39.99245174443557
2024-01-30,ULTRA UST BOND,020604,1647128,1032980,300036,732944,91832,761778,-669946,44.49830249986643,-40.67358456659106
2024-02-06,ULTRA UST BOND,020604,1651191,1026581,307268,719313,95165,767050,-671885,43.56328250335667,-40.690931576056315
2024-02-13,ULTRA UST BOND,020604,1673295,1017831,306152,711679,112696,779444,-666748,42.531591859176054,-39.84641082415234
2024-02-20,ULTRA UST BOND,020604,1688332,1013317,300029,713288,112952,764954,-652002,42.248088646071984,-38.61811539436556
2024-02-27,ULTRA UST BOND,020604,1660740,970522,288600,681922,113132,726224,-613092,41.061334104074085,-36.91679612702771
2024-03-05,ULTRA UST BOND,020604,1603112,967819,298128,669691,104340,688154,-583814,41.77443622154909,-36.417542879100154
2024-03-12,ULTRA UST BOND,020604,1588497,965784,310877,654907,98187,680258,-582071,41.22809171185089,-36.64287688299065
2024-03-19,ULTRA UST BOND,020604,1583428,958934,315291,643643,100160,678958,-578798,40.64870647733904,-36.55347764470503
2024-03-26,ULTRA UST BOND,020604,1582045,954904,327608,627296,100109,655953,-555844,39.65095809537655,-35.13452525054597
2024-04-02,ULTRA UST BOND,020604,1589631,964524,330160,634364,108063,662143,-554080,39.9063682074645,-34.855887938773215
2024-04-09,ULTRA UST BOND,020604,1602726,965771,342163,623608,110678,646271,-535593,38.909208436126946,-33.41762721762797
2024-04-16,ULTRA UST BOND,020604,1608471,1020144,324781,695363,54798,647334,-592536,43.23130476085674,-36.83846336054551
2024-04-23,ULTRA UST BOND,020604,1618734,1036941,315353,721588,59210,662087,-602877,44.577305474525154,-37.24373491876985
2024-04-30,ULTRA UST BOND,020604,1639531,1052934,325195,727739,57402,672232,-614830,44.3870228742244,-37.50035833418215
2024-05-07,ULTRA UST BOND,020604,1643488,1047206,315582,731624,61213,698662,-637449,44.51654043108316,-38.78634952004517
2024-05-14,ULTRA UST BOND,020604,1657043,1080128,304897,775231,60160,732193,-672033,46.78400017380358,-40.55615937546582
2024-05-21,ULTRA UST BOND,020604,1714524,1093906,322713,771193,64322,759745,-695423,44.9800061124837,-40.56070372884836
2024-05-28,ULTRA UST BOND,020604,1848862,1085827,334444,751383,63577,727726,-664149,40.640296571620816,-35.92204285663289
2024-06-04,ULTRA UST BOND,020604,1716588,1074944,349972,724972,62566,710330,-647764,42.233313992641214,-37.73555448366177
2024-06-11,ULTRA UST BOND,020604,1712214,1076995,329388,747607,64716,723618,-658902,43.66317528066001,-38.48245604813417
2024-06-18,ULTRA UST BOND,020604,1688917,1092856,326471,766385,60167,747977,-687810,45.37730391724401,-40.72491424978255
2024-06-25,ULTRA UST BOND,020604,1687661,1085504,323846,761658,60158,760009,-699851,45.1309830588015,-41.4686954311322
2024-07-02,ULTRA UST BOND,020604,1665723,1071523,317070,754453,57144,752217,-695073,45.292824797400286,-41.72800639722211
2024-07-09,ULTRA UST BOND,020604,1662493,1069843,319165,750678,57732,750446,-692714,45.15375403084404,-41.66718295956735
2024-07-16,ULTRA UST BOND,020604,1686411,1090463,325580,764883,58695,766032,-707337,45.355669525400394,-41.94333409827142
2024-07-23,ULTRA UST BOND,020604,1659463,1084172,334058,750114,53677,754279,-700602,45.20221300505043,-42.21859722090821
2024-07-30,ULTRA UST BOND,020604,1643960,1082472,318203,764269,56199,767946,-711747,46.489513126840066,-43.29466653689871
2024-08-06,ULTRA UST BOND,020604,1672271,1099117,323894,775223,74361,764164,-689803,46.35749827629613,-41.249474516989174
2024-08-13,ULTRA UST BOND,020604,1699573,1086808,324965,761843,70197,759499,-689302,44.825553241902526,-40.55736352601507
2024-08-20,ULTRA UST BOND,020604,1688695,1062102,331188,730914,64285,728827,-664542,43.28277160766154,-39.35239933795031
2024-08-27,ULTRA UST BOND,020604,1815972,1090180,333134,757046,60266,696546,-636280,41.68819783564945,-35.03798516717218
2024-09-03,ULTRA UST BOND,020604,1684223,1072325,326842,745483,63637,707404,-643767,44.26272530419072,-38.223382533073114
2024-09-10,ULTRA UST BOND,020604,1704514,1085388,345989,739399,66384,727344,-660960,43.37887515150946,-38.77703556556297
2024-09-17,ULTRA UST BOND,020604,1725149,1083541,350135,733406,70042,739373,-669331,42.51261775069864,-38.79844581540493
2024-09-24,ULTRA UST BOND,020604,1710877,1081574,363767,717807,71213,724014,-652801,41.95550001548913,-38.15592821693202
2024-10-01,ULTRA UST BOND,020604,1716913,1095483,358087,737396,69002,721917,-652915,42.94894383116675,-38.02842660053247
2024-10-08,ULTRA UST BOND,020604,1706249,1084426,368092,716334,65049,735888,-670839,41.982969660348516,-39.31659447126416
2024-10-15,ULTRA UST BOND,020604,1727303,1100098,341179,758919,71381,771640,-700259,43.93664574194568,-40.540599998957916
2024-10-22,ULTRA UST BOND,020604,1754903,1115298,343409,771889,68270,770994,-702724,43.984710266037496,-40.04346678990235
2024-10-29,ULTRA UST BOND,020604,1780084,1112859,385228,727631,59508,730508,-671000,40.87621707739635,-37.69485035537649
2024-11-05,ULTRA UST BOND,020604,1787010,1116126,404394,711732,66473,699891,-633418,39.82809273591082,-35.44568860834578
2024-11-12,ULTRA UST BOND,020604,1800290,1117149,433667,683482,71696,673647,-601951,37.965105621872034,-33.43633525709747
2024-11-19,ULTRA UST BOND,020604,1826850,1089707,428737,660970,76732,652434,-575702,36.18085776062622,-31.51337000848455
2024-11-26,ULTRA UST BOND,020604,1923184,1103449,434017,669432,77639,638387,-560748,34.808525861280046,-29.157272523065917
2024-12-03,ULTRA UST BOND,020604,1775818,1107492,438455,669037,69610,609030,-539420,37.67486307718471,-30.37586058931715
2024-12-10,ULTRA UST BOND,020604,1790606,1117603,445343,672260,73898,597629,-523731,37.543714250929575,-29.24881297169785
2024-12-17,ULTRA UST BOND,020604,1793456,1109673,449897,659776,77523,591619,-514096,36.787966919734856,-28.665102461392976
2024-12-24,ULTRA UST BOND,020604,1794310,1126246,446877,679369,73450,571846,-498396,37.86240950560383,-27.776471178335964
2024-12-31,ULTRA UST BOND,020604,1765961,1128779,430454,698325,77092,606928,-529836,39.54362525559738,-30.00270107890265
2025-01-07,ULTRA UST BOND,020604,1774157,1119325,423808,695517,85081,602882,-517801,39.20267484782914,-29.185748499146356
2025-01-14,ULTRA UST BOND,020604,1800338,1127373,444638,682735,94807,621456,-526649,37.92260120044125,-29.2527847548627
2025-01-21,ULTRA UST BOND,020604,1793292,1114506,428062,686444,92415,617518,-525103,38.27842872214899,-29.281511321078774
2025-01-28,ULTRA UST BOND,020604,1779260,1096801,407769,689032,89035,635715,-546680,38.725762395602665,-30.725132920427594
2025-02-04,ULTRA UST BOND,020604,1792241,1107393,416604,690789,99552,638999,-539447,38.54330974461582,-30.099021281178146
2025-02-11,ULTRA UST BOND,020604,1795517,1102707,418101,684606,108210,650756,-542546,38.128628133289745,-30.21670081653362
2025-02-18,ULTRA UST BOND,020604,1804063,1094340,399733,694607,100399,648044,-547645,38.502369374018535,-30.356201529547473
2025-02-25,ULTRA UST BOND,020604,1965573,1093290,400512,692778,112579,622109,-509530,35.24560013797503,-25.922720753693707
2025-03-04,ULTRA UST BOND,020604,1761178,1091250,402313,688937,94241,608862,-514621,39.117965361820325,-29.220271886203438
2025-03-11,ULTRA UST BOND,020604,1762376,1091388,411666,679722,91612,621252,-529640,38.56850070586526,-30.052610793610445
2025-03-18,ULTRA UST BOND,020604,1782050,1103140,405153,697987,94897,625751,-530854,39.167644005499284,-29.788950927302825
2025-03-25,ULTRA UST BOND,020604,1782847,1094347,421189,673158,94978,607414,-512436,37.75747442152916,-28.742567365567545
2025-04-01,ULTRA UST BOND,020604,1814673,1140595,403777,736818,99357,635733,-536376,40.603348371855425,-29.55772196974331
2025-04-08,ULTRA UST BOND,020604,1830601,1172873,451505,721368,78468,626661,-548193,39.40607483553216,-29.946066892785485
2025-04-15,ULTRA UST BOND,020604,1835740,1172174,497402,674772,78790,621231,-542441,36.757492891150164,-29.54890126052709
2025-04-22,ULTRA UST BOND,020604,1879123,1216698,501462,715236,83489,640205,-556716,38.06222370754868,-29.626373579590055
2025-04-29,ULTRA UST BOND,020604,1879878,1229788,510575,719213,84059,647259,-563200,38.258493370314454,-29.9593909817552
2025-05-06,ULTRA UST BOND,020604,1888759,1226175,508200,717975,90861,656424,-565563,38.0130551330265,-29.94362965312144
2025-05-13,ULTRA UST BOND,020604,1901635,1226390,511921,714469,92570,670411,-577841,37.571300486160595,-30.386535796827467
2025-05-20,ULTRA UST BOND,020604,1973434,1243138,517031,726107,77123,681698,-604575,36.79408584224251,-30.63568378775272
2025-05-27,ULTRA UST BOND,020604,2023663,1214525,611667,602858,76851,618188,-541337,29.79043447451478,-26.750353196159637
2025-06-03,ULTRA UST BOND,020604,1904718,1198695,548030,650665,83172,583711,-500539,34.16069990413279,-26.27890322871942
2025-06-10,ULTRA UST BOND,020604,1901005,1202224,540641,661583,87060,569298,-482238,34.801749600869016,-25.367529280564753
2025-06-17,ULTRA UST BOND,020604,1897838,1197623,533777,663846,83594,553215,-469621,34.97906565260048,-24.745052001277244
2025-06-24,ULTRA UST BOND,020604,1892372,1183113,527513,655600,87495,572690,-485195,34.644351110669575,-25.63951485225949
2025-07-01,ULTRA UST BOND,020604,1942744,1257868,606641,651227,90308,592239,-501931,33.520988869351804,-25.836188401559856
2025-07-08,ULTRA UST BOND,020604,1961029,1276761,608499,668262,98965,621838,-522873,34.07710951750331,-26.66319569980862
2025-07-15,ULTRA UST BOND,020604,1963228,1259125,612479,646646,98743,621251,-522508,32.93789615877524,-26.614738583598033
2025-07-22,ULTRA UST BOND,020604,1949070,1233355,607861,625494,98696,611798,-513102,32.09192076220967,-26.325478305037787
2025-07-29,ULTRA UST BOND,020604,1956480,1239560,598579,640981,98943,613070,-514127,32.76195003271181,-26.278162823029113
2025-08-05,ULTRA UST BOND,020604,1986670,1281097,598292,682805,75668,635098,-559430,34.36932152798401,-28.159180940971577
2025-08-12,ULTRA UST BOND,020604,2018615,1282516,582263,700253,79164,657209,-578045,34.689774919932724,-28.63572300810209
2025-08-19,ULTRA UST BOND,020604,2023487,1282281,520563,761718,69584,685965,-616381,37.6438296860815,-30.46132740165862
2025-08-26,ULTRA UST BOND,020604,2217748,1268520,521128,747392,77476,702617,-625141,33.70049257174395,-28.18809891836223
2025-09-02,ULTRA UST BOND,020604,1998216,1268298,537129,731169,73329,713900,-640571,36.59108925161244,-32.0571449733162
2025-09-09,ULTRA UST BOND,020604,2032345,1306482,515296,791186,102334,745892,-643558,38.92970927672221,-31.665785090621917
2025-09-16,ULTRA UST BOND,020604,2025806,1337742,522938,814804,89318,751115,-661797,40.2212255270248,-32.668330531156485
2025-09-23,ULTRA UST BOND,020604,2025359,1337469,529132,808337,83035,745766,-662731,39.91080099873652,-32.72165576571857
2025-09-30,ULTRA UST BOND,020604,2050150,1353947,550852,803095,82106,723623,-641517,39.17249957320196,-31.29122259346877
2025-10-07,ULTRA UST BOND,020604,2054308,1345830,565514,780316,91737,728525,-636788,37.98437235312329,-30.99768875942653
2025-10-14,ULTRA UST BOND,020604,2064639,1374502,556463,818039,81009,729185,-648176,39.62140596976033,-31.394156557151152
2025-10-21,ULTRA UST BOND,020604,2090803,1398963,529368,869595,79403,746539,-667136,41.591436400273004,-31.908123338258076
2025-10-28,ULTRA UST BOND,020604,2117808,1422276,538974,883302,81517,759211,-677694,41.70831350150722,-31.999784683030757
2025-11-04,ULTRA UST BOND,020604,2146013,1419508,515925,903583,76245,767303,-691058,42.10519693962711,-32.20194845045207
2025-11-10,ULTRA UST BOND,020604,2172336,1389937,469269,920668,80607,767829,-687222,42.381473215929766,-31.635161411494355
2025-11-18,ULTRA UST BOND,020604,2239209,1382098,467350,914748,79778,756765,-676987,40.8513899327843,-30.23331006618855
2025-11-25,ULTRA UST BOND,020604,2304581,1361000,469634,891366,85094,765090,-679996,38.67800697827501,-29.506274676394536
2025-12-02,ULTRA UST BOND,020604,2169497,1350928,459769,891159,81206,751894,-670688,41.07675650162226,-30.914446989325175
2025-12-09,ULTRA UST BOND,020604,2125279,1328014,450727,877287,82442,729132,-646690,41.27867447050481,-30.428475508392076
2025-12-16,ULTRA UST BOND,020604,2116562,1336638,442360,894278,87451,736749,-649298,42.25144361469213,-30.677013005052533
2025-12-23,ULTRA UST BOND,020604,2101476,1331567,445791,885776,103298,716451,-613153,42.15018396593632,-29.177254463053586
2025-12-30,ULTRA UST BOND,020604,2089356,1333675,449125,884550,103527,719565,-616038,42.33601167058175,-29.484587595412176
2026-01-06,ULTRA UST BOND,020604,2092735,1327030,457197,869833,100269,689268,-588999,41.56441212098044,-28.144939516947918
2026-01-13,ULTRA UST BOND,020604,2107842,1359770,439015,920755,83857,705003,-621146,43.682353800711816,-29.468337759661303
2026-01-20,ULTRA UST BOND,020604,2150557,1413434,440153,973281,75410,740033,-664623,45.25715895928357,-30.904691203255716
2026-01-27,ULTRA UST BOND,020604,2165239,1433044,405406,1027638,70461,765307,-694846,47.460719116919655,-32.090960859286206
2026-02-03,ULTRA UST BOND,020604,2188411,1452468,416185,1036283,71611,778086,-706475,47.353216557584474,-32.28255569908943
2026-02-10,ULTRA UST BOND,020604,2196374,1470580,396751,1073829,78467,818081,-739614,48.890990332247604,-33.67431958309468
2026-02-17,ULTRA UST BOND,020604,2256084,1495698,407096,1088602,75423,840362,-764939,48.251838140778446,-33.905608124520185
2026-02-24,ULTRA UST BOND,020604,2541774,1486037,377590,1108447,73170,842727,-769557,43.60918791363827,-30.276373902636504
2026-03-03,ULTRA UST BOND,020604,2227907,1497470,413002,1084468,72469,814936,-742467,48.67653811402361,-33.325762700148616
2026-03-10,ULTRA UST BOND,020604,2281019,1529192,403738,1125454,64160,905206,-841046,49.33996604149286,-36.87150348155802
2026-03-17,ULTRA UST BOND,020604,2232309,1539770,407037,1132733,68409,904587,-836178,50.74266152221758,-37.4579863271617
2026-03-24,ULTRA UST BOND,020604,2223075,1529048,410018,1119030,68521,900663,-832142,50.3370331635235,-37.43202546022964
2026-03-31,ULTRA UST BOND,020604,2230822,1535634,404583,1131051,54981,902306,-847325,50.70108686394522,-37.98263599695538
2026-04-07,ULTRA UST BOND,020604,2261977,1572275,402178,1170097,54994,916589,-861595,51.728952151149194,-38.09035193549713
2026-04-14,ULTRA UST BOND,020604,2279418,1589875,394304,1195571,54276,951628,-897352,52.45071329611331,-39.36759295574572
2026-04-21,ULTRA UST BOND,020604,2274864,1588593,403033,1185560,69584,962936,-893352,52.11564295711744,-39.27056738336885
2026-04-28,ULTRA UST BOND,020604,2310976,1591017,425661,1165356,76253,959530,-883277,50.42700573264283,-38.22095080173918
2026-05-05,ULTRA UST BOND,020604,2300078,1573500,435287,1138213,82080,957663,-875583,49.48584352356746,-38.067535100983534
2026-05-12,ULTRA UST BOND,020604,2354986,1601513,456146,1145367,77037,950266,-873229,48.63583053147662,-37.08000811894423
2026-05-19,ULTRA UST BOND,020604,2534806,1602662,523293,1079369,75517,961580,-886063,42.581917511636,-34.9558506647057
2026-05-26,ULTRA UST BOND,020604,2533780,1597085,530827,1066258,83709,954722,-871013,42.08171190868978,-34.376031068206395
2026-06-02,ULTRA UST BOND,020604,2354254,1604194,522324,1081870,77882,987279,-909397,45.95383505772954,-38.627820107770866
2026-06-09,ULTRA UST BOND,020604,2399575,1664652,525402,1139250,67230,1002388,-935158,47.477157413291934,-38.97181792609108
2026-06-16,ULTRA UST BOND,020604,2472776,1693822,530741,1163081,81184,1019958,-938774,47.03543709579841,-37.96437687845563
2026-06-23,ULTRA UST BOND,020604,2479290,1717236,562154,1155082,69911,995461,-925550,46.58922514106861,-37.33125209233289
2026-06-30,ULTRA UST BOND,020604,2456625,1670677,544142,1126535,87866,997768,-909902,45.857019284587594,-37.03870147051341
2026-07-07,ULTRA UST BOND,020604,2436549,1685036,545815,1139221,62296,982944,-920648,46.75551363834669,-37.78491628939127
2026-07-14,ULTRA UST BOND,020604,2457402,1676263,569018,1107245,69506,979958,-910452,45.05754451245665,-37.04937165347794
2026-07-21,ULTRA UST BOND,020604,2446567,1673296,560074,1113222,62668,961833,-899165,45.50139031549105,-36.75211020176435
2026-07-28,ULTRA UST BOND,020604,2462300,1699551,567764,1131787,74405,937043,-862638,45.96462656865532,-35.03383015879462
2026-08-04,ULTRA UST BOND,020604,2436891,1637445,576611,1060834,87654,937344,-849690,43.53227124233295,-34.86778850592825
2026-08-11,ULTRA UST BOND,020604,2416703,1647210,566801,1080409,82626,936023,-853397,44.70590718015412,-35.3124484059481
2026-08-18,ULTRA UST BOND,020604,2493394,1624713,555868,1068845,92327,953684,-861357,42.86707195092312,-34.54556319618961
2026-08-25,ULTRA UST BOND,020604,2968853,1603656,544403,1059253,105446,954434,-848988,35.67886318386259,-28.596498378329947
2026-09-01,ULTRA UST BOND,020604,2398572,1565242,544163,1021079,72958,951447,-878489,42.57028765448776,-36.625500506134486
2026-09-08,ULTRA UST BOND,020604,2399505,1577221,552071,1025150,86352,950623,-864271,42.72339503355901,-36.01872052777552
2026-09-15,ULTRA UST BOND,020604,2470471,1580401,673522,906879,94497,907923,-813426,36.70874906040184,-32.92594812891954
2026-09-22,ULTRA UST BOND,020604,2476197,1595060,662733,932327,100270,924613,-824343,37.65156811029171,-33.2906872918431
2026-09-29,ULTRA UST BOND,020604,2507580,1564688,731476,833212,85388,894258,-808870,33.227733511991644,-32.25699678574562
2016-01-05,UST BOND,020601,491104,222508,117028,105480,46568,58685,-12117,21.478139049977194,-2.467298169023262
2016-01-12,UST BOND,020601,508235,233307,128059,105248,40856,52169,-11313,20.70853050262182,-2.225938788159021
2016-01-19,UST BOND,020601,528461,239617,137995,101622,45213,72147,-26934,19.2298012530726,-5.096686415837687
2016-01-26,UST BOND,020601,534175,241643,138491,103152,43368,63670,-20302,19.310525576824073,-3.8006271353021015
2016-02-02,UST BOND,020601,550487,241580,141783,99797,45484,65044,-19560,18.128856812240798,-3.5532174238447047
2016-02-09,UST BOND,020601,571022,239804,144178,95626,56489,77528,-21039,16.746465109925712,-3.6844464836731334
2016-02-16,UST BOND,020601,568562,243454,138779,104675,55605,72598,-16993,18.410481178833617,-2.988768155451824
2016-02-23,UST BOND,020601,546339,190709,148776,41933,53102,48034,5068,7.675271214392529,0.9276291826137252
2016-03-01,UST BOND,020601,542518,187921,151929,35992,58144,44858,13286,6.634249923504842,2.448951002547381
2016-03-08,UST BOND,020601,525655,180910,153206,27704,65266,42941,22325,5.270376958271109,4.24708221171681
2016-03-15,UST BOND,020601,506384,173177,142466,30711,63049,39629,23420,6.064765079465386,4.624948655565737
2016-03-22,UST BOND,020601,492144,172220,145858,26362,68815,38521,30294,5.356562306967066,6.155515458890081
2016-03-29,UST BOND,020601,504806,167256,147891,19365,76862,47700,29162,3.8361271458738604,5.776872699611336
2016-04-05,UST BOND,020601,517225,177017,154416,22601,71717,53225,18492,4.369665039392914,3.5752332157184976
2016-04-12,UST BOND,020601,529394,179609,158795,20814,83943,57504,26439,3.9316652625454767,4.9942009165196435
2016-04-19,UST BOND,020601,542834,186897,168857,18040,83477,62393,21084,3.323299572244922,3.8840603204662933
2016-04-26,UST BOND,020601,520073,176502,164580,11922,73100,46529,26571,2.2923704941421685,5.109090454609257
2016-05-03,UST BOND,020601,509896,173006,169297,3709,74558,52838,21720,0.7274032351695248,4.259692172521455
2016-05-10,UST BOND,020601,520425,183135,164133,19002,71755,58348,13407,3.6512465773166163,2.576163712350483
2016-05-17,UST BOND,020601,534013,192620,165764,26856,76608,65365,11243,5.029091052090492,2.105379457054416
2016-05-24,UST BOND,020601,538679,177559,150967,26592,79786,62906,16880,4.936520636594335,3.133591619498811
2016-05-31,UST BOND,020601,563250,173925,146734,27191,83276,70528,12748,4.8275188637372395,2.26329338659565
2016-06-07,UST BOND,020601,567518,189735,161617,28118,92805,71600,21205,4.954556507458794,3.73644536384749
2016-06-14,UST BOND,020601,586565,209358,159558,49800,87744,89638,-1894,8.490107660702565,-0.3228968656500132
2016-06-21,UST BOND,020601,584288,214630,158703,55927,93945,79327,14618,9.571820745933513,2.5018484035270276
2016-06-28,UST BOND,020601,553179,199129,159440,39689,83474,73575,9899,7.174711982920537,1.7894750162244049
2016-07-05,UST BOND,020601,566840,213521,166353,47168,84912,80052,4860,8.321219391715475,0.8573847999435467
2016-07-12,UST BOND,020601,589391,238516,167824,70692,88069,84773,3296,11.994075240375235,0.5592212979159845
2016-07-19,UST BOND,020601,588048,229630,165964,63666,77440,81512,-4072,10.826667210839931,-0.6924604794166462
2016-07-26,UST BOND,020601,568150,212260,168160,44100,79889,74542,5347,7.7620346739417405,0.941124702983367
2016-08-02,UST BOND,020601,563228,206624,168225,38399,73105,57388,15717,6.817665314934627,2.790521778036603
2016-08-09,UST BOND,020601,582001,198718,162573,36145,86553,82026,4527,6.2104704287449675,0.7778337150623452
2016-08-16,UST BOND,020601,588203,208644,172036,36608,79547,84351,-4804,6.223701681222299,-0.8167248381936169
2016-08-23,UST BOND,020601,589741,209877,178393,31484,76022,81016,-4994,5.33861474782998,-0.8468124142632104
2016-08-30,UST BOND,020601,582396,182858,164078,18780,80951,75815,5136,3.2246100591350215,0.8818741886963509
2016-09-06,UST BOND,020601,562705,183749,165558,18191,78126,69984,8142,3.2327773877964474,1.446939337663607
2016-09-13,UST BOND,020601,560056,174867,147458,27409,65557,76041,-10484,4.893974888225463,-1.8719556615766995
2016-09-20,UST BOND,020601,560194,175074,154453,20621,60693,81941,-21248,3.681046208991885,-3.7929717205111086
2016-09-27,UST BOND,020601,564271,177983,151193,26790,64466,87814,-23348,4.747718737982281,-4.137728148354248
2016-10-04,UST BOND,020601,569086,188267,145022,43245,66296,104757,-38461,7.599027212055823,-6.7583809828391495
2016-10-11,UST BOND,020601,571432,183192,145372,37820,72669,107451,-34782,6.618460289238264,-6.086813479119125
2016-10-18,UST BOND,020601,554097,189355,134247,55108,56923,111974,-55051,9.945551049725951,-9.935264042216435
2016-10-25,UST BOND,020601,557367,195013,128852,66161,59168,106626,-47458,11.870275778795659,-8.514677044030234
2016-11-01,UST BOND,020601,544660,203117,118921,84196,45536,91843,-46307,15.45845114383285,-8.502001248485293
2016-11-08,UST BOND,020601,545561,215230,129030,86200,40728,95167,-54439,15.800249651276392,-9.978535855752153
2016-11-15,UST BOND,020601,591542,243428,141786,101642,68144,114935,-46791,17.182550013354927,-7.910004699581771
2016-11-22,UST BOND,020601,602091,243379,135566,107813,64155,108002,-43847,17.906429426781003,-7.28245398120882
2016-11-29,UST BOND,020601,578177,263878,126938,136940,38861,115844,-76983,23.68478856820662,-13.314780767827154
2016-12-06,UST BOND,020601,575948,284487,142612,141875,41288,116348,-75060,24.63330022849285,-13.032426538506948
2016-12-13,UST BOND,020601,591367,291795,153579,138216,56872,117290,-60418,23.372288274455627,-10.216667483982029
2016-12-20,UST BOND,020601,592942,275392,146460,128932,63226,119595,-56369,21.744453926353675,-9.506663383602444
2016-12-27,UST BOND,020601,594263,286807,135092,151715,49344,132217,-82873,25.52994212999968,-13.945508974982458
2017-01-03,UST BOND,020601,604589,304412,142352,162060,43191,143894,-100703,26.804986528038057,-16.65643933316683
2017-01-10,UST BOND,020601,621710,317312,146771,170541,42617,140498,-97881,27.430956555307137,-15.743835550336973
2017-01-17,UST BOND,020601,615818,310810,140395,170415,42634,124339,-81705,27.672948825789437,-13.267718709099118
2017-01-24,UST BOND,020601,614355,299132,137514,161618,50968,117182,-66214,26.306939798650617,-10.777807619373164
2017-01-31,UST BOND,020601,614586,298943,140648,158295,48229,106270,-58041,25.75636281984946,-9.443918345032266
2017-02-07,UST BOND,020601,621110,293874,135811,158063,48144,112579,-64435,25.44847128527958,-10.374168826777865
2017-02-14,UST BOND,020601,632327,309967,133677,176290,54637,123983,-69346,27.879562315067997,-10.9667940796455
2017-02-21,UST BOND,020601,642991,288751,144784,143967,62267,116583,-54316,22.39020452852373,-8.447396619859376
2017-02-28,UST BOND,020601,650578,317595,165349,152246,54461,117844,-63383,23.401652069390604,-9.742567378546461
2017-03-07,UST BOND,020601,673380,327499,178758,148741,68590,139927,-71337,22.088716623600344,-10.593869731800766
2017-03-14,UST BOND,020601,646584,292637,174720,117917,72223,135057,-62834,18.236918946339532,-9.717840218749613
2017-03-21,UST BOND,020601,633163,276278,155566,120712,72079,132082,-60003,19.064916932922486,-9.47670663004629
2017-03-28,UST BOND,020601,624686,283296,153870,129426,61294,124847,-63553,20.71856900907016,-10.173591212225022
2017-04-04,UST BOND,020601,640036,288354,157209,131145,54180,136650,-82470,20.49025367323088,-12.885212706785243
2017-04-11,UST BOND,020601,643041,280613,152233,128380,62373,130462,-68089,19.96451237168392,-10.588593884371292
2017-04-18,UST BOND,020601,644227,276679,142685,133994,56434,130222,-73788,20.799190347501735,-11.453726714341373
2017-04-25,UST BOND,020601,640749,276423,149975,126448,63189,108808,-45619,19.73440457964039,-7.119636550349669
2017-05-02,UST BOND,020601,642881,269400,143251,126149,69637,110939,-41302,19.62244956687163,-6.424517134586338
2017-05-09,UST BOND,020601,676912,269778,148253,121525,84857,153754,-68897,17.9528505921006,-10.178132460349351
2017-05-16,UST BOND,020601,678069,267764,130219,137545,78170,164467,-86297,20.284808773148455,-12.726875878413553
2017-05-23,UST BOND,020601,797692,283213,134580,148633,96024,157565,-61541,18.632880861284807,-7.714882435827362
2017-05-30,UST BOND,020601,755193,281967,143808,138159,92759,161982,-69223,18.294528683396166,-9.166266106809783
2017-06-06,UST BOND,020601,704014,274291,138174,136117,99156,158952,-59796,19.334416645123536,-8.493581093557799
2017-06-13,UST BOND,020601,733740,288213,145702,142511,105166,166989,-61823,19.422547496388365,-8.42573663695587
2017-06-20,UST BOND,020601,752497,287692,133935,153757,109445,191552,-82107,20.432905380353677,-10.91127273597104
2017-06-27,UST BOND,020601,750814,278844,142379,136465,121823,183066,-61243,18.175606741483243,-8.156880399140134
2017-07-03,UST BOND,020601,734560,280660,147682,132978,120879,165989,-45110,18.1030821171858,-6.141091265519495
2017-07-11,UST BOND,020601,730834,288277,168614,119663,122169,143858,-21689,16.37348563422063,-2.967705388638186
2017-07-18,UST BOND,020601,726348,284768,162519,122249,122404,141473,-19069,16.830637655779324,-2.6253256015023103
2017-07-25,UST BOND,020601,730692,279084,182723,96361,129883,144037,-14154,13.187635830144576,-1.9370678753838826
2017-08-01,UST BOND,020601,737473,284464,181841,102623,136076,147829,-11753,13.915492499386419,-1.5936854637390114
2017-08-08,UST BOND,020601,756551,279121,188162,90959,149045,135184,13861,12.022851070185618,1.8321302859952602
2017-08-15,UST BOND,020601,750087,285328,196424,88904,131386,128135,3251,11.852491777620463,0.43341639036538426
2017-08-22,UST BOND,020601,778565,283166,189178,93988,128479,134384,-5905,12.071952887684393,-0.7584466293758388
2017-08-29,UST BOND,020601,798122,290366,193924,96442,112688,103582,9106,12.08361628923899,1.1409283292529213
2017-09-05,UST BOND,020601,753180,294863,193210,101653,108929,105953,2976,13.496508138824716,0.39512467139329244
2017-09-12,UST BOND,020601,742862,297559,195405,102154,108901,109939,-1038,13.751410086934047,-0.13972985561248252
2017-09-19,UST BOND,020601,723358,290664,210614,80050,106373,104950,1423,11.06644289549573,0.19672140212730072
2017-09-26,UST BOND,020601,719328,290839,211999,78840,112471,115750,-3279,10.96022954757774,-0.45584211931135726
2017-10-03,UST BOND,020601,730334,307156,212361,94795,108552,127428,-18876,12.979677791257151,-2.584570894960388
2017-10-10,UST BOND,020601,741123,298578,216120,82458,119613,126159,-6546,11.126088382090423,-0.8832541966718075
2017-10-17,UST BOND,020601,739549,300136,202586,97550,120427,123817,-3390,13.190471490056778,-0.45838747669187574
2017-10-24,UST BOND,020601,740141,285301,205811,79490,132781,123978,8803,10.739845515921965,1.1893679717783503
2017-10-31,UST BOND,020601,736955,293910,206695,87215,111736,124137,-12401,11.834508212848817,-1.682735038095949
2017-11-07,UST BOND,020601,764307,294718,197631,97087,136365,128572,7793,12.702618188764463,1.0196164630181328
2017-11-14,UST BOND,020601,802225,291654,204255,87399,119821,104739,15082,10.894574464769859,1.8800211910623579
2017-11-21,UST BOND,020601,845062,296718,234920,61798,115516,91093,24423,7.312836217934305,2.890083804501918
2017-11-28,UST BOND,020601,832485,283358,215284,68074,115413,90957,24456,8.177204394073167,2.937710589379989
2017-12-05,UST BOND,020601,784646,295338,243558,51780,129990,103323,26667,6.599154268294237,3.398602681973782
2017-12-12,UST BOND,020601,776848,294523,251619,42904,144626,101629,42997,5.522830721067699,5.534802174942846
2017-12-19,UST BOND,020601,769882,295698,256310,39388,144459,104801,39658,5.116108702372571,5.151179011848569
2017-12-26,UST BOND,020601,767642,306258,262174,44084,131414,101574,29840,5.742781140166901,3.8872286821200506
2018-01-02,UST BOND,020601,759768,301203,270913,30290,133540,108123,25417,3.986743321645555,3.3453633214349643
2018-01-09,UST BOND,020601,771530,314974,268051,46923,121329,120083,1246,6.081811465529532,0.16149728461628193
2018-01-16,UST BOND,020601,785547,323591,279674,43917,126486,113942,12544,5.590626658875917,1.5968490745938817
2018-01-23,UST BOND,020601,809179,331567,270313,61254,135736,137259,-1523,7.569894918182504,-0.18821546283331625
2018-01-30,UST BOND,020601,803696,287061,271925,15136,132854,119735,13119,1.8832991578905456,1.6323336186816906
2018-02-06,UST BOND,020601,790780,282762,237467,45295,124091,125238,-1147,5.727888919800703,-0.14504666278863906
2018-02-13,UST BOND,020601,829841,353563,238511,115052,101613,125095,-23482,13.86434268733408,-2.8296987013174815
2018-02-20,UST BOND,020601,855355,336390,236249,100141,114210,126793,-12583,11.707536636834998,-1.4710851050148768
2018-02-27,UST BOND,020601,841865,337177,223545,113632,104651,140209,-35558,13.497651048564794,-4.223717579421879
2018-03-06,UST BOND,020601,812681,354485,228058,126427,101200,157355,-56155,15.5567805818027,-6.909845314459179
2018-03-13,UST BOND,020601,819617,342643,242960,99683,129074,141932,-12858,12.162144025807176,-1.5687815162447827
2018-03-20,UST BOND,020601,791443,343652,239671,103981,95945,142150,-46205,13.138153979503262,-5.838070461170293
2018-03-27,UST BOND,020601,800232,355225,235319,119906,88729,140949,-52220,14.983904667646383,-6.525607573803597
2018-04-03,UST BOND,020601,773737,344369,222686,121683,66838,137365,-70527,15.726661643426642,-9.115112757952637
2018-04-10,UST BOND,020601,769365,333679,234106,99573,74710,107650,-32940,12.942231580589187,-4.28145288647131
2018-04-17,UST BOND,020601,812933,320103,247414,72689,110831,118035,-7204,8.941573290787801,-0.8861738913292977
2018-04-24,UST BOND,020601,818756,333766,245621,88145,92717,123718,-31001,10.76572263287231,-3.786353932062788
2018-05-01,UST BOND,020601,838806,346703,249492,97211,98634,132244,-33610,11.589211331344792,-4.006885978402634
2018-05-08,UST BOND,020601,858177,336793,264580,72213,113538,129037,-15499,8.414697667264445,-1.8060376822030886
2018-05-15,UST BOND,020601,875241,339566,270839,68727,118019,126070,-8051,7.852351523751744,-0.9198609297324966
2018-05-22,UST BOND,020601,908929,350946,256529,94417,127276,130629,-3353,10.387720052941429,-0.36889570032422775
2018-05-29,UST BOND,020601,904301,351018,238018,113000,86162,95798,-9636,12.495839327834426,-1.0655744049824118
2018-06-05,UST BOND,020601,808644,333422,245432,87990,75916,75216,700,10.881178862391856,0.08656466875411183
2018-06-12,UST BOND,020601,817757,340359,241948,98411,91285,77330,13955,12.034259566105824,1.7064971623599676
2018-06-19,UST BOND,020601,806581,323050,222741,100309,88669,70535,18134,12.436320716704213,2.248255289921285
2018-06-26,UST BOND,020601,796382,310275,230757,79518,82797,67851,14946,9.984906740734974,1.8767375455497488
2018-07-03,UST BOND,020601,798849,318646,223520,95126,88604,88829,-225,11.90788246589781,-0.02816552314642692
2018-07-10,UST BOND,020601,823797,317703,236484,81219,104698,80402,24296,9.859103638396352,2.949270269253226
2018-07-17,UST BOND,020601,838041,324586,233650,90936,114222,81406,32816,10.851020415468932,3.915798869029081
2018-07-24,UST BOND,020601,834126,331508,226782,104726,101266,95236,6030,12.55517751514759,0.7229123657576912
2018-07-31,UST BOND,020601,825301,327472,234325,93147,104433,94640,9793,11.286427618529482,1.1865973747759908
2018-08-07,UST BOND,020601,844657,333571,230877,102694,116304,114907,1397,12.158071264430413,0.1653925794730879
2018-08-14,UST BOND,020601,848369,342005,239950,102055,112003,114031,-2028,12.0295531779214,-0.23904692415682327
2018-08-21,UST BOND,020601,889576,358544,258904,99640,113131,114687,-1556,11.20084174932777,-0.17491479086666006
2018-08-28,UST BOND,020601,921082,343007,248508,94499,99122,91703,7419,10.259564295035622,0.8054657457207935
2018-09-04,UST BOND,020601,874614,360511,252932,107579,89915,99449,-9534,12.300168988833931,-1.0900808813945353
2018-09-11,UST BOND,020601,844744,396948,274024,122924,70873,98599,-27726,14.551627475306129,-3.2821777958766205
2018-09-18,UST BOND,020601,857405,401995,293532,108463,71150,61600,9550,12.650147829788724,1.1138260215417453
2018-09-25,UST BOND,020601,865076,418679,293469,125210,56036,73533,-17497,14.473872815798844,-2.0225968585419083
2018-10-02,UST BOND,020601,886118,414245,298344,115901,66302,84718,-18416,13.079634992179372,-2.0782785136968216
2018-10-09,UST BOND,020601,944352,457024,314379,142645,82559,117999,-35440,15.105066754769409,-3.7528379248415846
2018-10-16,UST BOND,020601,927355,447932,312780,135152,89357,89769,-412,14.573922607847049,-0.04442743070345229
2018-10-23,UST BOND,020601,918210,453378,308463,144915,79920,73232,6688,15.782337373803378,0.728373683580009
2018-10-30,UST BOND,020601,897781,473180,284227,188953,59467,77334,-17867,21.046669510715866,-1.9901289958241486
2018-11-06,UST BOND,020601,925781,490452,287595,202857,59962,82067,-22105,21.911985663996127,-2.3877137249522296
2018-11-13,UST BOND,020601,917952,485235,283230,202005,54738,71184,-16446,22.00605260405773,-1.7915969462455554
2018-11-20,UST BOND,020601,938083,493090,275625,217465,52660,82963,-30303,23.181850646477976,-3.230311177155966
2018-11-27,UST BOND,020601,1145547,481873,276273,205600,56026,79236,-23210,17.947757708762712,-2.026106305546608
2018-12-04,UST BOND,020601,962016,518271,313401,204870,59409,91305,-31896,21.295903602434887,-3.315537371519808
2018-12-11,UST BOND,020601,977383,522188,337391,184797,54984,96654,-41670,18.907327015100527,-4.263425903663149
2018-12-18,UST BOND,020601,977626,511371,344455,166916,62457,100733,-38276,17.073604834568638,-3.9151986547002635
2018-12-24,UST BOND,020601,939891,494901,320475,174426,56837,81601,-24764,18.55810939779187,-2.6347736067267373
2018-12-31,UST BOND,020601,943667,491761,317049,174712,60261,91150,-30889,18.514158066351797,-3.273294499012893
2019-01-08,UST BOND,020601,935255,469702,319217,150485,60800,107113,-46313,16.090264152557324,-4.951911510764444
2019-01-15,UST BOND,020601,943744,471783,333299,138484,81471,103771,-22300,14.673894615488946,-2.3629289298792893
2019-01-22,UST BOND,020601,972020,479461,340413,139048,89796,103289,-13493,14.305055451533919,-1.3881401617250675
2019-01-29,UST BOND,020601,956191,447579,335233,112346,97810,108819,-11009,11.749326232938817,-1.1513390107206614
2019-02-05,UST BOND,020601,956955,466946,340897,126049,100715,121126,-20411,13.171883735389857,-2.1329111609218825
2019-02-12,UST BOND,020601,965380,468797,362446,106351,87039,104285,-17246,11.016490915494417,-1.7864467877934078
2019-02-19,UST BOND,020601,1010875,471302,375296,96006,116950,120009,-3059,9.497316681093112,-0.3026091257573884
2019-02-26,UST BOND,020601,1141835,462847,344190,118657,112243,152545,-40302,10.391781649712962,-3.5295817696952714
2019-03-05,UST BOND,020601,963855,439971,344689,95282,103562,128400,-24838,9.885511824911424,-2.576943627412837
2019-03-12,UST BOND,020601,967242,438122,352044,86078,115015,137783,-22768,8.899324057474757,-2.353909362910213
2019-03-19,UST BOND,020601,954431,432101,335786,96315,112443,149115,-36672,10.09135285840464,-3.8422892802098843
2019-03-26,UST BOND,020601,984867,449864,357799,92065,127396,157417,-30021,9.347962719839328,-3.0482288471438275
2019-04-02,UST BOND,020601,959773,445927,360266,85661,110226,160012,-49786,8.925131254994671,-5.187268239469124
2019-04-09,UST BOND,020601,941668,432953,349044,83909,112195,157362,-45167,8.91067764859802,-4.796488783732696
2019-04-16,UST BOND,020601,950016,421518,344107,77411,121290,144971,-23681,8.148389079762866,-2.4926948598760443
2019-04-23,UST BOND,020601,942264,406049,346189,59860,126214,144386,-18172,6.3527843576747065,-1.9285465644447841
2019-04-30,UST BOND,020601,945884,424323,331889,92434,112638,143388,-30750,9.772234227452838,-3.2509271750024316
2019-05-07,UST BOND,020601,978323,425905,326521,99384,124483,153367,-28884,10.158608148842458,-2.952399156515793
2019-05-14,UST BOND,020601,1003504,432438,331714,100724,123968,161787,-37819,10.037229547664982,-3.7686944944913026
2019-05-21,UST BOND,020601,1038330,428820,331540,97280,122228,163201,-40973,9.368890429824814,-3.9460479808923945
2019-05-28,UST BOND,020601,1022234,426170,331377,94793,116121,146926,-30805,9.273121418383658,-3.013497887959117
2019-06-04,UST BOND,020601,981140,426181,321564,104617,114537,149912,-35375,10.662800415842796,-3.605499724809915
2019-06-11,UST BOND,020601,968255,426732,319408,107324,137007,152208,-15201,11.084270156105571,-1.5699376713778912
2019-06-18,UST BOND,020601,964506,433234,316853,116381,120156,161999,-41843,12.066384242296056,-4.338283017420316
2019-06-25,UST BOND,020601,939464,445231,321818,123413,108407,166766,-58359,13.136533172106647,-6.211946386450146
2019-07-02,UST BOND,020601,933255,442622,343691,98931,107755,158518,-50763,10.60063969654596,-5.439349373965315
2019-07-09,UST BOND,020601,920436,440446,345136,95310,97823,155015,-57192,10.354875298228231,-6.213577043922663
2019-07-16,UST BOND,020601,928042,458637,322531,136106,83338,164074,-80736,14.66593106777495,-8.699606267819775
2019-07-23,UST BOND,020601,932493,457792,319810,137982,74115,172150,-98035,14.797108396524155,-10.513215648803797
2019-07-30,UST BOND,020601,933095,450781,312378,138403,83226,173938,-90712,14.8326804880532,-9.72162534361453
2019-08-06,UST BOND,020601,974970,462111,323162,138949,74801,189786,-114985,14.251617998502518,-11.793696216293835
2019-08-13,UST BOND,020601,998940,468771,302599,166172,74885,203853,-128968,16.634832922898273,-12.910485114221075
2019-08-20,UST BOND,020601,1019215,455891,270815,185076,75919,206747,-130828,18.158680945629726,-12.836153314070142
2019-08-27,UST BOND,020601,1016325,428214,247890,180324,71215,189471,-118256,17.742749612574716,-11.635648045654687
2019-09-03,UST BOND,020601,963092,444283,257265,187018,69914,199487,-129573,19.418497921278547,-13.453854875754342
2019-09-10,UST BOND,020601,976172,440514,272551,167963,69089,196353,-127264,17.206291514200366,-13.037046749958
2019-09-17,UST BOND,020601,988128,461613,258366,203247,71805,199947,-128142,20.568893908481492,-12.968157971436899
2019-09-24,UST BOND,020601,980337,467573,256758,210815,59934,194770,-134836,21.50433983415907,-13.754045802616854
2019-10-01,UST BOND,020601,968522,472564,262206,210358,47369,203797,-156428,21.71948597966799,-16.151207716499986
2019-10-08,UST BOND,020601,968097,472468,262687,209781,43858,225955,-182097,21.669419489989124,-18.80978868853018
2019-10-15,UST BOND,020601,974337,464481,251020,213461,60295,213707,-153412,21.908333564259593,-15.745270886767104
2019-10-22,UST BOND,020601,1001981,484119,261724,222395,64013,218744,-154731,22.19553065377487,-15.442508390877672
2019-10-29,UST BOND,020601,1023307,508932,285074,223858,68242,206177,-137935,21.875937524125213,-13.479337090433273
2019-11-05,UST BOND,020601,995426,489057,282080,206977,64100,213333,-149233,20.792806295997895,-14.99187282630753
2019-11-12,UST BOND,020601,1024997,483923,280347,203576,81021,219321,-138300,19.8611313008721,-13.49272241772415
2019-11-19,UST BOND,020601,1050687,484665,287046,197619,69111,215539,-146428,18.808550976646707,-13.936405418549958
2019-11-26,UST BOND,020601,1069537,492724,282016,210708,57345,235233,-177888,19.70086121377755,-16.63224367179443
2019-12-03,UST BOND,020601,988226,482842,281033,201809,55123,244792,-189669,20.421340867372443,-19.192876933009252
2019-12-10,UST BOND,020601,978809,473186,268754,204432,46485,246716,-200231,20.88579079268785,-20.45659571990041
2019-12-17,UST BOND,020601,1024756,507679,285008,222671,60903,262152,-201249,21.729172603039164,-19.638723754727955
2019-12-24,UST BOND,020601,1037009,517484,295421,222063,60316,252272,-191956,21.413796794434763,-18.510543302902867
2019-12-31,UST BOND,020601,1005197,514332,289733,224599,48470,249588,-201118,22.343779378569575,-20.007819362771677
2020-01-07,UST BOND,020601,1010901,507470,295483,211987,53733,256304,-202571,20.970104886630835,-20.03865858278902
2020-01-14,UST BOND,020601,1037517,516607,295325,221282,71903,228679,-156776,21.328036070734264,-15.110692162152525
2020-01-21,UST BOND,020601,1061745,517758,288524,229234,90490,248159,-157669,21.590306523694483,-14.84998752054401
2020-01-28,UST BOND,020601,1092652,525643,290908,234735,76802,258243,-181441,21.48305224353225,-16.60556151455358
2020-02-04,UST BOND,020601,1215787,564279,308799,255480,69711,268268,-198557,21.013549248346955,-16.33156136724607
2020-02-11,UST BOND,020601,1245938,547162,306051,241111,73482,249567,-176085,19.35176549715957,-14.132725705452438
2020-02-18,UST BOND,020601,1301422,548845,302261,246584,68532,262738,-194206,18.94727459655669,-14.922600048254909
2020-02-25,UST BOND,020601,1493957,541138,275236,265902,70131,252166,-182035,17.79850424075124,-12.184754982907808
2020-03-03,UST BOND,020601,1230954,607220,281293,325927,59498,280289,-220791,26.47759380123059,-17.93657602152477
2020-03-10,UST BOND,020601,1228449,623848,270347,353501,53333,325788,-272455,28.77620479157051,-22.178779908649037
2020-03-17,UST BOND,020601,1174479,602373,248589,353784,31912,320733,-288821,30.122633099442393,-24.59141457616526
2020-03-24,UST BOND,020601,1082745,559328,231495,327833,32820,281521,-248701,30.27795094874601,-22.969489584343496
2020-03-31,UST BOND,020601,1001257,530996,209903,321093,25180,260063,-234883,32.06898928047444,-23.458812272972875
2020-04-07,UST BOND,020601,1001494,533815,219124,314691,35086,272954,-237868,31.422155299981828,-23.75131553459132
2020-04-14,UST BOND,020601,1005372,518938,225009,293929,47187,279450,-232263,29.23584504044274,-23.102195008414796
2020-04-21,UST BOND,020601,994075,512732,229253,283479,50441,270903,-220462,28.516862409777936,-22.17760229358952
2020-04-28,UST BOND,020601,981100,523312,211498,311814,53373,267844,-214471,31.782081337274487,-21.860258893079198
2020-05-05,UST BOND,020601,989523,525400,197841,327559,52959,288857,-235898,33.10271716776669,-23.839567144977934
2020-05-12,UST BOND,020601,1009339,530788,192761,338027,56938,310459,-253521,33.48993747393096,-25.117527411503964
2020-05-19,UST BOND,020601,1032090,534448,210177,324271,61389,311898,-250509,31.418868509529208,-24.272011161817282
2020-05-26,UST BOND,020601,1185778,529114,231133,297981,62140,307629,-245489,25.129577374516984,-20.70277910367708
2020-06-02,UST BOND,020601,1010697,534621,220590,314031,56669,292649,-235980,31.07073633344118,-23.34824383568963
2020-06-09,UST BOND,020601,984514,510398,208822,301576,56351,277591,-221240,30.63196663531448,-22.472001413895587
2020-06-16,UST BOND,020601,991507,506972,221666,285306,63678,283809,-220131,28.774985955721945,-22.20165868723065
2020-06-23,UST BOND,020601,1022752,525541,225235,300306,75083,308909,-233826,29.36254341228372,-22.862433903820282
2020-06-30,UST BOND,020601,1013863,528641,203280,325361,60365,339577,-279212,32.091219425109706,-27.5394210065857
2020-07-07,UST BOND,020601,1021432,542889,198800,344089,62136,341415,-279279,33.686921890052396,-27.341908222965404
2020-07-14,UST BOND,020601,1044413,552600,210045,342555,67288,353350,-286062,32.798806602368984,-27.389739499604083
2020-07-21,UST BOND,020601,1060693,545705,207933,337772,76691,356723,-280032,31.844463949512253,-26.400853027218997
2020-07-28,UST BOND,020601,1072660,528766,208089,320677,72079,361482,-289403,29.89549344619917,-26.979937724908172
2020-08-04,UST BOND,020601,1099313,532335,195047,337288,69579,387773,-318194,30.681707575549456,-28.944804618884703
2020-08-11,UST BOND,020601,1124844,548156,192287,355869,76171,402559,-326388,31.637187023267227,-29.0162902589159
2020-08-18,UST BOND,020601,1164571,571335,194429,376906,74962,406603,-331641,32.36436421652265,-28.47752520026688
2020-08-25,UST BOND,020601,1200353,584878,180598,404280,72926,405074,-332148,33.68009243947405,-27.670860155304315
2020-09-01,UST BOND,020601,1136086,587640,188862,398778,73521,413638,-340117,35.10103988606496,-29.937610356962413
2020-09-08,UST BOND,020601,1152782,616474,191219,425255,76934,431748,-354814,36.8894552482603,-30.77893305065485
2020-09-15,UST BOND,020601,1174506,629788,187326,442462,90265,454059,-363794,37.672178771330245,-30.9742138396909
2020-09-22,UST BOND,020601,1184288,629899,181705,448194,99419,470119,-370700,37.845017428193145,-31.30150774136021
2020-09-29,UST BOND,020601,1186419,647451,177780,469671,83898,497473,-413575,39.587279030426856,-34.859101211292135
2020-10-06,UST BOND,020601,1198071,679145,183613,495532,85671,505491,-419820,41.360820852854296,-35.041328936265046
2020-10-13,UST BOND,020601,1205875,677193,170966,506227,82324,512085,-429761,41.980055975951075,-35.63893438374624
2020-10-20,UST BOND,020601,1212538,693555,180181,513374,76922,520571,-443649,42.3387968047187,-36.58846155749345
2020-10-27,UST BOND,020601,1225546,711033,181934,529099,94960,552860,-457900,43.17251249647096,-37.36293864122603
2020-11-03,UST BOND,020601,1216994,708982,191640,517342,93493,548358,-454865,42.50982338450313,-37.37610867432378
2020-11-10,UST BOND,020601,1218434,696810,189115,507695,88321,520432,-432111,41.667829361294906,-35.46445683557747
2020-11-17,UST BOND,020601,1250306,687352,177340,510012,89028,522703,-433675,40.790974369474355,-34.685508987399885
2020-11-24,UST BOND,020601,1361691,658279,165106,493173,87351,484437,-397086,36.217688153920385,-29.161241427019785
2020-12-01,UST BOND,020601,1163996,647714,161660,486054,68751,486309,-417558,41.7573599909278,-35.87280368661061
2020-12-08,UST BOND,020601,1161288,660904,162059,498845,58279,489977,-431698,42.95618313458849,-37.17406879258203
2020-12-15,UST BOND,020601,1158582,655804,178239,477565,54206,483677,-429471,41.21978418445997,-37.06867532897974
2020-12-21,UST BOND,020601,1147238,646271,185574,460697,57103,443729,-386626,40.15705546713062,-33.70059220493045
2020-12-29,UST BOND,020601,1169405,673324,188256,485068,63574,439784,-376210,41.479897896793666,-32.17106135171305
2021-01-05,UST BOND,020601,1150413,670528,183004,487524,59061,452697,-393636,42.3781720130075,-34.216929050697445
2021-01-12,UST BOND,020601,1156648,658737,190646,468091,57524,434094,-376570,40.46961564797588,-32.55700956557224
2021-01-19,UST BOND,020601,1157441,653436,188495,464941,53455,436519,-383064,40.16973651356743,-33.09576902839972
2021-01-26,UST BOND,020601,1169156,660229,183668,476561,59052,440933,-381881,40.7611131448669,-32.662963710574125
2021-02-02,UST BOND,020601,1182052,679220,199682,479538,55218,437354,-382136,40.568266032289614,-32.328188607607785
2021-02-09,UST BOND,020601,1183163,668617,210500,458117,52911,418454,-365543,38.719686129468215,-30.895404944204646
2021-02-16,UST BOND,020601,1207207,651678,223531,428147,76169,399714,-323545,35.46591429638828,-26.801120271834076
2021-02-23,UST BOND,020601,1249239,656533,272671,383862,86002,372064,-286062,30.727667003671836,-22.89890085083799
2021-03-02,UST BOND,020601,1228416,670563,320898,349665,101970,323205,-221235,28.464705767427322,-18.009778446389497
2021-03-09,UST BOND,020601,1208461,639080,329036,310044,100284,302526,-202242,25.65610309310768,-16.73550077329761
2021-03-16,UST BOND,020601,1203595,616321,325953,290368,91605,258575,-166970,24.125058678376032,-13.872606649246633
2021-03-23,UST BOND,020601,1196984,614607,333945,280662,92737,238071,-145334,23.447431210442243,-12.141682762676862
2021-03-30,UST BOND,020601,1178149,648747,312888,335859,54292,243549,-189257,28.507344996261086,-16.063927397977675
2021-04-06,UST BOND,020601,1171308,639897,314437,325460,60722,243251,-182529,27.786030659741076,-15.583347847022303
2021-04-13,UST BOND,020601,1171733,623237,289215,334022,58052,249257,-191205,28.506664914276545,-16.31813732309323
2021-04-20,UST BOND,020601,1185262,630391,310572,319819,67926,245302,-177376,26.982979290654725,-14.965130072507176
2021-04-27,UST BOND,020601,1186492,648411,293830,354581,51911,252892,-200981,29.88482012520944,-16.939094406030552
2021-05-04,UST BOND,020601,1190898,639780,291162,348618,64381,274831,-210450,29.273539799378284,-17.671538620436007
2021-05-11,UST BOND,020601,1189283,633876,300113,333763,64551,249042,-184491,28.0642202066287,-15.512792161327456
2021-05-18,UST BOND,020601,1207093,617575,322190,295385,77854,229031,-151177,24.470774000014913,-12.52405572727205
2021-05-25,UST BOND,020601,1277636,629721,322484,307237,54995,240423,-185428,24.047302987705418,-14.513366874446243
2021-06-01,UST BOND,020601,1192840,614619,324567,290052,51647,237421,-185774,24.31608597967875,-15.57409208276047
2021-06-08,UST BOND,020601,1212255,625236,325292,299944,49765,241386,-191621,24.742649030113302,-15.806987803721164
2021-06-15,UST BOND,020601,1202708,605293,312275,293018,58657,251141,-192484,24.363187074501873,-16.004217149964912
2021-06-22,UST BOND,020601,1178960,569813,314395,255418,60751,259241,-198490,21.66468752120513,-16.836024971161024
2021-06-29,UST BOND,020601,1173088,565989,303226,262763,66624,261932,-195308,22.399257344717533,-16.64904934668158
2021-07-06,UST BOND,020601,1172492,553921,306982,246939,67570,274001,-206431,21.061039222442457,-17.606175564524108
2021-07-13,UST BOND,020601,1200521,567981,300633,267348,65413,294074,-228661,22.269331398617766,-19.04681384165708
2021-07-20,UST BOND,020601,1211291,576669,298007,278662,75701,310654,-234953,23.005371954385858,-19.39690792716201
2021-07-27,UST BOND,020601,1186182,584558,302682,281876,73635,291694,-218059,23.76330107858659,-18.383266648794198
2021-08-03,UST BOND,020601,1208169,606125,294246,311879,83465,314271,-230806,25.814186591445402,-19.103784321564284
2021-08-10,UST BOND,020601,1198279,588439,291503,296936,73910,325887,-251977,24.780205611547895,-21.028241336116213
2021-08-17,UST BOND,020601,1214382,599153,287989,311164,90601,323305,-232704,25.62323881612211,-19.16233936273759
2021-08-24,UST BOND,020601,1258504,598971,282991,315980,83555,324058,-240503,25.107588056931085,-19.11022928810715
2021-08-31,UST BOND,020601,1225140,594470,279432,315038,79051,306104,-227053,25.714448960935076,-18.532820738854333
2021-09-07,UST BOND,020601,1212310,589635,289186,300449,82071,312020,-229949,24.783182519322615,-18.96783825919113
2021-09-14,UST BOND,020601,1238880,591571,295213,296358,94742,331360,-236618,23.92144517628826,-19.099347798011106
2021-09-21,UST BOND,020601,1208307,606597,288366,318231,84255,331986,-247731,26.336932584185973,-20.502322671307873
2021-09-28,UST BOND,020601,1235761,601966,298835,303131,99122,326585,-227463,24.52990505445632,-18.406714566975328
2021-10-05,UST BOND,020601,1232198,604791,304347,300444,104629,316697,-212068,24.382769652279908,-17.210545707751514
2021-10-12,UST BOND,020601,1222493,581471,317957,263514,114969,274839,-159870,21.555460849264577,-13.077375494174609
2021-10-19,UST BOND,020601,1186553,570298,292407,277891,102303,264324,-162021,23.420024221421208,-13.654762998365854
2021-10-26,UST BOND,020601,1173180,560776,284724,276052,91712,268328,-176616,23.530234064678908,-15.054467345164426
2021-11-02,UST BOND,020601,1158749,540637,279177,261460,97815,275944,-178129,22.563989267736154,-15.372526750832147
2021-11-09,UST BOND,020601,1206593,556885,276259,280626,88036,303934,-215898,23.257718219813974,-17.89319182193167
2021-11-16,UST BOND,020601,1232186,559279,280599,278680,97285,323113,-225828,22.616715333561654,-18.327427839628108
2021-11-23,UST BOND,020601,1252959,552294,276852,275442,111662,337434,-225772,21.983321082333898,-18.01910517423156
2021-11-30,UST BOND,020601,1219181,588989,262094,326895,86877,358999,-272122,26.81267178540348,-22.320065683438308
2021-12-07,UST BOND,020601,1211685,583371,262161,321210,91447,371706,-280259,26.50936505775016,-23.129691297655743
2021-12-14,UST BOND,020601,1219698,575914,264404,311510,96356,392579,-296223,25.539928736457714,-24.28658569580339
2021-12-21,UST BOND,020601,1225029,586106,263162,322944,99764,397245,-297481,26.36215142661929,-24.28358838851978
2021-12-28,UST BOND,020601,1208000,552433,263407,289026,110122,383330,-273208,23.925993377483444,-22.61655629139073
2022-01-04,UST BOND,020601,1210353,535301,262422,272879,117699,378746,-261047,22.54540617489278,-21.567840125979775
2022-01-11,UST BOND,020601,1214729,544198,261542,282656,122107,369787,-247680,23.2690583661047,-20.38973301864037
2022-01-18,UST BOND,020601,1219356,555333,273585,281748,118876,341269,-222393,23.10629545432179,-18.238561995020323
2022-01-25,UST BOND,020601,1193450,565873,255277,310596,93458,326231,-232773,26.02505341656542,-19.504210482215427
2022-02-01,UST BOND,020601,1195554,564731,260052,304679,102407,319279,-216872,25.48433613203586,-18.13987490318296
2022-02-08,UST BOND,020601,1186568,553652,260817,292835,102571,316754,-214183,24.679158716567446,-18.050630052386378
2022-02-15,UST BOND,020601,1239190,540258,271166,269092,126458,325609,-199151,21.715152640030986,-16.071062548923088
2022-02-22,UST BOND,020601,1223515,539488,257996,281492,107635,303875,-196240,23.006828686203274,-16.03903507517276
2022-03-01,UST BOND,020601,1113867,510806,246025,264781,91232,269391,-178159,23.771329970274728,-15.99463849813308
2022-03-08,UST BOND,020601,1114679,516849,240042,276807,97834,276909,-179075,24.832889109779586,-16.06516315459428
2022-03-15,UST BOND,020601,1118301,521821,244798,277023,105851,284763,-178912,24.77177432551701,-15.99855495076907
2022-03-22,UST BOND,020601,1128229,520110,254557,265553,103397,259894,-156497,23.537154247940798,-13.871031501583456
2022-03-29,UST BOND,020601,1109506,536362,250476,285886,84785,272698,-187913,25.766962954684338,-16.93663666532673
2022-04-05,UST BOND,020601,1121354,537046,269857,267189,80191,274138,-193947,23.827355143870715,-17.295787057432353
2022-04-12,UST BOND,020601,1114496,545127,286339,258788,84872,274876,-190004,23.220182037441138,-17.048423682094867
2022-04-19,UST BOND,020601,1125617,546131,291864,254267,96784,279606,-182822,22.58912223251781,-16.241936644524735
2022-04-26,UST BOND,020601,1148457,565658,291546,274112,115094,282351,-167257,23.867850515953144,-14.563627545480589
2022-05-03,UST BOND,020601,1187151,581650,284028,297622,125636,297893,-172257,25.07027328452741,-14.510117078619317
2022-05-10,UST BOND,020601,1207560,591502,288751,302751,130520,327270,-196750,25.07130080492895,-16.29318625989599
2022-05-17,UST BOND,020601,1244823,601099,279132,321967,144450,349596,-205146,25.86448033174194,-16.479933291720993
2022-05-24,UST BOND,020601,1267244,602839,272344,330495,135473,362374,-226901,26.079823617235512,-17.9050758969859
2022-05-31,UST BOND,020601,1212023,602427,272212,330215,115871,353299,-237428,27.244945021670382,-19.589397230910635
2022-06-07,UST BOND,020601,1193131,598896,276936,321960,108710,341006,-232296,26.984463566867344,-19.469446355848604
2022-06-14,UST BOND,020601,1188806,615704,297609,318095,102164,319804,-217640,26.757519729880233,-18.307444612493544
2022-06-21,UST BOND,020601,1177791,617920,296000,321920,104542,309490,-204948,27.332523342426626,-17.401049931609258
2022-06-28,UST BOND,020601,1182840,632683,294724,337959,92025,325286,-233261,28.57182712792939,-19.720418653410437
2022-07-05,UST BOND,020601,1192980,627917,284441,343476,109088,342586,-233498,28.791429864708544,-19.572666767255107
2022-07-12,UST BOND,020601,1174643,603448,282623,320825,113711,321218,-207507,27.312553686524332,-17.665537529274854
2022-07-19,UST BOND,020601,1182312,603145,271094,332051,105883,327566,-221683,28.084887914526792,-18.749957709978414
2022-07-26,UST BOND,020601,1183499,619013,262785,356228,99678,327830,-228152,30.099560709388008,-19.277751818970696
2022-08-02,UST BOND,020601,1172815,600867,239182,361685,98072,342144,-244072,30.83904963698452,-20.810784309545838
2022-08-09,UST BOND,020601,1160709,577384,237470,339914,102554,332199,-229645,29.285031821067985,-19.784890097345674
2022-08-16,UST BOND,020601,1167915,572040,241595,330445,110792,333945,-223153,28.293583009037473,-19.10695555755342
2022-08-23,UST BOND,020601,1202323,574569,258862,315707,115313,331863,-216550,26.258085389699772,-18.010967102850067
2022-08-30,UST BOND,020601,1233302,583482,257368,326114,100732,325626,-224894,26.44234745423262,-18.235111919059566
2022-09-06,UST BOND,020601,1209340,586787,261240,325547,106944,326247,-219303,26.919394049646915,-18.134106206691254
2022-09-13,UST BOND,020601,1225024,591919,257837,334082,111379,329268,-217889,27.271465701896453,-17.78650867248315
2022-09-20,UST BOND,020601,1235652,601266,279409,321857,123083,324976,-201893,26.047544130548083,-16.338985410131656
2022-09-27,UST BOND,020601,1213680,603970,290633,313337,111329,320806,-209477,25.817101707204536,-17.259656581636015
2022-10-04,UST BOND,020601,1207982,626370,296702,329668,115160,338956,-223796,27.29080400204639,-18.526434996547962
2022-10-11,UST BOND,020601,1211229,612583,296289,316294,118536,328460,-209924,26.113476477197953,-17.331487274495576
2022-10-18,UST BOND,020601,1219645,611663,294230,317433,117124,341306,-224182,26.026671695452364,-18.38092231755962
2022-10-25,UST BOND,020601,1223914,624630,298894,325736,119880,364162,-244282,26.61428825881557,-19.959082092369236
2022-11-01,UST BOND,020601,1193687,600548,299777,300771,104429,329064,-224635,25.19680619793966,-18.818584771384792
2022-11-08,UST BOND,020601,1207905,606053,306540,299513,105064,331231,-226167,24.79607253881721,-18.723906267463086
2022-11-15,UST BOND,020601,1199687,614322,304430,309892,100484,338135,-237651,25.831070937669576,-19.80941695625609
2022-11-22,UST BOND,020601,1232357,607141,288731,318410,98703,339446,-240743,25.837480535266973,-19.535167163411252
2022-11-29,UST BOND,020601,1197681,619251,284336,334915,93345,344138,-250793,27.963623034848176,-20.939882990545897
2022-12-06,UST BOND,020601,1170663,616020,264925,351095,87185,344725,-257540,29.99112468746343,-21.99949942895607
2022-12-13,UST BOND,020601,1185521,624431,264939,359492,86715,367436,-280721,30.323545512901077,-23.679125042913622
2022-12-20,UST BOND,020601,1198678,640297,257720,382577,88413,403710,-315297,31.91657809687005,-26.303727940280876
2022-12-27,UST BOND,020601,1198737,646859,262935,383924,88082,407141,-319059,32.02737547935869,-26.616263617457374
2023-01-03,UST BOND,020601,1198425,656541,268277,388264,87700,405644,-317944,32.39785551870163,-26.530154160669213
2023-01-10,UST BOND,020601,1184966,643436,267291,376145,80026,406898,-326872,31.743104865456054,-27.58492648734225
2023-01-17,UST BOND,020601,1222141,690498,252854,437644,64732,428651,-363919,35.80961607539555,-29.77716973737073
2023-01-24,UST BOND,020601,1235758,705360,268405,436955,64644,443483,-378839,35.35926937151125,-30.65640683693733
2023-01-31,UST BOND,020601,1226430,696489,258884,437605,58714,449129,-390415,35.68120479766477,-31.833451562665623
2023-02-07,UST BOND,020601,1206862,672393,253447,418946,59574,443979,-384405,34.71366237399139,-31.851611866145426
2023-02-14,UST BOND,020601,1232205,688637,264463,424174,64288,449369,-385081,34.42397977609245,-31.251374568355104
2023-02-21,UST BOND,020601,1307317,669071,276786,392285,77859,432766,-354907,30.006876679489366,-27.14773845976148
2023-02-28,UST BOND,020601,1211107,668599,302931,365668,62456,373777,-311321,30.192873131771183,-25.705490926895806
2023-03-07,UST BOND,020601,1220465,669064,308355,360709,69707,373611,-303904,29.55504664205856,-24.900673104103763
2023-03-14,UST BOND,020601,1209123,672480,324289,348191,62009,367182,-305173,28.79698756867581,-25.239202297863823
2023-03-21,UST BOND,020601,1235097,683998,340224,343774,83175,376570,-293395,27.833765283212575,-23.754814399192938
2023-03-28,UST BOND,020601,1201699,669393,340750,328643,82250,366576,-284326,27.348196178910026,-23.66033424343367
2023-04-04,UST BOND,020601,1193583,689960,330012,359948,59311,344628,-285317,30.15693085441063,-23.90424461474401
2023-04-11,UST BOND,020601,1179823,679641,332483,347158,47093,345715,-298622,29.424583179002273,-25.310745764407034
2023-04-18,UST BOND,020601,1185802,682039,332815,349224,45021,344630,-299609,29.450447882530135,-25.266359813864373
2023-04-25,UST BOND,020601,1193358,682482,338029,344453,60217,339753,-279536,28.8641799024266,-23.42432027941322
2023-05-02,UST BOND,020601,1186143,674938,337443,337495,53694,332914,-279220,28.453146037197875,-23.54016336984664
2023-05-09,UST BOND,020601,1189414,664349,353276,311073,41687,311138,-269451,26.15346716954736,-22.654096891410394
2023-05-16,UST BOND,020601,1236267,675728,353236,322492,51037,311158,-260121,26.085950688645738,-21.040843118840833
2023-05-23,UST BOND,020601,1299274,655427,349441,305986,80024,308333,-228309,23.550536684332943,-17.5720440800016
2023-05-30,UST BOND,020601,1280460,678949,349380,329569,70453,325187,-254734,25.738328413226498,-19.89394436374428
2023-06-06,UST BOND,020601,1249240,690020,332859,357161,63580,336010,-272430,28.590262879830938,-21.807659056706477
2023-06-13,UST BOND,020601,1236784,692442,320627,371815,55436,344048,-288612,30.06305062161218,-23.335683514663838
2023-06-20,UST BOND,020601,1233359,685965,307944,378021,53107,336466,-283359,30.649713505962172,-22.974575934500823
2023-06-27,UST BOND,020601,1229154,699623,295874,403749,46365,353995,-307630,32.847714769670844,-25.0277833371571
2023-07-03,UST BOND,020601,1242918,695450,289968,405482,37630,360854,-323224,32.62339108452851,-26.00525537485176
2023-07-11,UST BOND,020601,1251592,689879,293138,396741,45258,373988,-328730,31.698908270426784,-26.264948961003267
2023-07-18,UST BOND,020601,1248006,693741,275523,418218,43347,382784,-339437,33.51089658222797,-27.19834680281986
2023-07-25,UST BOND,020601,1254582,703013,270058,432955,39069,405565,-366496,34.509900508695324,-29.21259829967272
2023-08-01,UST BOND,020601,1293818,736892,267472,469420,41434,427235,-385801,36.28176451401975,-29.81879986211353
2023-08-08,UST BOND,020601,1333067,738741,258168,480573,31674,440699,-409025,36.05017602266053,-30.683003930035024
2023-08-15,UST BOND,020601,1370326,754884,275427,479457,45039,455852,-410813,34.98853557474645,-29.979216624365296
2023-08-22,UST BOND,020601,1431389,756392,260504,495888,54076,471238,-417162,34.64383197020516,-29.143859565778417
2023-08-29,UST BOND,020601,1339364,760634,231519,529115,36680,479243,-442563,39.50494413766534,-33.04277253980247
2023-09-05,UST BOND,020601,1343057,773427,241583,531844,36640,505894,-469254,39.599510668571774,-34.93924680784211
2023-09-12,UST BOND,020601,1339675,780919,242784,538135,30890,504622,-473732,40.16907085673764,-35.36171086270924
2023-09-19,UST BOND,020601,1363478,812610,247191,565419,30579,514997,-484418,41.46887591879003,-35.52811266481748
2023-09-26,UST BOND,020601,1405064,837499,280374,557125,35427,531917,-496490,39.65121873452028,-35.335756947726225
2023-10-03,UST BOND,020601,1409347,846309,280630,565679,43007,508641,-465634,40.13766659311014,-33.038988978583696
2023-10-10,UST BOND,020601,1390870,816150,309976,506174,56233,470546,-414313,36.39261757029773,-29.78804633071387
2023-10-17,UST BOND,020601,1386678,796629,323519,473110,55286,443503,-388217,34.1182307644601,-27.996189454220808
2023-10-24,UST BOND,020601,1366758,760349,305446,454903,66014,409361,-343347,33.283361063187485,-25.12127238326024
2023-10-31,UST BOND,020601,1377938,760601,302294,458307,68052,431516,-363464,33.260349885118195,-26.377384178388287
2023-11-07,UST BOND,020601,1362012,745148,292369,452779,72032,412793,-340761,33.243392862911634,-25.018942564382694
2023-11-14,UST BOND,020601,1354137,731580,288661,442919,69299,404174,-334875,32.70858118491704,-24.729772541478447
2023-11-21,UST BOND,020601,1382150,715598,278047,437551,81153,396386,-315233,31.657273089027964,-22.807437687660528
2023-11-28,UST BOND,020601,1308135,695595,273762,421833,80185,364335,-284150,32.24690112259056,-21.721764191004752
2023-12-05,UST BOND,020601,1299431,716450,253783,462667,68107,383084,-314977,35.60535342007386,-24.239609490615507
2023-12-12,UST BOND,020601,1308164,733052,265530,467522,71779,409295,-337516,35.738791160741314,-25.800740579927286
2023-12-19,UST BOND,020601,1362215,770140,273324,496816,70369,423957,-353588,36.471188468780625,-25.95684234867477
2023-12-26,UST BOND,020601,1379332,776530,268560,507970,83459,444978,-361519,36.82724681222505,-26.209716007458685
2024-01-02,UST BOND,020601,1427734,822173,287401,534772,78259,501534,-423275,37.45599670526863,-29.646628853834116
2024-01-09,UST BOND,020601,1452040,815600,287952,527648,79195,512545,-433350,36.3383928817388,-29.844219167516048
2024-01-16,UST BOND,020601,1442368,813611,298885,514726,79984,503868,-423884,35.68617717531171,-29.38806185384035
2024-01-23,UST BOND,020601,1443490,812964,297262,515702,79740,490110,-410370,35.72605283029325,-28.429015788124616
2024-01-30,UST BOND,020601,1426560,785997,282071,503926,77948,490976,-413028,35.324556976222524,-28.952725437415882
2024-02-06,UST BOND,020601,1433426,789954,297970,491984,71150,496949,-425799,34.32224614315633,-29.704986514825322
2024-02-13,UST BOND,020601,1434869,774887,314111,460776,85960,478932,-392972,32.11275733185399,-27.387308527816824
2024-02-20,UST BOND,020601,1417135,762436,316652,445784,87031,466554,-379523,31.456706665208326,-26.781005338235243
2024-02-27,UST BOND,020601,1534097,761811,325634,436177,119344,458292,-338948,28.432165632290527,-22.094300425592383
2024-03-05,UST BOND,020601,1492384,769706,330931,438775,116113,484318,-368205,29.400945065077085,-24.672269335506144
2024-03-12,UST BOND,020601,1498123,797163,337493,459670,118758,510992,-392234,30.68306140417042,-26.18169536146231
2024-03-19,UST BOND,020601,1491051,784179,351266,432913,134641,504026,-369385,29.034084011881554,-24.773465159810094
2024-03-26,UST BOND,020601,1510518,796900,359328,437572,130614,514529,-383915,28.968340661945106,-25.41611553122836
2024-04-02,UST BOND,020601,1526420,804936,399658,405278,132300,506626,-374326,26.550883767246237,-24.523132558535657
2024-04-09,UST BOND,020601,1527150,819795,401031,418764,126521,517692,-391171,27.42127492387781,-25.614445208394724
2024-04-16,UST BOND,020601,1546276,819220,447419,371801,147759,485091,-337332,24.04493117658167,-21.81576898302761
2024-04-23,UST BOND,020601,1549779,828995,449321,379674,148451,484636,-336185,24.49858979893262,-21.6924477619067
2024-04-30,UST BOND,020601,1573888,834001,446330,387671,148490,480121,-331631,24.631422312134028,-21.0708131709499
2024-05-07,UST BOND,020601,1604531,841423,434437,406986,152167,503665,-351498,25.36479507095843,-21.906588280313688
2024-05-14,UST BOND,020601,1630082,858925,444054,414871,153504,498665,-345161,25.45092823551208,-21.17445625434794
2024-05-21,UST BOND,020601,1760039,881927,430971,450956,158130,535477,-377347,25.621932241274198,-21.43969537038668
2024-05-28,UST BOND,020601,1695196,854155,431824,422331,165512,515982,-350470,24.913402344035735,-20.674305508035648
2024-06-04,UST BOND,020601,1643723,870142,431127,439015,169830,555556,-385726,26.70857559333294,-23.466605991398794
2024-06-11,UST BOND,020601,1635945,869834,419895,449939,170201,553103,-382902,27.503308485309713,-23.405554587715358
2024-06-18,UST BOND,020601,1656407,894181,429586,464595,177946,549183,-371237,28.048360095073253,-22.412184927979656
2024-06-25,UST BOND,020601,1646057,888152,413558,474594,166458,564534,-398076,28.83217288344207,-24.18360968058822
2024-07-02,UST BOND,020601,1686638,886831,418935,467896,204310,588313,-384003,27.741341058365816,-22.76736323977048
2024-07-09,UST BOND,020601,1672882,886564,408935,477629,195249,587843,-392594,28.551266616533624,-23.468122676913254
2024-07-16,UST BOND,020601,1698808,908993,410072,498921,188189,628532,-440343,29.368886890101766,-25.920704399790914
2024-07-23,UST BOND,020601,1687887,909763,397367,512396,184527,655447,-470920,30.357245479110865,-27.899971976797026
2024-07-30,UST BOND,020601,1698988,915182,397078,518104,205020,671071,-466051,30.494859292708366,-27.43109427494485
2024-08-06,UST BOND,020601,1764559,924536,397352,527184,208192,703739,-495547,29.876246699600298,-28.083334136177935
2024-08-13,UST BOND,020601,1735131,875451,399112,476339,209475,706873,-497398,27.452624614510373,-28.66630819229211
2024-08-20,UST BOND,020601,1781757,880342,406054,474288,203141,726692,-523551,26.619118095228472,-29.38397323540752
2024-08-27,UST BOND,020601,1782638,873812,392586,481226,196411,696935,-500524,26.995161103936976,-28.07771403953018
2024-09-03,UST BOND,020601,1732923,892292,408119,484173,198736,723853,-525117,27.939671872322084,-30.30238504538286
2024-09-10,UST BOND,020601,1728586,914129,403438,510691,196334,739102,-542768,29.54385839061522,-31.399536962580978
2024-09-17,UST BOND,020601,1757650,939143,417768,521375,194290,789429,-595139,29.663186641253947,-33.85992660654852
2024-09-24,UST BOND,020601,1755961,934484,415195,519289,205130,796799,-591669,29.572923316634025,-33.694882745117916
2024-10-01,UST BOND,020601,1752653,913677,435219,478458,208826,742567,-533741,27.299071750084014,-30.45331848346478
2024-10-08,UST BOND,020601,1764064,929788,463345,466443,215668,744712,-529044,26.44138761405482,-29.990068387541495
2024-10-15,UST BOND,020601,1782171,943162,457022,486140,237491,760774,-523283,27.277966031317984,-29.36210947209892
2024-10-22,UST BOND,020601,1770150,923658,440145,483513,244319,776861,-532542,27.314803830183884,-30.084569104313193
2024-10-29,UST BOND,020601,1827927,938307,442556,495751,283852,801527,-517675,27.120940825317422,-28.320332267098195
2024-11-05,UST BOND,020601,1878905,971865,437635,534230,299033,809636,-510603,28.43305010098967,-27.17556236212049
2024-11-12,UST BOND,020601,1933281,1010681,446818,563863,291743,826295,-534552,29.166117082824485,-27.649989835931766
2024-11-19,UST BOND,020601,2060744,1000073,440009,560064,280881,836820,-555939,27.177757159550143,-26.9775867356644
2024-11-26,UST BOND,020601,1858990,982651,445588,537063,278696,783606,-504910,28.89004244240152,-27.160447339684453
2024-12-03,UST BOND,020601,1857562,1010697,447737,562960,275782,793833,-518051,30.30639084994202,-27.888759567648346
2024-12-10,UST BOND,020601,1862376,1010872,456880,553992,278673,784630,-505957,29.746517352027734,-27.16728523133889
2024-12-17,UST BOND,020601,1862228,1028106,443298,584808,276817,785616,-508799,31.403673449223188,-27.32205723466729
2024-12-24,UST BOND,020601,1879994,1041851,433132,608719,292652,786887,-494235,32.378773549277284,-26.28917964631802
2024-12-31,UST BOND,020601,1914824,1040916,452700,588216,310373,797398,-487025,30.719063475285456,-25.434452461427263
2025-01-07,UST BOND,020601,1927416,1024502,478772,545730,328569,783133,-454564,28.314074387677596,-23.584114690341888
2025-01-14,UST BOND,020601,1940717,1034278,484999,549279,336950,794760,-457810,28.302890117415366,-23.58973513397368
2025-01-21,UST BOND,020601,1923062,1016184,496044,520140,338455,767818,-429363,27.047489888521536,-22.327049257902242
2025-01-28,UST BOND,020601,1959055,1038668,525339,513329,357344,793188,-435844,26.20288863763396,-22.247665328436415
2025-02-04,UST BOND,020601,1967606,1035936,496332,539604,351599,816930,-465331,27.42439289166632,-23.649602613531368
2025-02-11,UST BOND,020601,2038280,1070159,511439,558720,369758,819808,-450050,27.411346821830172,-22.079890888396097
2025-02-18,UST BOND,020601,2060795,1056735,504468,552267,376899,816910,-440011,26.798735439478452,-21.351517254263523
2025-02-25,UST BOND,020601,2206218,1053905,493352,560553,310554,781123,-470569,25.407869938510157,-21.329215879845055
2025-03-04,UST BOND,020601,1931873,1082500,500092,582408,228545,758698,-530153,30.14732334889509,-27.442435398186113
2025-03-11,UST BOND,020601,1854304,1067954,515230,552724,194879,738210,-543331,29.807625934043177,-29.30107468893989
2025-03-18,UST BOND,020601,1851155,1067550,548018,519532,187828,681839,-494011,28.065288968238747,-26.686636181194984
2025-03-25,UST BOND,020601,1827574,1099970,539865,560105,134326,644289,-509963,30.647459418879894,-27.90382222552958
2025-04-01,UST BOND,020601,1847155,1112338,552820,559518,125707,631023,-505316,30.290798552368372,-27.356448159466854
2025-04-08,UST BOND,020601,1843704,1089694,542035,547659,134199,650186,-515987,29.704280079665715,-27.986433831027107
2025-04-15,UST BOND,020601,1806394,1155160,535206,619954,84161,668124,-583963,34.31997670497134,-32.32755423235462
2025-04-22,UST BOND,020601,1809987,1165429,509464,655965,70220,661174,-590954,36.24142051848991,-32.64962676527511
2025-04-29,UST BOND,020601,1804883,1153710,528228,625482,54567,599491,-544924,34.65498871672014,-30.191652312088927
2025-05-06,UST BOND,020601,1803444,1143209,515035,628174,53146,616434,-563288,34.83191050013197,-31.234016692506117
2025-05-13,UST BOND,020601,1829814,1145831,526506,619325,47874,613903,-566029,33.84633629429002,-30.933690528108322
2025-05-20,UST BOND,020601,1852776,1130324,522396,607928,53881,613832,-559951,32.811737630452896,-30.22227187744228
2025-05-27,UST BOND,020601,1899157,1110225,546357,563868,69785,563700,-493915,29.690436335700525,-26.00706523999859
2025-06-03,UST BOND,020601,1763931,1087503,514401,573102,91692,573327,-481635,32.49004637936518,-27.304639467190043
2025-06-10,UST BOND,020601,1728442,1074794,527954,546840,82858,516860,-434002,31.637740809353165,-25.10943381380457
2025-06-17,UST BOND,020601,1742962,1077213,528717,548496,80861,497953,-417092,31.469188657010307,-23.93006846965109
2025-06-24,UST BOND,020601,1772802,1098500,537547,560953,77609,522543,-444934,31.642168724990157,-25.097783057555215
2025-07-01,UST BOND,020601,1813559,1130639,585186,545453,90019,505529,-415510,30.076385714498397,-22.9113031337828
2025-07-08,UST BOND,020601,1837209,1154211,585505,568706,91132,518809,-427677,30.954888638146233,-23.27862534964721
2025-07-15,UST BOND,020601,1805188,1123130,576737,546393,76363,519270,-442907,30.267927772619803,-24.535228463738957
2025-07-22,UST BOND,020601,1792894,1100148,595146,505002,87110,493931,-406821,28.166863183211053,-22.690744684292547
2025-07-29,UST BOND,020601,1799806,1112178,595243,516935,93324,523061,-429737,28.721706672830294,-23.8768511717374
2025-08-05,UST BOND,020601,1761141,1108159,613564,494595,69263,451441,-382178,28.0837820481154,-21.700590696599534
2025-08-12,UST BOND,020601,1788781,1118801,604667,514134,92595,444584,-351989,28.742143392623245,-19.677590493190614
2025-08-19,UST BOND,020601,1809428,1109821,582706,527115,86504,436450,-349946,29.131581914284514,-19.340145062417516
2025-08-26,UST BOND,020601,2245352,1101511,565245,536266,89759,423485,-333726,23.883382204661007,-14.862970260342253
2025-09-02,UST BOND,020601,1807579,1135270,543906,591364,78290,469785,-391495,32.71580384591766,-21.65852778772048
2025-09-09,UST BOND,020601,1844142,1144020,571954,572066,101446,479879,-378433,31.020713155494533,-20.520816726694584
2025-09-16,UST BOND,020601,1834998,1132760,628501,504259,95725,462275,-366550,27.480084446958525,-19.97549861089767
2025-09-23,UST BOND,020601,1842191,1118166,638987,479179,101920,469745,-367825,26.01136364253218,-19.96671354924652
2025-09-30,UST BOND,020601,1844283,1137024,637772,499252,97636,463885,-366249,27.070248980227003,-19.858611720652416
2025-10-07,UST BOND,020601,1888082,1135333,664064,471269,108569,494607,-386038,24.960197703277718,-20.44603994953609
2025-10-14,UST BOND,020601,1888548,1160041,703597,456444,115736,501146,-385410,24.169044154556833,-20.40774182070035
2025-10-21,UST BOND,020601,1916989,1160498,705915,454583,120844,514939,-394095,23.713385940138416,-20.558020938043985
2025-10-28,UST BOND,020601,1910303,1151272,712143,439129,123442,497343,-373901,22.987400428099626,-19.572863571904563
2025-11-04,UST BOND,020601,1901363,1151444,698143,453301,124766,509910,-385144,23.840844699302554,-20.256205679820212
2025-11-10,UST BOND,020601,1880849,1115554,683893,431661,118327,491121,-372794,22.950327219250454,-19.82051722387071
2025-11-18,UST BOND,020601,1885138,1121629,662784,458845,102419,517759,-415340,24.340127884536834,-22.032339277018448
2025-11-25,UST BOND,020601,1921638,1085466,652002,433464,103719,483075,-379356,22.557006054210003,-19.74128321775485
2025-12-02,UST BOND,020601,1842126,1084166,623378,460788,104671,473577,-368906,25.013924128968377,-20.026100277614017
2025-12-09,UST BOND,020601,1787424,1075284,607739,467545,82982,445205,-362223,26.157475786383085,-20.265085396637843
2025-12-16,UST BOND,020601,1864082,1110719,594517,516202,106009,468744,-362735,27.69202213207359,-19.459176152122062
2025-12-23,UST BOND,020601,1852267,1088073,601170,486903,121272,461873,-340601,26.286869009705406,-18.38833170379864
2025-12-30,UST BOND,020601,1848982,1113364,620661,492703,125168,464862,-339694,26.647257788339747,-18.371947374284876
2026-01-06,UST BOND,020601,1871364,1125880,612239,513641,123532,497063,-373531,27.44741268935386,-19.960360464345793
2026-01-13,UST BOND,020601,1815614,1109236,575481,533755,106484,504346,-397862,29.398043857339722,-21.913358235836473
2026-01-20,UST BOND,020601,1832790,1084838,585717,499121,119199,506216,-387017,27.23285264542037,-21.11627627824246
2026-01-27,UST BOND,020601,1835009,1049454,556795,492659,122701,496012,-373311,26.84777022891986,-20.343823926749135
2026-02-03,UST BOND,020601,1727709,999269,569505,429764,125551,454924,-329373,24.87479083572523,-19.064147955471668
2026-02-10,UST BOND,020601,1760556,1026670,562252,464418,134668,467539,-332871,26.379052980990096,-18.90715205878143
2026-02-17,UST BOND,020601,1837592,1063481,569756,493725,143534,530021,-386487,26.868042525217785,-21.032253079029513
2026-02-24,UST BOND,020601,2036881,1047470,569459,478011,132752,518262,-385510,23.467792178335404,-18.92648613247411
2026-03-03,UST BOND,020601,1835511,1043525,580805,462720,148597,506588,-357991,25.20932862837651,-19.503615069590975
2026-03-10,UST BOND,020601,1800996,1011183,583306,427877,174879,469611,-294732,23.757798462628458,-16.364944730582412
2026-03-17,UST BOND,020601,1791160,1013061,578724,434337,183697,460696,-276999,24.248922485986736,-15.464782598986131
2026-03-24,UST BOND,020601,1792430,1060972,586204,474768,172685,470654,-297969,26.48739420786307,-16.623745418231117
2026-03-31,UST BOND,020601,1803899,1074985,699120,375865,143815,319425,-175610,20.83625524488899,-9.735023967528116
2026-04-07,UST BOND,020601,1786514,1065574,694100,371474,132898,317759,-184861,20.79323195899948,-10.347581938904481
2026-04-14,UST BOND,020601,1778844,1061713,683546,378167,122261,327779,-205518,21.25914357863871,-11.553458313376552
2026-04-21,UST BOND,020601,1804347,1081442,670002,411440,122270,338430,-216160,22.802709234975314,-11.97995729202864
2026-04-28,UST BOND,020601,1800714,1079155,681841,397314,123992,347821,-223829,22.064247848353485,-12.430013872275108
2026-05-05,UST BOND,020601,1829774,1077460,634957,442503,120081,405554,-285473,24.183478396785613,-15.60154423442458
2026-05-12,UST BOND,020601,1837021,1081513,619771,461742,133746,429942,-296196,25.13536862126236,-16.123713338062004
2026-05-19,UST BOND,020601,1879052,1079268,584170,495098,122422,448805,-326383,26.348286263498828,-17.369556563628894
2026-05-26,UST BOND,020601,2004616,1065732,595133,470599,124095,444841,-320746,23.475767927623046,-16.00037114340103
2026-06-02,UST BOND,020601,1875352,1102161,620510,481651,160099,440161,-280062,25.683231734629018,-14.933836421109211
2026-06-09,UST BOND,020601,1881987,1126823,648254,478569,173693,455626,-281933,25.42892166630269,-14.98060294784183
2026-06-16,UST BOND,020601,1944182,1156609,609578,547031,181473,491786,-310313,28.13682052400444,-15.961108579340824
2026-06-23,UST BOND,020601,1975001,1209593,609769,599824,157784,508730,-350946,30.37082006540756,-17.76940872435001
2026-06-30,UST BOND,020601,1923876,1115022,588136,526886,176947,518869,-341922,27.38669228162314,-17.77255914622356
2026-07-07,UST BOND,020601,1880170,1094267,563965,530302,148484,513967,-365483,28.205002739114015,-19.43882734008095
2026-07-14,UST BOND,020601,1843192,1076738,536705,540033,144821,510509,-365688,29.298792529481464,-19.839929860806688
2026-07-21,UST BOND,020601,1842498,1088094,529558,558536,140951,532337,-391386,30.31406275610611,-21.24213974723446
2026-07-28,UST BOND,020601,1859732,1091121,522853,568268,135950,525472,-389522,30.556445767454665,-20.945060901248137
2026-08-04,UST BOND,020601,1869874,1083237,531631,551606,140141,516367,-376226,29.499634734746834,-20.12039313878903
2026-08-11,UST BOND,020601,1862944,1061726,512076,549650,148363,513187,-364824,29.504375869591357,-19.58319734785372
2026-08-18,UST BOND,020601,1894436,1083456,485989,597467,125133,486516,-361383,31.537988087219627,-19.076020514812853
2026-08-25,UST BOND,020601,2096351,1071112,549364,521748,115729,418723,-302994,24.88838939662299,-14.453400217807037
2026-09-01,UST BOND,020601,1811513,1102082,557613,544469,123117,426162,-303045,30.05603603175909,-16.728833853248638
2026-09-08,UST BOND,020601,1802308,1092635,559968,532667,133029,409994,-276965,29.554715398256015,-15.367240227530477
2026-09-15,UST BOND,020601,1867442,1096888,636226,460662,203681,415416,-211735,24.668075367267097,-11.338237010841569
2026-09-22,UST BOND,020601,1887864,1101700,688084,413616,201034,363086,-162052,21.90920532411233,-8.583881042278469
2026-09-29,UST BOND,020601,1879173,1111551,674595,436956,159474,410869,-251395,23.25256908225054,-13.377959347010627
