issue_date,security_type,coupon_rate_or_spread,cusip,maturity_date,total_issue,soma_federal_reserve_banks,depository_institutions,individuals,dealers_and_brokers,pension_and_retirement_funds_and_ins_co,investment_funds,foreign_and_international,other
,,,,,,,,,,,,,
2026-07-31 00:00:00,2-Year FRN,0.05,91282CRD5,2028-07-31,33.3172268,3.316834,0.1,0.0380614,11.0190182,0.0,16.7738132,2.0695,0.0
2026-07-31 00:00:00,2-Year Note,4.25,91282CRB9,2028-07-31,76.6288421,7.6287182,0.01,0.8946855,7.4343932,0.003,54.1073202,6.51,0.040725
2026-07-31 00:00:00,5-Year Note,4.375,91282CRA1,2031-07-31,77.7392809,7.7392794,0.0,0.1309065,10.46011,0.0,52.773925,6.62256,0.0125
2026-07-31 00:00:00,7-Year Note,4.375,91282CRC7,2033-07-31,48.864691,4.8646898,0.0,0.0855272,7.56611,0.003,31.103714,5.24165,0.0
2026-07-31 00:00:00,10-Year TIPS Note,2.375,91282CRE3,2036-07-15,23.3217847,2.3217837,0.0,0.133711,2.21444,0.0,16.15935,2.4915,0.001
2026-07-24 00:00:00,20-Year Bond,5.0,912810UV8,2046-05-15,13.0000085,0.0,0.0,0.1105085,2.09913,0.0,8.77693,2.00494,0.0085
2026-07-15 00:00:00,3-Year Note,4.125,91282CQZ7,2029-07-15,64.0316438,6.0316354,0.0095,0.1809614,5.2751295,0.0,45.6972175,6.8322,0.005
2026-07-15 00:00:00,10-Year Note,4.375,91282CQQ7,2036-05-15,43.0558752,4.0557548,0.00075,0.0715227,4.0329153,0.0,29.1027824,5.78815,0.004
2026-07-15 00:00:00,30-Year Bond,5.0,912810UU0,2056-05-15,24.2878937,2.2878616,0.000713,0.0446673,2.77526,0.0,16.1100518,3.06534,0.004
2026-06-30 00:00:00,2-Year Note,4.125,91282CQY0,2028-06-30,79.3287058,10.3286944,0.0,0.7573464,7.75689,0.05,53.458525,6.942,0.03525
2026-06-30 00:00:00,5-Year TIPS Note,1.25,91282CQP9,2031-04-15,27.5925917,3.5925893,0.0,0.0857524,0.956075,0.0,20.155575,2.8026,0.0
2026-06-30 00:00:00,5-Year Note,4.125,91282CQX2,2031-06-30,80.4784034,10.4783856,0.005,0.1280381,10.295731,0.075,50.6264065,8.8648422,0.005
2026-06-30 00:00:00,7-Year Note,4.25,91282CQW4,2033-06-30,50.5864374,6.5864137,0.025,0.0728617,6.429048,0.05,31.559314,5.8638,0.0
2026-06-26 00:00:00,2-Year FRN,0.103,91282CQM6,2028-04-30,28.0001622,0.0,0.0,0.0190872,9.681175,0.0,18.2999,0.0,0.0
2026-06-22 00:00:00,20-Year Bond,5.0,912810UV8,2046-05-15,13.0000317,0.0,0.0,0.0816678,1.372971,0.0,10.0634129,1.48198,0.0
2026-06-15 00:00:00,3-Year Note,4.125,91282CQV6,2029-06-15,58.0000192,0.0,0.0085,0.2441161,9.870912,0.05,42.1809911,5.6365,0.009
2026-06-15 00:00:00,10-Year Note,4.375,91282CQQ7,2036-05-15,39.000001,0.0,0.0,0.0853206,4.752275,0.0,28.9622554,5.20015,0.0
2026-06-15 00:00:00,30-Year Bond,5.0,912810UU0,2056-05-15,22.0000228,0.0,0.0,0.0405798,3.96603,0.0,15.722813,2.2706,0.0
2026-06-01 00:00:00,2-Year Note,4.0,91282CQS3,2028-05-31,79.1805037,10.1804522,1.017,0.6908035,9.122218,0.0031,48.20343,9.9232,0.0403
2026-06-01 00:00:00,5-Year Note,4.125,91282CQU8,2031-05-31,80.328049,10.327995,0.025,0.1411515,10.0328744,0.0031,50.8466446,8.9462835,0.005
2026-06-01 00:00:00,7-Year Note,4.25,91282CQT1,2033-05-31,50.4918888,6.4918826,0.0,0.0820691,5.34169,0.0,32.9253021,5.650945,0.0
2026-06-01 00:00:00,20-Year Bond,5.0,912810UV8,2046-05-15,18.3606882,2.3606845,0.0,0.2311807,2.012006,0.025,12.51171,1.220107,0.0
2026-05-29 00:00:00,2-Year FRN,0.103,91282CQM6,2028-04-30,28.000453,0.0,0.0,0.0208837,7.71,0.0,20.2485693,0.021,0.0
2026-05-29 00:00:00,10-Year TIPS Note,1.875,91282CPU9,2036-01-15,19.0000075,0.0,0.0,0.0642455,2.598,0.0,14.648762,1.689,0.0
2026-05-15 00:00:00,3-Year Note,3.875,91282CQR5,2029-05-15,71.7718914,13.7718912,0.005,0.1863107,10.4940545,0.05,41.635935,5.6287,0.0
2026-05-15 00:00:00,10-Year Note,4.375,91282CQQ7,2036-05-15,51.9727911,9.9727487,0.025,0.1310244,6.2176,0.065,29.331818,6.2296,0.0
2026-05-15 00:00:00,30-Year Bond,5.0,912810UU0,2056-05-15,30.9361655,5.9361599,0.01,0.062324,3.54046,0.275,18.340383,2.7668386,0.005
2026-04-30 00:00:00,2-Year FRN,0.103,91282CQM6,2028-04-30,33.7758658,3.7757156,0.0,0.0315202,10.37561,0.0,14.93902,4.654,0.0
2026-04-30 00:00:00,2-Year Note,3.75,91282CQL8,2028-04-30,77.6842211,8.6841457,0.005,0.5404213,8.95756,0.004,50.3092941,9.1584,0.0254
2026-04-30 00:00:00,5-Year TIPS Note,1.25,91282CQP9,2031-04-15,29.272293,3.2722867,0.0,0.1745273,2.35668,0.02,21.184599,2.2392,0.025
2026-04-30 00:00:00,5-Year Note,3.875,91282CQK0,2031-04-30,78.8100106,8.8100029,0.0,0.1137851,10.2852396,0.004,51.174663,8.41732,0.005
2026-04-30 00:00:00,7-Year Note,4.125,91282CQN4,2033-04-30,49.5377717,5.537716,0.025,0.0881739,6.0204638,0.0,32.049218,5.8172,0.0
2026-04-30 00:00:00,20-Year Bond,4.625,912810UT3,2046-02-15,14.6361443,1.6361433,0.0,0.055853,1.62854,0.0,9.707268,1.60834,0.0
2026-04-15 00:00:00,3-Year Note,3.875,91282CQJ3,2029-04-15,68.2854995,10.2854004,0.0,0.1769162,8.169451,0.0,42.8102319,6.834,0.0095
2026-04-15 00:00:00,10-Year Note,4.125,91282CPZ8,2036-02-15,45.9160474,6.9160451,0.0,0.0780338,5.0292675,0.0,28.103468,5.789233,0.0
2026-04-15 00:00:00,30-Year Bond,4.75,912810UR7,2056-02-15,25.9013862,3.9013587,0.0,0.0267897,3.242592,0.002,16.4151932,2.3134526,0.0
2026-03-31 00:00:00,2-Year Note,3.875,91282CQH7,2028-03-31,76.1294461,7.1297342,0.0028,0.4554399,18.1364,0.0185,44.320322,6.024,0.04225
2026-03-31 00:00:00,5-Year Note,3.875,91282CQG9,2031-03-31,77.2329495,7.2330637,0.0035,0.1405168,12.4824,0.0035,48.187689,9.16728,0.015
2026-03-31 00:00:00,7-Year Note,4.25,91282CQF1,2033-03-31,48.5466268,4.5464972,0.0,0.1026886,6.536652,0.02,30.359904,6.975885,0.005
2026-03-31 00:00:00,10-Year TIPS Note,1.875,91282CPU9,2036-01-15,20.962289,1.9632601,0.0,0.0439364,1.7538125,0.0,15.45438,1.7469,0.0
2026-03-31 00:00:00,20-Year Bond,4.625,912810UT3,2046-02-15,14.3431324,1.3432832,0.0,0.0400316,1.553371,0.0,9.3427116,2.063735,0.0
2026-03-27 00:00:00,2-Year FRN,0.099,91282CPX3,2028-01-31,27.9948262,0.0,0.0,0.0120282,14.08774,0.0,13.885058,0.01,0.0
2026-03-16 00:00:00,3-Year Note,3.5,91282CQE4,2029-03-15,58.0144885,0.0146219,0.005,0.1209066,12.85094,0.0,36.93112,8.0919,0.0
2026-03-16 00:00:00,10-Year Note,4.125,91282CPZ8,2036-02-15,39.0098996,0.0098319,0.5,0.0762312,5.9406748,0.0,25.5588077,6.924354,0.0
2026-03-16 00:00:00,30-Year Bond,4.75,912810UR7,2056-02-15,22.0055773,0.0055462,0.0,0.0455141,2.4696,0.0,16.96196,2.522957,0.0
2026-03-02 00:00:00,2-Year Note,3.375,91282CQB0,2028-02-29,77.2653684,8.2658266,0.0,0.3261129,7.366389,0.0035,48.0927399,13.1904,0.0204
2026-03-02 00:00:00,5-Year Note,3.5,91282CQD6,2031-02-28,78.3856971,8.3856212,0.0,0.0779929,9.6080725,0.0035,47.6521705,12.64834,0.01
2026-03-02 00:00:00,7-Year Note,3.75,91282CQC8,2033-02-28,49.2710407,5.2709618,0.0,0.0453265,5.26724,0.042,28.0986124,10.5469,0.0
2026-03-02 00:00:00,20-Year Bond,4.625,912810UT3,2046-02-15,17.9168634,1.9167134,0.0,0.0518156,3.2801846,0.0,10.1587898,2.50936,0.0
2026-02-27 00:00:00,2-Year FRN,0.099,91282CPX3,2028-01-31,27.9988717,0.0,0.0,0.0161742,11.8886975,0.0,13.594,2.5,0.0
2026-02-27 00:00:00,30-Year TIPS Bond,2.375,912810US5,2056-02-15,8.9999732,0.0,0.0,0.0320975,0.323,0.008,7.2923757,1.3445,0.0
2026-02-17 00:00:00,3-Year Note,3.5,91282CQA2,2029-02-15,74.4343766,16.4345283,0.00205,0.1609339,6.755824,0.0,41.5614404,9.5196,0.0
2026-02-17 00:00:00,10-Year Note,4.125,91282CPZ8,2036-02-15,53.9008377,11.9008653,0.0,0.1552894,7.12145,0.0,25.838633,8.8846,0.0
2026-02-17 00:00:00,30-Year Bond,4.75,912810UR7,2056-02-15,32.0819005,7.0838483,0.0,0.0365672,2.04484,0.0,18.368945,4.5477,0.0
2026-02-02 00:00:00,2-Year FRN,0.099,91282CPX3,2028-01-31,32.1137611,2.1140233,0.0,0.0157329,11.11853,0.0,15.856004,3.0094709,0.0
2026-02-02 00:00:00,2-Year Note,3.5,91282CGH8,2028-01-31,73.8613814,4.8622536,0.00505,0.3425348,5.512925,0.01,43.011268,20.0924,0.02495
2026-02-02 00:00:00,5-Year Note,3.75,91282CPW5,2031-01-31,74.932863,4.932721,0.0,0.138105,8.105216,0.045,46.223151,15.47367,0.015
2026-02-02 00:00:00,7-Year Note,4.0,91282CPY1,2033-01-31,47.1006887,3.1005674,0.0,0.1113863,5.52605,0.0,27.554285,10.8084,0.0
2026-02-02 00:00:00,20-Year Bond,4.625,912810UQ9,2045-11-15,13.9159724,0.9160767,0.0,0.0468572,1.0471501,0.0,9.9836884,1.9222,0.0
2026-01-30 00:00:00,10-Year TIPS Note,1.875,91282CPU9,2036-01-15,20.9998616,0.0,0.0,0.1329091,2.92834,0.025,14.7718625,3.14175,0.0
2026-01-15 00:00:00,3-Year Note,3.5,91282CPT2,2029-01-15,74.8823651,16.8823591,0.0005,0.1959852,8.8049158,0.0,38.79695,10.196655,0.005
2026-01-15 00:00:00,10-Year Note,4.0,91282CPJ4,2035-11-15,50.3521613,11.351931,0.0,0.0761875,3.0895725,0.0,27.2002303,8.63424,0.0
2026-01-15 00:00:00,30-Year Bond,4.625,912810UP1,2055-11-15,28.4037182,6.4036534,0.0,0.0270609,3.15607,0.0,14.6063229,4.205611,0.005
2025-12-31 00:00:00,2-Year Note,3.375,91282CPS4,2027-12-31,76.3525059,7.3536772,0.0,0.2971817,9.5804,0.0295,45.575907,13.5009,0.01494
2025-12-31 00:00:00,5-Year TIPS Note,1.125,91282CPH8,2030-10-15,26.5574646,2.5578007,0.0,0.0647339,1.38099,0.0,17.28085,5.27309,0.0
2025-12-31 00:00:00,5-Year Note,3.625,91282CPR6,2030-12-31,77.4602436,7.4602523,7.5e-05,0.1077158,6.9109625,0.025,47.881248,15.07499,0.0
2025-12-31 00:00:00,7-Year Note,3.875,91282CPQ8,2032-12-31,48.689413,4.6893014,0.0,0.0891489,4.8736025,0.028,29.1737602,9.8356,0.0
2025-12-31 00:00:00,20-Year Bond,4.625,912810UQ9,2045-11-15,14.3854292,1.3854754,0.0,0.0578227,1.96129,0.0,8.8132411,2.1676,0.0
2025-12-26 00:00:00,2-Year FRN,0.19,91282CPG0,2027-10-31,27.9997503,0.0,0.0,0.0126403,9.35537,0.0,18.246,0.345,0.04074
2025-12-15 00:00:00,3-Year Note,3.5,91282CPP0,2028-12-15,58.0005143,0.0,0.0,0.1761993,5.7650575,0.0,42.41843,9.6408275,0.0
2025-12-15 00:00:00,10-Year Note,4.0,91282CPJ4,2035-11-15,38.9996103,0.0,0.0,0.0946843,4.18994,0.025,26.849586,7.8404,0.0
2025-12-15 00:00:00,30-Year Bond,4.625,912810UP1,2055-11-15,21.9890517,0.0,0.0,0.0322617,2.901302,0.01,15.131378,3.91411,0.0
2025-12-01 00:00:00,2-Year Note,3.375,91282CPL9,2027-11-30,76.8898757,7.8902874,0.0005,0.274682,8.306975,0.05,51.1676413,9.1816,0.01819
2025-12-01 00:00:00,5-Year Note,3.5,91282CPN5,2030-11-30,78.0046469,8.0046394,0.0,0.0853405,8.542745,0.0545,51.519262,9.79316,0.005
2025-12-01 00:00:00,7-Year Note,3.75,91282CPM7,2032-11-30,49.0314184,5.0314875,0.0,0.059904,6.69348,0.05,31.5928174,5.6037295,0.0
2025-12-01 00:00:00,20-Year Bond,4.625,912810UQ9,2045-11-15,17.8296735,1.8296318,0.0,0.0889362,2.1289875,0.005,11.840298,1.93682,0.0
2025-11-28 00:00:00,2-Year FRN,0.19,91282CPG0,2027-10-31,27.9999353,0.0,0.002,0.0174953,10.19194,0.0,17.7885,0.0,0.0
2025-11-28 00:00:00,10-Year TIPS Note,1.875,91282CNS6,2035-07-15,18.9963943,0.0,0.0,0.0317483,3.05573,0.0,13.845116,2.0638,0.0
2025-11-17 00:00:00,3-Year Note,3.5,91282CPK1,2028-11-15,67.0333178,9.0335938,0.001,0.1535774,6.2082,0.0,41.2397066,10.39724,0.0
2025-11-17 00:00:00,10-Year Note,4.0,91282CPJ4,2035-11-15,48.5418649,6.5415679,0.0,0.1559118,5.319168,0.0,27.86154,8.6636772,0.0
2025-11-17 00:00:00,30-Year Bond,4.625,912810UP1,2055-11-15,28.8855404,3.8937904,0.0,0.045328,4.278484,0.0,16.733808,3.93413,0.0
2025-10-31 00:00:00,2-Year FRN,0.19,91282CPG0,2027-10-31,31.7223785,1.7226614,0.1,0.0098371,11.24395,0.0,16.40093,2.245,0.0
2025-10-31 00:00:00,2-Year Note,3.5,91282CPE5,2027-10-31,72.962575,3.9621212,0.0,0.3055098,8.47536,0.0095,53.257055,6.937159,0.01587
2025-10-31 00:00:00,5-Year TIPS Note,1.125,91282CPH8,2030-10-15,27.4828844,1.4929731,0.0,0.1164357,3.6520665,0.03,19.6242091,2.5672,0.0
2025-10-31 00:00:00,5-Year Note,3.625,91282CPD7,2030-10-31,74.0194476,4.0195432,0.002,0.0788734,7.13515,0.029,51.832393,10.917488,0.005
2025-10-31 00:00:00,7-Year Note,3.75,91282CPF2,2032-10-31,46.5266052,2.5265701,8e-05,0.0450974,6.487828,0.025,31.761297,5.6807327,0.0
2025-10-31 00:00:00,20-Year Bond,4.875,912810UN6,2045-08-15,13.7466894,0.7464865,0.0,0.0581668,1.673,0.0,10.0349561,1.22608,0.008
2025-10-15 00:00:00,3-Year Note,3.5,91282CPC9,2028-10-15,59.0765228,1.0766717,0.000135,0.1480917,7.128788,0.0,45.3348364,5.383,0.005
2025-10-15 00:00:00,10-Year Note,4.25,91282CNT4,2035-08-15,39.7239436,0.7239688,0.0,0.0782978,4.421221,0.0,27.647726,6.85273,0.0
2025-10-15 00:00:00,30-Year Bond,4.75,912810UM8,2055-08-15,22.3983816,0.4083927,0.0,0.0455314,2.459437,0.0,16.5709845,2.911036,0.003
2025-09-30 00:00:00,2-Year Note,3.5,91282CPB1,2027-09-30,72.8098119,3.8100685,0.0,0.2948511,9.38313,0.235,50.7519473,8.319,0.015815
2025-09-30 00:00:00,5-Year Note,3.625,91282CPA3,2030-09-30,73.8652778,3.8652869,0.0,0.0895687,9.3647232,0.025,50.348679,10.16702,0.005
2025-09-30 00:00:00,7-Year Note,3.875,91282CNZ0,2032-09-30,46.4298146,2.4296089,7.5e-05,0.0554313,6.1351021,0.025,32.3008473,5.48075,0.003
2025-09-30 00:00:00,10-Year TIPS Note,1.875,91282CNS6,2035-07-15,20.0490267,1.0491492,0.0,0.043065,3.691105,0.0,13.6318075,1.6339,0.0
2025-09-30 00:00:00,20-Year Bond,4.875,912810UN6,2045-08-15,13.7074394,0.7178389,0.0,0.0976613,1.23994,0.0,9.9359992,1.716,0.0
2025-09-26 00:00:00,2-Year FRN,0.159,91282CNQ0,2027-07-31,27.9981247,0.0,0.0,0.0287747,9.131355,0.033315,18.43968,0.365,0.0
2025-09-15 00:00:00,3-Year Note,3.375,91282CNY3,2028-09-15,57.9996781,0.0,0.001,0.2081479,6.05442,0.0,43.3821102,8.354,0.0
2025-09-15 00:00:00,10-Year Note,4.25,91282CNT4,2035-08-15,38.9987933,0.0,2.0,0.1123813,2.4894,0.0,26.893492,7.49852,0.005
2025-09-15 00:00:00,30-Year Bond,4.75,912810UM8,2055-08-15,21.9999112,0.0,0.0,0.0437622,2.767051,0.0,16.092898,3.0962,0.0
2025-09-02 00:00:00,2-Year Note,3.625,91282CNV9,2027-08-31,77.3265646,8.3275996,0.0,0.3350608,7.8956,0.062,53.4634492,7.232,0.010855
2025-09-02 00:00:00,5-Year Note,3.625,91282CNX5,2030-08-31,78.4485167,8.4482894,0.0003,0.1068773,7.231301,0.0,51.988794,10.662955,0.01
2025-09-02 00:00:00,7-Year Note,3.875,91282CNW7,2032-08-31,49.3104017,5.3103533,0.0,0.0957634,5.0764,0.0,31.297895,7.52999,0.0
2025-09-02 00:00:00,20-Year Bond,4.875,912810UN6,2045-08-15,17.9289879,1.9310375,0.0,0.1548304,2.406878,0.0,11.607262,1.82558,0.0034
2025-08-29 00:00:00,2-Year FRN,0.159,91282CNQ0,2027-07-31,27.9999781,0.0,0.0,0.0186656,6.6847,0.0580875,20.438525,0.0,0.8
2025-08-29 00:00:00,30-Year TIPS Bond,2.375,912810UH9,2055-02-15,7.9991582,0.0,0.0,0.0334088,0.3698755,0.0,6.7988739,0.787,0.01
2025-08-15 00:00:00,3-Year Note,3.625,91282CNU1,2028-08-15,77.6833838,19.6836884,0.0,0.1429704,11.663735,0.0,40.69084,5.49215,0.01
2025-08-15 00:00:00,10-Year Note,4.25,91282CNT4,2035-08-15,56.2541677,14.2537054,3.5285,0.1429183,7.827978,0.0,24.257621,6.243445,0.0
2025-08-15 00:00:00,30-Year Bond,4.75,912810UM8,2055-08-15,33.4843195,8.4843484,0.0,0.0541091,5.086875,0.0,16.784567,3.07442,0.0
2025-07-31 00:00:00,2-Year FRN,0.159,91282CNQ0,2027-07-31,32.0428188,2.0428795,0.1,0.0240743,13.072005,0.025,13.11386,2.665,1.0
2025-07-31 00:00:00,2-Year Note,3.875,91282CNP2,2027-07-31,73.6988239,4.6986228,0.79245,0.5635956,8.0634425,0.005,50.232468,9.32715,0.016095
2025-07-31 00:00:00,5-Year Note,3.875,91282CNN7,2030-07-31,74.7671213,4.7667186,0.0002,0.1705073,9.390536,0.0,51.140344,9.2858724,0.012943
2025-07-31 00:00:00,7-Year Note,4.0,91282CNR8,2032-07-31,46.9965973,2.9962231,0.0,0.0818465,2.1398,0.0,34.8788577,6.89987,0.0
2025-07-31 00:00:00,10-Year TIPS Note,1.875,91282CNS6,2035-07-15,22.4300949,1.4300156,0.0,0.0868574,1.219066,0.015,16.5091559,3.17,0.0
2025-07-31 00:00:00,20-Year Bond,5.0,912810UL0,2045-05-15,13.8849508,0.8852477,0.0,0.1220181,1.691975,0.0,10.01903,1.16668,0.0
2025-07-15 00:00:00,3-Year Note,3.875,91282CNM9,2028-07-15,64.8628916,6.8627586,0.004,0.133064,10.93,0.0,42.173294,4.750025,0.00975
2025-07-15 00:00:00,10-Year Note,4.25,91282CNC1,2035-05-15,43.6146824,4.6146135,0.0,0.1022678,5.14009,0.0,28.4253211,5.33239,0.0
2025-07-15 00:00:00,30-Year Bond,4.75,912810UK2,2055-05-15,24.6032381,2.6031153,0.0,0.0263578,3.37575,0.0,16.556895,2.04112,0.0
2025-06-30 00:00:00,2-Year Note,3.75,91282CNL1,2027-06-30,75.8662946,6.8664285,0.0004,0.2647371,10.51445,0.01255,50.695754,7.494,0.017975
2025-06-30 00:00:00,5-Year TIPS Note,1.625,91282CNB3,2030-04-15,25.288168,2.2888094,0.0,0.0760977,1.7208205,0.0,20.1857964,1.016644,0.0
2025-06-30 00:00:00,5-Year Note,3.875,91282CNK3,2030-06-30,76.9655527,6.9659419,0.0,0.1532804,8.4311984,0.0,52.529472,8.86996,0.0157
2025-06-30 00:00:00,7-Year Note,4.0,91282CNJ6,2032-06-30,48.3786247,4.378592,0.0,0.1136182,6.0976125,0.0,31.276732,6.51207,0.0
2025-06-30 00:00:00,20-Year Bond,5.0,912810UL0,2045-05-15,14.2934781,1.2936749,0.0,0.0871868,2.0080044,0.0,9.888752,1.01586,0.0
2025-06-27 00:00:00,2-Year FRN,0.16,91282CMX6,2027-04-30,27.9999614,0.0,0.0,0.0170534,16.096,0.05,11.536908,0.3,0.0
2025-06-16 00:00:00,3-Year Note,3.875,91282CNH0,2028-06-15,59.0430184,1.0430642,0.0005,0.5334352,10.149919,0.0,40.9666,6.3495,0.0
2025-06-16 00:00:00,10-Year Note,4.25,91282CNC1,2035-05-15,39.7014072,0.7013706,0.0,0.1755526,4.46198,0.0,29.069684,5.29282,0.0
2025-06-16 00:00:00,30-Year Bond,4.75,912810UK2,2055-05-15,22.3956399,0.395645,0.0,0.0609979,3.125504,0.0,16.295063,2.51843,0.0
2025-06-02 00:00:00,2-Year Note,3.875,91282CNE7,2027-05-31,78.4413308,9.4462048,0.0,0.409778,9.067003,0.0045,53.564345,5.9375,0.012
2025-06-02 00:00:00,5-Year Note,4.0,91282CNG2,2030-05-31,79.5830752,9.5831063,0.0,0.2899749,7.55102,0.005,54.514894,7.63408,0.005
2025-06-02 00:00:00,7-Year Note,4.125,91282CNF4,2032-05-31,50.0236961,6.0236667,1.0,0.1542639,2.85294,0.0,33.4909055,6.50192,0.0
2025-06-02 00:00:00,20-Year Bond,5.0,912810UL0,2045-05-15,18.189567,2.1904242,0.0,0.2545877,3.165255,0.0,11.3841451,1.195155,0.0
2025-05-30 00:00:00,2-Year FRN,0.16,91282CMX6,2027-04-30,27.9899686,0.0,0.0,0.0114171,11.0998275,0.0,15.478724,0.4,1.0
2025-05-30 00:00:00,10-Year TIPS Note,2.125,91282CML2,2035-01-15,17.983379,0.0,0.0,0.0622288,2.2331215,0.01,14.9266497,0.751379,0.0
2025-05-15 00:00:00,3-Year Note,3.75,91282CND9,2028-05-15,78.4735232,20.4735924,0.0,0.1084328,9.154048,0.0,43.18505,5.5524,0.0
2025-05-15 00:00:00,10-Year Note,4.25,91282CNC1,2035-05-15,56.825228,14.8257048,0.0,0.1434082,5.03975,0.0,28.941725,7.87464,0.0
2025-05-15 00:00:00,30-Year Bond,4.75,912810UK2,2055-05-15,33.8047827,8.8248243,0.025,0.0628084,4.1227865,0.0,17.763483,3.0058805,0.0
2025-04-30 00:00:00,2-Year FRN,0.16,91282CMX6,2027-04-30,32.0545414,2.0543726,0.1,0.0164488,16.10872,0.1,12.875,0.3,0.5
2025-04-30 00:00:00,2-Year Note,3.75,91282CMY4,2027-04-30,73.724682,4.725057,0.0,0.2475987,11.1520263,0.005,50.9639,6.618,0.0131
2025-04-30 00:00:00,5-Year TIPS Note,1.625,91282CNB3,2030-04-15,26.7114017,1.7119771,0.003595,0.2045776,4.62382,0.0465,18.842038,1.278894,0.0
2025-04-30 00:00:00,5-Year Note,3.875,91282CMZ1,2030-04-30,74.7938954,4.7935361,3.0,0.0987175,8.977276,0.005,50.1103658,7.804,0.005
2025-04-30 00:00:00,7-Year Note,4.0,91282CNA5,2032-04-30,47.0132959,3.0130797,0.0,0.1561032,7.7363,0.0,31.438063,4.66975,0.0
2025-04-30 00:00:00,20-Year Bond,4.75,912810UJ5,2045-02-15,13.8904196,0.8902281,0.0,0.116576,2.513823,0.008,9.3202125,1.04158,0.0
2025-04-15 00:00:00,3-Year Note,3.75,91282CMW8,2028-04-15,67.6805871,9.6807813,0.0,0.1004888,13.434547,0.0,39.72517,4.7396,0.0
2025-04-15 00:00:00,10-Year Note,4.625,91282CMM0,2035-02-15,45.5081839,6.5094909,0.0,0.154856,5.4267295,0.0,26.2494075,7.1677,0.0
2025-04-15 00:00:00,30-Year Bond,4.625,912810UG1,2055-02-15,25.6720874,3.6720204,0.0,0.1789043,3.287688,0.0035,16.2002747,2.3297,0.0
2025-03-31 00:00:00,2-Year Note,3.875,91282CMV0,2027-03-31,71.0376122,2.0379928,0.0,0.8064341,8.7869,0.003,52.5512853,6.839,0.013
2025-03-31 00:00:00,5-Year Note,4.0,91282CMU2,2030-03-31,72.0676442,2.0675289,0.0,0.2380148,10.2671165,0.0,53.471224,6.01876,0.005
2025-03-31 00:00:00,7-Year Note,4.125,91282CMT5,2032-03-31,45.299526,1.2995896,0.0,0.1662032,6.5087692,0.0,33.800444,3.52452,0.0
2025-03-31 00:00:00,10-Year TIPS Note,2.125,91282CML2,2035-01-15,18.5315325,0.5316502,0.0,0.0933965,1.837049,0.005,14.197188,1.8472488,0.02
2025-03-31 00:00:00,20-Year Bond,4.75,912810UJ5,2045-02-15,13.374696,0.3839696,0.0,0.1194741,1.575,0.0,10.2577523,1.0385,0.0
2025-03-28 00:00:00,2-Year FRN,0.098,91282CMJ7,2027-01-31,27.998508,0.0,0.0,0.013388,10.75497,0.0,17.23015,0.0,0.0
2025-03-17 00:00:00,3-Year Note,3.875,91282CMS7,2028-03-15,58.9829152,0.9830955,7.5e-05,0.2965551,8.0095995,0.0,44.7815901,4.912,0.0
2025-03-17 00:00:00,10-Year Note,4.625,91282CMM0,2035-02-15,39.6602535,0.6610469,0.9526,0.151766,6.304791,0.0,26.9537556,4.636294,0.0
2025-03-17 00:00:00,30-Year Bond,4.625,912810UG1,2055-02-15,22.3629035,0.3728982,0.01,0.1021793,4.30154,0.0,15.4358835,2.1404025,0.0
2025-02-28 00:00:00,2-Year FRN,0.098,91282CMJ7,2027-01-31,30.8216142,2.8221295,0.0,0.0256207,9.78482,0.05,18.139044,0.0,0.0
2025-02-28 00:00:00,2-Year Note,4.125,91282CMP3,2027-02-28,75.9537881,6.9545333,0.0,0.7988726,6.251825,0.0,54.8395572,7.089,0.02
2025-02-28 00:00:00,5-Year Note,4.0,91282CGQ8,2030-02-28,77.0553258,7.0553235,0.0,0.3315743,8.61466,0.0,53.382332,7.666436,0.005
2025-02-28 00:00:00,7-Year Note,4.125,91282CMR9,2032-02-29,48.4350466,4.4347748,0.0,0.1980553,4.772203,0.0,34.6780935,4.35192,0.0
2025-02-28 00:00:00,20-Year Bond,4.75,912810UJ5,2045-02-15,17.6112154,1.6126453,0.0,0.1205921,3.257246,0.0,10.943112,1.67762,0.0
2025-02-28 00:00:00,30-Year TIPS Bond,2.375,912810UH9,2055-02-15,9.9070188,0.907113,0.0,0.0529084,0.70488,0.006,7.5517174,0.6844,0.0
2025-02-18 00:00:00,3-Year Note,4.25,91282CMN8,2028-02-15,73.9331127,15.9333661,5.0,0.4736748,7.06103,0.0,38.7490418,6.688,0.028
2025-02-18 00:00:00,10-Year Note,4.625,91282CMM0,2035-02-15,53.5403602,11.5379548,0.0,0.3825941,7.339655,0.0,25.6123963,8.66776,0.0
2025-02-18 00:00:00,30-Year Bond,4.625,912810UG1,2055-02-15,31.8678448,6.8678302,0.0,0.0815183,4.8101093,0.001,17.197057,2.91033,0.0
2025-01-31 00:00:00,2-Year FRN,0.098,91282CMJ7,2027-01-31,31.6657628,1.6658795,0.37,0.0284907,6.852155,0.0,16.7492376,6.0,0.0
2025-01-31 00:00:00,2-Year Note,4.125,91282CMH1,2027-01-31,72.8312885,3.8315229,0.0,0.7266696,10.9734,0.01328,49.192966,8.085,0.00845
2025-01-31 00:00:00,5-Year Note,4.25,91282CMG3,2030-01-31,73.8872611,3.8870521,0.0,0.2916988,8.9235715,0.0,54.1231087,6.65208,0.00975
2025-01-31 00:00:00,7-Year Note,4.375,91282CMK4,2032-01-31,46.4433551,2.4432899,0.02,0.397955,5.2986484,0.0,33.9374718,4.34599,0.0
2025-01-31 00:00:00,10-Year TIPS Note,2.125,91282CML2,2035-01-15,21.1106444,1.1105863,0.0,0.1549271,2.10837,0.025,12.875761,4.836,0.0
2025-01-31 00:00:00,20-Year Bond,4.625,912810UF3,2044-11-15,13.7072891,0.7218811,1.5,0.1069,1.66114,0.012,8.536074,1.169294,0.0
2025-01-15 00:00:00,3-Year Note,4.25,91282CMF5,2028-01-15,70.7448409,12.7448307,0.0,0.4787827,12.737155,0.0,38.5144725,6.2696,0.0
2025-01-15 00:00:00,10-Year Note,4.25,91282CLW9,2034-11-15,47.5703184,8.5697999,0.0,0.1879243,7.3495248,0.0,27.3662344,4.096835,0.0
2025-01-15 00:00:00,30-Year Bond,4.5,912810UE6,2054-11-15,26.834473,4.8342461,0.0,0.0337333,3.433702,0.0,15.9054316,2.62736,0.0
2024-12-31 00:00:00,2-Year Note,4.25,91282CME8,2026-12-31,69.6689179,0.6787017,0.004,0.6437588,9.23632,0.0086,53.2987094,5.788828,0.01
2024-12-31 00:00:00,5-Year TIPS Note,1.625,91282CLV1,2029-10-15,22.2145614,0.2163976,0.0,0.1050688,5.669515,0.025,13.06758,3.131,0.0
2024-12-31 00:00:00,5-Year Note,4.375,91282CMD0,2029-12-31,70.6893774,0.6885378,0.005,0.2303011,9.652535,0.0,52.956815,7.1511885,0.005
2024-12-31 00:00:00,7-Year Note,4.5,91282CMC2,2031-12-31,44.4331903,0.4327952,0.0,0.3102338,4.7528,0.0,34.1283113,4.80905,0.0
2024-12-31 00:00:00,20-Year Bond,4.625,912810UF3,2044-11-15,13.1277188,0.1278713,0.0,0.1274375,2.77844,0.0,8.34227,1.7517,0.0
2024-12-27 00:00:00,2-Year FRN,0.205,91282CLT6,2026-10-31,27.9982425,0.0,0.0,0.0112425,8.521,0.0,16.666,2.8,0.0
2024-12-16 00:00:00,3-Year Note,4.0,91282CMB4,2027-12-15,58.4155464,0.4153885,0.001,0.2408479,10.57234,0.0,40.46677,6.6942,0.025
2024-12-16 00:00:00,10-Year Note,4.25,91282CLW9,2034-11-15,39.2791726,0.2793129,1.0,0.1762113,5.1491109,0.0,28.6114375,4.0631,0.0
2024-12-16 00:00:00,30-Year Bond,4.5,912810UE6,2054-11-15,22.1557829,0.1575611,0.5,0.0879218,3.7357144,0.0,15.354114,2.3204716,0.0
2024-12-02 00:00:00,2-Year Note,4.25,91282CLY5,2026-11-30,73.6908062,4.6932534,5.010524,0.6985361,7.5419,0.01,48.721654,7.0020687,0.01287
2024-12-02 00:00:00,5-Year Note,4.125,91282CMA6,2029-11-30,74.7612747,4.7612715,0.0055,0.4871347,9.0376875,0.0,54.333795,6.130886,0.005
2024-12-02 00:00:00,7-Year Note,4.125,91282CLZ2,2031-11-30,46.9928991,2.9927992,0.00085,0.2971949,5.209695,0.0,33.23533,5.25703,0.0
2024-12-02 00:00:00,20-Year Bond,4.625,912810UF3,2044-11-15,17.0883581,1.0882906,0.0,0.182848,3.974753,0.0,9.58027,2.2621965,0.0
2024-11-29 00:00:00,2-Year FRN,0.205,91282CLT6,2026-10-31,27.9998322,0.0,0.0,0.0209822,8.74241,0.0,18.2236,1.01284,0.0
2024-11-29 00:00:00,10-Year TIPS Note,1.875,91282CLE9,2034-07-15,16.9899641,0.0,0.0,0.0596003,2.653298,0.0,12.8412658,1.4358,0.0
2024-11-15 00:00:00,3-Year Note,4.125,91282CLX7,2027-11-15,72.0959402,14.0955788,0.0,0.6923799,12.4886515,0.0,39.08983,5.7245,0.005
2024-11-15 00:00:00,10-Year Note,4.25,91282CLW9,2034-11-15,52.2079133,10.2071432,0.00035,0.2647068,7.507242,0.045,28.6385713,5.5449,0.0
2024-11-15 00:00:00,30-Year Bond,4.5,912810UE6,2054-11-15,31.0747364,6.0756805,0.0,0.0995851,3.1123,0.5,19.1542408,2.12608,0.00685
2024-10-31 00:00:00,2-Year FRN,0.205,91282CLT6,2026-10-31,30.5040528,0.5060584,0.45,0.0317734,7.728105,0.0,18.188116,3.6,0.0
2024-10-31 00:00:00,2-Year Note,4.125,91282CLS8,2026-10-31,70.1632717,1.1639341,0.004,0.6633386,13.476385,0.01,44.885573,9.949041,0.011
2024-10-31 00:00:00,5-Year TIPS Note,1.625,91282CLV1,2029-10-15,24.4048765,0.4048466,0.0,0.0867549,1.88756,0.02,19.839715,2.166,0.0
2024-10-31 00:00:00,5-Year Note,4.125,91282CLR0,2029-10-31,71.1809512,1.1808027,0.0,0.1410295,10.955115,0.0,49.562844,9.32366,0.0175
2024-10-31 00:00:00,7-Year Note,4.125,91282CLU3,2031-10-31,44.7421986,0.7422188,3.015,0.1057375,3.8522273,0.0,29.656695,7.37032,0.0
2024-10-31 00:00:00,20-Year Bond,4.125,912810UD8,2044-08-15,13.2192892,0.2192919,0.0,0.1041063,2.126296,0.0,8.987855,1.78174,0.0
2024-10-15 00:00:00,3-Year Note,3.875,91282CLQ2,2027-10-15,58.7962251,0.796035,0.0,0.1833869,12.1267482,0.0,39.58096,6.104095,0.005
2024-10-15 00:00:00,10-Year Note,3.875,91282CLF6,2034-08-15,39.5345815,0.5352648,1.0,0.3518622,6.6541,0.0,25.066425,5.9269295,0.0
2024-10-15 00:00:00,30-Year Bond,4.25,912810UC0,2054-08-15,22.3019342,0.3019442,0.0,0.0801865,3.2168735,0.0,16.17326,2.52967,0.0
2024-09-30 00:00:00,2-Year Note,3.5,91282CLP4,2026-09-30,70.4244088,1.424401,0.0,0.3549167,9.9501989,0.003,51.6607647,7.0011275,0.03
2024-09-30 00:00:00,5-Year Note,3.5,91282CLN9,2029-09-30,71.4452257,1.4450445,0.000455,0.0767035,9.08537,0.0201,51.5044527,9.3056,0.0075
2024-09-30 00:00:00,7-Year Note,3.625,91282CLM1,2031-09-30,44.9007928,0.9083137,0.00011,0.1558441,4.68432,0.01,31.603625,7.53858,0.0
2024-09-30 00:00:00,10-Year TIPS Note,1.875,91282CLE9,2034-07-15,17.3509078,0.3509393,0.0,0.032726,1.1149675,0.0,13.976275,1.876,0.0
2024-09-30 00:00:00,20-Year Bond,4.125,912810UD8,2044-08-15,13.2671773,0.2683653,0.0,0.0705602,2.6234228,0.0233,8.5924142,1.6891148,0.0
2024-09-27 00:00:00,2-Year FRN,0.182,91282CLA7,2026-07-31,28.000001,0.0,0.0,0.005451,12.667,0.0,13.82755,1.5,0.0
2024-09-16 00:00:00,3-Year Note,3.375,91282CLL3,2027-09-15,58.5543809,0.5542385,4.0,0.1751229,6.749975,0.0,40.3093445,6.75595,0.00975
2024-09-16 00:00:00,10-Year Note,3.875,91282CLF6,2034-08-15,39.372954,0.3726776,1.0,0.1286055,5.256772,0.0,27.6938839,4.917876,0.003139
2024-09-16 00:00:00,30-Year Bond,4.25,912810UC0,2054-08-15,22.2101406,0.2102284,1.001,0.05292,4.0668608,0.0,14.2080514,2.67108,0.0
2024-09-03 00:00:00,2-Year Note,3.75,91282CLH2,2026-08-31,74.4835255,5.4865074,0.00486,0.6175238,9.0865635,0.004,51.0670708,8.067,0.15
2024-09-03 00:00:00,5-Year Note,3.625,91282CLK5,2029-08-31,75.5655602,5.566022,2.003255,0.199423,10.1281,0.00376,49.0766702,8.57858,0.00975
2024-09-03 00:00:00,7-Year Note,3.75,91282CLJ8,2031-08-31,47.4987839,3.4986424,1.00023,0.2313425,7.1162975,0.026,27.9906765,7.635595,0.0
2024-09-03 00:00:00,20-Year Bond,4.125,912810UD8,2044-08-15,17.2729687,1.2722336,0.205,0.1058526,1.8295173,0.0,11.696992,2.1633732,0.0
2024-08-30 00:00:00,2-Year FRN,0.182,91282CLA7,2026-07-31,27.9989998,0.0,0.0,0.0268598,11.07279,0.0,16.31935,0.58,0.0
2024-08-30 00:00:00,30-Year TIPS Bond,2.125,912810TY4,2054-02-15,7.9900089,0.0,0.0,0.0148171,0.598605,0.0,6.4907838,0.885803,0.0
2024-08-15 00:00:00,3-Year Note,3.75,91282CLG4,2027-08-15,69.0297089,11.0301685,0.0017,0.2411254,9.70382,0.0,43.104095,4.9438,0.005
2024-08-15 00:00:00,10-Year Note,3.875,91282CLF6,2034-08-15,49.9873467,7.9873633,1.45865,0.1791265,8.79414,0.0,26.2569625,5.3111044,0.0
2024-08-15 00:00:00,30-Year Bond,4.25,912810UC0,2054-08-15,29.7551569,4.7543829,0.002,0.0823185,5.33057,0.0,16.22165,3.3642355,0.0
2024-07-31 00:00:00,2-Year FRN,0.182,91282CLA7,2026-07-31,31.6441163,1.654106,0.4,0.0433603,8.09,0.0,14.10465,7.352,0.0
2024-07-31 00:00:00,2-Year Note,4.375,91282CLB5,2026-07-31,72.7841338,3.8044438,0.0,0.616874,6.963,0.0,52.970036,8.3966,0.03318
2024-07-31 00:00:00,5-Year Note,4.0,91282CLC3,2029-07-31,73.8596851,3.8595807,0.000195,0.1869194,10.96205,0.005,51.00546,7.83298,0.0075
2024-07-31 00:00:00,7-Year Note,4.125,91282CLD1,2031-07-31,46.4262822,2.426022,1.687135,0.1325302,4.4044,0.0,32.480185,5.29301,0.003
2024-07-31 00:00:00,10-Year TIPS Note,1.875,91282CLE9,2034-07-15,20.0274526,1.0476004,0.0,0.075925,1.622818,0.015,13.4881092,3.778,0.0
2024-07-31 00:00:00,20-Year Bond,4.625,912810UB2,2044-05-15,13.7161995,0.7167792,0.0,0.0731547,1.3184856,0.0,9.74592,1.86186,0.0
2024-07-15 00:00:00,3-Year Note,4.375,91282CKZ3,2027-07-15,67.4136101,9.4234952,0.0005,0.2607899,9.298783,0.0,42.648892,5.7714,0.00975
2024-07-15 00:00:00,10-Year Note,4.375,91282CKQ3,2034-05-15,45.3359601,6.336488,0.0,0.1116553,5.6266,0.0,28.8372168,4.424,0.0
2024-07-15 00:00:00,30-Year Bond,4.625,912810UA4,2054-05-15,25.5742164,3.5744291,0.0,0.0568373,3.931584,0.0,16.387316,1.62405,0.0
2024-07-01 00:00:00,2-Year Note,4.625,91282CKY6,2026-06-30,71.3949099,2.4026981,8.5e-05,0.6259097,10.53897,0.003,48.3846471,9.4116,0.028
2024-07-01 00:00:00,5-Year Note,4.25,91282CKX8,2029-06-30,72.4372809,2.4375197,0.000225,0.1606015,10.519,0.023,48.3779147,10.91902,0.0
2024-07-01 00:00:00,7-Year Note,4.25,91282CKW0,2031-06-30,45.5322219,1.5321552,0.000665,0.1482441,6.2395,0.0235,31.9223276,5.66583,0.0
2024-07-01 00:00:00,20-Year Bond,4.625,912810UB2,2044-05-15,13.4525723,0.4526822,0.0,0.0648879,0.907,0.0,10.1531822,1.87482,0.0
2024-06-28 00:00:00,2-Year FRN,0.15,91282CKM2,2026-04-30,27.9995654,0.0,0.0,0.0165604,10.047045,0.01,16.57596,1.35,0.0
2024-06-28 00:00:00,5-Year TIPS Note,2.125,91282CKL4,2029-04-15,20.999672,0.0,0.0,0.062758,0.48872,0.0,17.845194,2.603,0.0
2024-06-17 00:00:00,3-Year Note,4.625,91282CKV2,2027-06-15,59.8765184,1.8760387,0.0,0.4257877,12.690405,0.0403,38.160287,6.6587,0.025
2024-06-17 00:00:00,10-Year Note,4.375,91282CKQ3,2034-05-15,40.2611125,1.2614742,0.0,0.1420928,5.6718582,0.0,26.476538,6.7091493,0.0
2024-06-17 00:00:00,30-Year Bond,4.625,912810UA4,2054-05-15,22.7093787,0.7116008,0.001,0.0526261,3.5029185,0.0,16.1476333,2.2936,0.0
2024-05-31 00:00:00,2-Year FRN,0.15,91282CKM2,2026-04-30,29.6624911,1.6622951,0.2,0.019946,10.6175,0.0,16.11275,1.05,0.0
2024-05-31 00:00:00,2-Year Note,4.875,91282CKS9,2026-05-31,73.0971106,4.0963699,0.0063,0.6953707,12.393825,0.005,44.873955,10.98879,0.0375
2024-05-31 00:00:00,5-Year Note,4.5,91282CKT7,2029-05-31,74.1561767,4.1557376,0.02508,0.1698169,15.36818,0.0,45.9933622,8.439,0.005
2024-05-31 00:00:00,7-Year Note,4.625,91282CKU4,2031-05-31,46.6120926,2.6121778,0.02512,0.1170678,8.507375,0.0,26.494439,8.855913,0.0
2024-05-31 00:00:00,10-Year TIPS Note,1.75,91282CJY8,2034-01-15,16.9487905,0.9498828,0.0,0.0401977,2.340098,0.0,12.01238,1.606232,0.0
2024-05-31 00:00:00,20-Year Bond,4.625,912810UB2,2044-05-15,16.9495579,0.9498828,0.0,0.1085531,1.825092,0.05,11.73646,2.27957,0.0
2024-05-15 00:00:00,3-Year Note,4.5,91282CKR1,2027-05-15,65.2902745,7.2900181,4e-05,0.2895346,9.44667,0.0,42.3810118,5.853,0.03
2024-05-15 00:00:00,10-Year Note,4.375,91282CKQ3,2034-05-15,47.2816613,5.2789786,0.050168,0.1672987,7.938136,0.0,27.37948,6.4676,0.0
2024-05-15 00:00:00,30-Year Bond,4.625,912810UA4,2054-05-15,28.142063,3.1422491,0.0,0.0332689,4.35645,0.0,18.183995,2.4261,0.0
2024-04-30 00:00:00,2-Year FRN,0.15,91282CKM2,2026-04-30,30.1337429,0.142983,0.2,0.058519,11.402288,0.32074,14.9481129,3.0611,0.0
2024-04-30 00:00:00,2-Year Note,4.875,91282CKK6,2026-04-30,69.319412,0.3288609,0.0057,1.0110401,11.33102,0.003,50.141891,6.4819,0.016
2024-04-30 00:00:00,5-Year TIPS Note,2.125,91282CKL4,2029-04-15,23.0996433,0.1096202,0.0,0.1545626,0.9000205,0.025,18.12344,3.787,0.0
2024-04-30 00:00:00,5-Year Note,4.625,91282CKP5,2029-04-30,70.3331154,0.333627,0.025,0.2145689,11.48193,0.0,49.9057895,8.3672,0.005
2024-04-30 00:00:00,7-Year Note,4.625,91282CKN0,2031-04-30,44.2101664,0.2097083,0.025,0.1668551,7.080095,0.0,29.138608,7.5899,0.0
2024-04-30 00:00:00,20-Year Bond,4.5,912810TZ1,2044-02-15,13.0615419,0.0619592,0.0,0.0781441,1.353948,0.0,9.8981906,1.6693,0.0
2024-04-15 00:00:00,3-Year Note,4.5,91282CKJ9,2027-04-15,58.9517238,0.9565255,0.0,0.2406658,12.4144275,0.0,37.121305,8.2138,0.005
2024-04-15 00:00:00,10-Year Note,4.0,91282CJZ5,2034-02-15,39.6433595,0.6431809,0.0,0.0832106,10.61145,0.0,24.830668,3.47485,0.0
2024-04-15 00:00:00,30-Year Bond,4.25,912810TX6,2054-02-15,22.3628269,0.3628199,0.0,0.0255146,4.4117079,0.0,15.4680845,2.0947,0.0
2024-04-01 00:00:00,2-Year FRN,0.245,91282CJU6,2026-01-31,27.9994442,0.0,0.09,0.0191076,11.843095,0.0,14.6905416,1.3567,0.0
2024-04-01 00:00:00,2-Year Note,4.5,91282CKH3,2026-03-31,65.9900189,0.0,0.005,0.6166743,10.3723136,0.005,46.062331,8.9262,0.0025
2024-04-01 00:00:00,5-Year Note,4.125,91282CKG5,2029-03-31,67.0001641,0.0,0.0001,0.167409,9.743456,0.01,46.9786991,10.093,0.0075
2024-04-01 00:00:00,7-Year Note,4.125,91282CKF7,2031-03-31,42.9999646,0.0,0.0,0.1209326,6.641397,0.0,30.476295,5.76134,0.0
2024-04-01 00:00:00,20-Year Bond,4.5,912810TZ1,2044-02-15,12.9878049,0.0,0.0,0.0707699,1.5133,0.0,9.334478,2.069257,0.0
2024-03-28 00:00:00,10-Year TIPS Note,1.75,91282CJY8,2034-01-15,15.9991401,0.0,0.0,0.0389078,1.92003,0.0,12.0827023,1.9575,0.0
2024-03-15 00:00:00,3-Year Note,4.25,91282CKE0,2027-03-15,56.000447,0.0,0.0,0.2342357,8.777,0.0,39.1788113,7.80115,0.00925
2024-03-15 00:00:00,10-Year Note,4.0,91282CJZ5,2034-02-15,39.0001069,0.0,0.0,0.1608367,7.8222852,0.0,26.271885,4.7451,0.0
2024-03-15 00:00:00,30-Year Bond,4.25,912810TX6,2054-02-15,21.989861,0.0,0.0,0.0396642,3.661,0.0,16.0156468,2.27355,0.0
2024-02-29 00:00:00,2-Year Note,4.625,91282CKB6,2026-02-28,65.7257663,2.7256052,0.0064,0.63962,10.685927,0.0,41.8069141,9.7465,0.1148
2024-02-29 00:00:00,5-Year Note,4.25,91282CKD2,2029-02-28,66.7694893,2.7688688,0.0005,0.337213,11.8718525,0.0,44.092455,7.6936,0.005
2024-02-29 00:00:00,7-Year Note,4.25,91282CKC4,2031-02-28,43.817058,1.8170701,0.0,0.206784,7.39821,0.025,28.76294,5.6036039,0.00345
2024-02-29 00:00:00,20-Year Bond,4.5,912810TZ1,2044-02-15,16.6838928,0.6922171,0.0,0.1489976,3.8115363,0.0,9.99048,2.0406618,0.0
2024-02-29 00:00:00,30-Year TIPS Bond,2.125,912810TY4,2054-02-15,9.3787093,0.3893721,0.0,0.0400276,0.827928,0.017,6.5825816,1.5188,0.003
2024-02-23 00:00:00,2-Year FRN,0.245,91282CJU6,2026-01-31,28.0008294,0.0,0.165,0.0207646,10.4003475,0.0058245,15.1258928,2.28,0.003
2024-02-15 00:00:00,3-Year Note,4.125,91282CKA8,2027-02-15,57.9939927,3.9936987,0.0005,0.273388,9.460385,0.0,35.987421,8.2691,0.0095
2024-02-15 00:00:00,10-Year Note,4.0,91282CJZ5,2034-02-15,45.1065333,3.1062101,0.0,0.2493107,6.525456,0.0,25.4108565,9.8147,0.0
2024-02-15 00:00:00,30-Year Bond,4.25,912810TX6,2054-02-15,26.8477233,1.8489346,0.0,0.0696097,4.3386725,0.0,16.2972315,4.293275,0.0
2024-01-31 00:00:00,2-Year FRN,0.245,91282CJU6,2026-01-31,28.0005877,0.0,0.2,0.0280527,4.6791725,0.0,19.9593625,3.126,0.008
2024-01-31 00:00:00,2-Year Note,4.25,91282CJV4,2026-01-31,59.9986784,0.0,0.007525,0.532199,9.8032,0.003,40.9042544,8.741,0.0075
2024-01-31 00:00:00,5-Year Note,4.0,91282CJW2,2029-01-31,61.0000533,0.0,0.001,0.1750008,13.6139625,0.0,41.84279,5.3598,0.0075
2024-01-31 00:00:00,7-Year Note,4.0,91282CJX0,2031-01-31,40.9999848,0.0,0.0,0.1717608,6.55775,0.003707,28.601967,5.6648,0.0
2024-01-31 00:00:00,10-Year TIPS Note,1.75,91282CJY8,2034-01-15,17.9999135,0.0,0.0,0.083438,0.5726755,0.025,11.729165,5.589635,0.0
2024-01-31 00:00:00,20-Year Bond,4.75,912810TW8,2043-11-15,12.9997154,0.0,0.0,0.0823551,2.5430003,0.0,8.97656,1.3978,0.0
2024-01-16 00:00:00,3-Year Note,4.0,91282CJT9,2027-01-15,52.0001049,0.0,0.002,0.25877,9.7875847,0.0,35.5258502,6.4184,0.0075
2024-01-16 00:00:00,10-Year Note,4.5,91282CJJ1,2033-11-15,36.9998083,0.0,0.0,0.0915608,7.0957575,0.0,25.00619,4.8063,0.0
2024-01-16 00:00:00,30-Year Bond,4.75,912810TV0,2053-11-15,20.9998759,0.0,0.0,0.0558457,3.561618,0.02,15.9690122,1.3934,0.0
2024-01-02 00:00:00,2-Year Note,4.25,91282CJS1,2025-12-31,56.9995358,0.0,0.011278,0.5854687,11.3832,0.0092,38.5872891,6.4106,0.0125
2024-01-02 00:00:00,5-Year Note,3.75,91282CJR3,2028-12-31,57.9998008,0.0,0.0,0.1740488,9.3734,0.0,43.508252,4.9266,0.0175
2024-01-02 00:00:00,7-Year Note,3.75,91282CJQ5,2030-12-31,40.0000099,0.0,0.0,0.2567701,7.5668125,0.0,27.5985273,4.5729,0.005
2024-01-02 00:00:00,20-Year Bond,4.75,912810TW8,2043-11-15,12.9987718,0.0,0.0,0.0858699,1.976508,0.0,8.96111,1.9752839,0.0
2023-12-29 00:00:00,2-Year FRN,0.17,91282CJD4,2025-10-31,26.0001837,0.0,0.14,0.0259723,10.47829,0.02,13.817985,1.3679364,0.15
2023-12-29 00:00:00,5-Year TIPS Note,2.375,91282CJH5,2028-10-15,19.9996087,0.0,0.0,0.0488637,1.2495375,0.0,15.4682075,3.233,0.0
2023-12-15 00:00:00,3-Year Note,4.375,91282CJP7,2026-12-15,50.0000685,0.0,0.005635,0.2599935,13.95329,0.0,30.01085,5.7703,0.0
2023-12-15 00:00:00,10-Year Note,4.5,91282CJJ1,2033-11-15,36.9889714,0.0,0.0,0.1114814,7.574,0.0,25.09259,4.2109,0.0
2023-12-15 00:00:00,30-Year Bond,4.75,912810TV0,2053-11-15,20.994897,0.0,0.0,0.0641945,3.482,0.2,14.6457025,2.603,0.0
2023-11-30 00:00:00,2-Year Note,4.875,91282CJL6,2025-11-30,54.628749,0.6219945,0.0029,0.821912,10.6223625,0.05338,34.09635,8.39635,0.0135
2023-11-30 00:00:00,5-Year Note,4.375,91282CJN2,2028-11-30,55.6253927,0.6335129,0.00145,0.1877495,9.7231903,0.0,38.84371,6.23328,0.0025
2023-11-30 00:00:00,7-Year Note,4.375,91282CJM4,2030-11-30,39.4591125,0.4492181,0.0002,0.3563974,8.936475,0.0,24.179796,5.5268,0.010226
2023-11-30 00:00:00,10-Year TIPS Note,1.375,91282CHP9,2033-07-15,15.163182,0.1727762,0.0,0.0423089,2.0577947,0.0,11.0728022,1.8175,0.0
2023-11-30 00:00:00,20-Year Bond,4.75,912810TW8,2043-11-15,16.1837662,0.1842946,0.0,0.1579487,1.6966738,0.185,11.8302491,2.1296,0.0
2023-11-24 00:00:00,2-Year FRN,0.17,91282CJD4,2025-10-31,26.0000743,0.0,0.2,0.0222943,9.41092,0.02,16.20186,0.145,0.0
2023-11-15 00:00:00,3-Year Note,4.625,91282CJK8,2026-11-15,48.9134478,0.9134308,0.00135,0.3218466,8.51128,0.0,31.9703404,7.1952,0.0
2023-11-15 00:00:00,10-Year Note,4.5,91282CJJ1,2033-11-15,40.7594384,0.7611923,0.042835,0.3091901,6.970401,0.0,21.18612,11.4897,0.0
2023-11-15 00:00:00,30-Year Bond,4.75,912810TV0,2053-11-15,24.4569218,0.4567153,0.005,0.1297865,6.42194,0.21,13.79978,3.4337,0.0
2023-10-31 00:00:00,2-Year FRN,0.17,91282CJD4,2025-10-31,26.0000639,0.0,0.45,0.1255559,7.39923,0.252322,14.063126,3.68661,0.02322
2023-10-31 00:00:00,2-Year Note,5.0,91282CJE2,2025-10-31,50.9992717,0.0,0.001,0.7949399,9.790165,0.007,33.8816668,6.518,0.0065
2023-10-31 00:00:00,5-Year TIPS Note,2.375,91282CJH5,2028-10-15,21.9991223,0.0,0.0,0.1348655,2.0113575,0.025,17.2302993,2.5926,0.005
2023-10-31 00:00:00,5-Year Note,4.875,91282CJF9,2028-10-31,51.9997959,0.0,0.0,0.3310649,10.7228,0.0,35.350831,5.5926,0.0025
2023-10-31 00:00:00,7-Year Note,4.875,91282CJG7,2030-10-31,38.0001418,0.0,0.002835,0.2702228,4.815,0.0,28.494764,4.41732,0.0
2023-10-31 00:00:00,20-Year Bond,4.375,912810TU2,2043-08-15,12.9996963,0.0,0.0,0.0853093,1.8689125,0.0,9.235562,1.8099125,0.0
2023-10-16 00:00:00,3-Year Note,4.625,91282CJC6,2026-10-15,46.0000291,0.0,0.005665,0.2825391,10.798,0.0,28.881725,6.0321,0.0
2023-10-16 00:00:00,10-Year Note,3.875,91282CHT1,2033-08-15,34.9997449,0.0,0.0,0.2105571,7.5768078,0.0,23.15212,4.06026,0.0
2023-10-16 00:00:00,30-Year Bond,4.125,912810TT5,2053-08-15,20.0002451,0.0,0.01,0.0472251,4.01807,0.0,13.79675,2.1282,0.0
2023-10-02 00:00:00,2-Year Note,5.0,91282CJB8,2025-09-30,48.0002534,0.0,0.0073,0.8486299,7.4181345,0.0088,33.042389,6.675,0.0
2023-10-02 00:00:00,5-Year Note,4.625,91282CJA0,2028-09-30,49.0004905,0.0,0.0253,0.26873,6.0156781,0.0,36.1375824,6.5532,0.0
2023-10-02 00:00:00,7-Year Note,4.625,91282CHZ7,2030-09-30,37.0000638,0.0,0.0,0.1814394,5.868841,0.0,26.1478834,4.8019,0.0
2023-10-02 00:00:00,20-Year Bond,4.375,912810TU2,2043-08-15,13.000021,0.0,0.0,0.066466,1.460285,0.0,9.47447,1.9988,0.0
2023-09-29 00:00:00,2-Year FRN,0.125,91282CHS3,2025-07-31,24.0002024,0.0,0.25,0.0090674,8.1003125,0.003925,14.5368975,1.1,0.0
2023-09-29 00:00:00,10-Year TIPS Note,1.375,91282CHP9,2033-07-15,14.9899809,0.0,0.0,0.0428984,1.0132875,0.045,12.410795,1.478,0.0
2023-09-15 00:00:00,3-Year Note,4.625,91282CHY0,2026-09-15,43.9999089,0.0,0.002,0.2689694,9.8399245,0.0,27.924015,5.96,0.005
2023-09-15 00:00:00,10-Year Note,3.875,91282CHT1,2033-08-15,34.999193,0.0,0.0001,0.1577778,5.504,0.0,23.6766152,5.6607,0.0
2023-09-15 00:00:00,30-Year Bond,4.125,912810TT5,2053-08-15,19.9991967,0.0,0.0,0.0370857,3.6171,0.0,13.368411,2.9766,0.0
2023-08-31 00:00:00,2-Year Note,5.0,91282CHV6,2025-08-31,49.6664344,4.6752808,0.0043,0.8028673,7.11204,0.0035,31.4629463,5.5855,0.02
2023-08-31 00:00:00,5-Year Note,4.375,91282CHX2,2028-08-31,50.7693981,4.7791759,0.0,0.2442821,6.73144,0.0,34.4309066,4.5785935,0.005
2023-08-31 00:00:00,7-Year Note,4.125,91282CHW4,2030-08-31,39.7377855,3.7402246,0.0002,0.1215334,3.8542,0.0,29.051345,2.9702825,0.0
2023-08-31 00:00:00,20-Year Bond,4.375,912810TU2,2043-08-15,17.6525408,1.662322,0.0,0.1026938,2.148765,0.0,12.07296,1.6658,0.0
2023-08-31 00:00:00,30-Year TIPS Bond,1.5,912810TP3,2053-02-15,8.8210815,0.831161,0.0,0.0168155,0.421025,0.28487,6.32731,0.9399,0.0
2023-08-25 00:00:00,2-Year FRN,0.125,91282CHS3,2025-07-31,23.9899118,0.0,0.25,0.0357508,15.241161,0.0,8.063,0.4,0.0
2023-08-15 00:00:00,3-Year Note,4.375,91282CHU8,2026-08-15,57.7026562,15.7127411,0.0,0.233731,4.90096,0.0,29.8848241,6.9704,0.0
2023-08-15 00:00:00,10-Year Note,3.875,91282CHT1,2033-08-15,52.1760545,14.2162895,0.015,0.1333681,4.9062071,0.0,26.2467898,6.6584,0.0
2023-08-15 00:00:00,30-Year Bond,4.125,912810TT5,2053-08-15,31.584517,8.6045962,0.01,0.0565193,3.3960375,0.0,15.984864,3.5325,0.0
2023-07-31 00:00:00,2-Year FRN,0.125,91282CHS3,2025-07-31,23.8891458,0.0,0.25,0.1037151,11.89007,0.0,6.13023,5.4151307,0.1
2023-07-31 00:00:00,2-Year Note,4.75,91282CHN4,2025-07-31,41.8505162,0.0,0.0523,0.4883782,6.298615,0.0035,29.288045,5.713,0.006678
2023-07-31 00:00:00,5-Year Note,4.125,91282CHQ7,2028-07-31,42.9998674,0.0,0.025,0.1204236,6.5891,0.0,30.4812688,5.779175,0.0049
2023-07-31 00:00:00,7-Year Note,4.0,91282CHR5,2030-07-31,34.9904086,0.0,0.015,0.1608835,5.6260101,0.0,23.969515,5.219,0.0
2023-07-31 00:00:00,10-Year TIPS Note,1.375,91282CHP9,2033-07-15,16.8599774,0.0,0.0,0.041192,0.25,0.02,12.1322854,4.4165,0.0
2023-07-31 00:00:00,20-Year Bond,3.875,912810TS7,2043-05-15,11.848982,0.0,0.0,0.016189,1.369725,0.0,9.002568,1.4605,0.0
2023-07-17 00:00:00,3-Year Note,4.5,91282CHM6,2026-07-15,40.0000448,0.0,0.0014,0.1595897,4.805,0.0,29.6584701,5.373285,0.0023
2023-07-17 00:00:00,10-Year Note,3.375,91282CHC8,2033-05-15,31.9902192,0.0,0.0,0.1537456,4.741065,0.0,24.6547086,2.4407,0.0
2023-07-17 00:00:00,30-Year Bond,3.625,912810TR9,2053-05-15,17.999981,0.0,0.0,0.016036,2.40442,0.0,13.980725,1.5988,0.0
2023-06-30 00:00:00,2-Year FRN,0.169,91282CGY1,2025-04-30,22.0000682,0.0,0.0,0.0263182,8.585,0.0,8.98775,4.401,0.0
2023-06-30 00:00:00,2-Year Note,4.625,91282CHL8,2025-06-30,41.9946334,0.0,0.00405,0.4630894,6.117038,0.0388,31.420956,3.9152,0.0355
2023-06-30 00:00:00,5-Year TIPS Note,1.25,91282CGW5,2028-04-15,19.0003219,0.0,0.0,0.0863798,0.732,0.015,16.3734421,1.7935,0.0
2023-06-30 00:00:00,5-Year Note,4.0,91282CHK0,2028-06-30,43.0002546,0.0,0.0253,0.1616297,5.8000842,0.0,33.4045425,3.5836982,0.025
2023-06-30 00:00:00,7-Year Note,3.75,91282CHJ3,2030-06-30,35.0001219,0.0,0.004,0.0732361,3.172,0.0,28.3922858,3.3586,0.0
2023-06-30 00:00:00,20-Year Bond,3.875,912810TS7,2043-05-15,11.9990011,0.0,0.0,0.0440463,1.165746,0.05,9.4638088,1.2754,0.0
2023-06-15 00:00:00,3-Year Note,4.125,91282CHH7,2026-06-15,40.000229,0.0,0.00225,0.1335148,7.2977,0.05,28.0587642,4.458,0.0
2023-06-15 00:00:00,10-Year Note,3.375,91282CHC8,2033-05-15,32.0000452,0.0,0.0,0.1083502,6.46381,0.025,21.989085,3.4138,0.0
2023-06-15 00:00:00,30-Year Bond,3.625,912810TR9,2053-05-15,17.9999662,0.0,0.0,0.0193816,2.0508875,0.0,14.2000971,1.7296,0.0
2023-05-31 00:00:00,2-Year Note,4.25,91282CHD6,2025-05-31,49.882566,7.8874851,0.001,0.3690626,7.182759,0.005,27.3620993,7.06756,0.0076
2023-05-31 00:00:00,5-Year Note,3.625,91282CHE4,2028-05-31,51.0601552,8.0752824,0.0,0.1111765,4.2997,0.0,30.8217963,7.7522,0.0
2023-05-31 00:00:00,7-Year Note,3.75,91282CHF1,2030-05-31,41.5630184,6.5729043,0.0,0.0476945,3.98089,0.0,26.95001,4.0115196,0.0
2023-05-31 00:00:00,10-Year TIPS Note,1.125,91282CGK1,2033-01-15,17.8169298,2.8169589,0.0,0.0247935,1.24,0.0,12.6601774,1.075,0.0
2023-05-31 00:00:00,20-Year Bond,3.875,912810TS7,2043-05-15,17.8059782,2.8169589,0.0,0.0563023,1.883477,0.025,11.01994,2.0043,0.0
2023-05-26 00:00:00,2-Year FRN,0.169,91282CGY1,2025-04-30,21.9896163,0.0,0.0,0.0181663,6.182046,0.0,12.789404,3.0,0.0
2023-05-15 00:00:00,3-Year Note,3.625,91282CHB0,2026-05-15,50.8879848,10.8976988,0.0,0.1132775,5.510892,0.0,27.5951247,6.7709918,0.0
2023-05-15 00:00:00,10-Year Note,3.375,91282CHC8,2033-05-15,44.5251904,9.5354865,0.0,0.1204699,5.412215,0.0,23.38084,6.076179,0.0
2023-05-15 00:00:00,30-Year Bond,3.625,912810TR9,2053-05-15,26.7112417,5.7212919,0.0,0.0316448,2.5759,0.0,15.091405,3.291,0.0
2023-05-01 00:00:00,2-Year FRN,0.169,91282CGY1,2025-04-30,26.3121107,2.3421997,0.0,0.174361,8.28055,0.185,12.43,2.9,0.0
2023-05-01 00:00:00,2-Year Note,3.875,91282CGX3,2025-04-30,46.0855628,4.0988495,0.0012,0.4207033,8.45858,0.05,26.28553,6.7672,0.0035
2023-05-01 00:00:00,5-Year Note,3.5,91282CHA2,2028-04-30,47.1828335,4.196441,0.0,0.1224825,6.47805,0.04,30.78521,5.56065,0.0
2023-05-01 00:00:00,7-Year Note,3.5,91282CGZ8,2030-04-30,38.4061189,3.4157078,0.0,0.1150486,5.9388825,0.0,24.98548,3.951,0.0
2023-05-01 00:00:00,20-Year Bond,3.875,912810TQ1,2043-02-15,13.1614867,1.1710998,0.0,0.0342189,1.721891,0.0,8.49571,1.738567,0.0
2023-04-28 00:00:00,5-Year TIPS Note,1.25,91282CGW5,2028-04-15,20.9805121,0.0,0.0,0.1490341,2.150598,0.03,15.92898,2.7219,0.0
2023-04-17 00:00:00,3-Year Note,3.75,91282CGV7,2026-04-15,42.5471683,2.5574861,0.0,0.1620762,7.454314,0.03,25.584992,6.7583,0.0
2023-04-17 00:00:00,10-Year Note,3.5,91282CGM7,2033-02-15,34.0352036,2.0459888,0.01,0.1507198,6.329215,0.0,21.74968,3.7496,0.0
2023-04-17 00:00:00,30-Year Bond,3.625,912810TN8,2053-02-15,19.1406631,1.1508687,0.01,0.0387012,2.3702426,0.0,13.539622,2.0312286,0.0
2023-03-31 00:00:00,2-Year FRN,0.2,91282CGF2,2025-01-31,21.9989091,0.0,0.0,0.0260291,7.11716,0.0,8.88436,5.97136,0.0
2023-03-31 00:00:00,2-Year Note,3.875,91282CGU9,2025-03-31,41.9982814,0.0,0.001035,0.8434714,10.655,0.0045,24.382675,6.1116,0.0
2023-03-31 00:00:00,5-Year Note,3.625,91282CGT2,2028-03-31,43.0000518,0.0,0.001085,0.2155753,6.4598805,0.05,30.253411,6.0152,0.0049
2023-03-31 00:00:00,7-Year Note,3.625,91282CGS4,2030-03-31,35.0000606,0.0,0.0,0.2160468,6.11873,0.0,24.0056838,4.6596,0.0
2023-03-31 00:00:00,10-Year TIPS Note,1.125,91282CGK1,2033-01-15,14.9997296,0.0,0.0,0.0296396,1.684095,0.005,9.652295,3.4585,0.1702
2023-03-31 00:00:00,20-Year Bond,3.875,912810TQ1,2043-02-15,11.9998546,0.0,0.0,0.0388596,1.655,0.0,8.486795,1.8192,0.0
2023-03-15 00:00:00,3-Year Note,4.625,91282CGR6,2026-03-15,40.0001187,0.0,0.00532,0.3100877,6.99084,0.2176,23.473151,9.00112,0.002
2023-03-15 00:00:00,10-Year Note,3.5,91282CGM7,2033-02-15,32.0001862,0.0,0.0,0.2046744,6.46036,0.0,21.173545,4.1616068,0.0
2023-03-15 00:00:00,30-Year Bond,3.625,912810TN8,2053-02-15,17.999877,0.0,0.0,0.025242,2.03383,0.0,12.356655,3.58415,0.0
2023-02-28 00:00:00,2-Year Note,4.625,91282CGN5,2025-02-28,51.542562,9.5425734,0.00701,0.7085746,6.840924,0.0,25.11338,9.3201,0.01
2023-02-28 00:00:00,5-Year Note,4.0,91282CGP0,2028-02-29,52.769568,9.7697774,0.00025,0.2622591,5.391,0.0,30.7993815,6.539,0.0079
2023-02-28 00:00:00,7-Year Note,4.0,91282CGQ8,2030-02-28,42.9524837,7.9521444,0.005,0.2074003,5.65614,0.0,25.348799,3.783,0.0
2023-02-28 00:00:00,20-Year Bond,3.875,912810TQ1,2043-02-15,18.4080795,3.4080619,0.0,0.0463406,1.194945,0.05,10.924732,2.784,0.0
2023-02-28 00:00:00,30-Year TIPS Bond,1.5,912810TP3,2053-02-15,11.042999,2.0448371,0.0,0.0546729,0.988856,0.3405,5.293648,2.320485,0.0
2023-02-24 00:00:00,2-Year FRN,0.2,91282CGF2,2025-01-31,22.0000962,0.0,0.0,0.0279062,6.828137,0.0,11.394053,3.75,0.0
2023-02-15 00:00:00,3-Year Note,4.0,91282CGL9,2026-02-15,55.6317667,15.6315262,0.00025,0.2722495,8.14305,0.0,23.795591,7.7891,0.0
2023-02-15 00:00:00,10-Year Note,3.5,91282CGM7,2033-02-15,48.6679338,13.6775853,0.00315,0.2423301,2.353,0.0,19.157166,13.2257024,0.009
2023-02-15 00:00:00,30-Year Bond,3.625,912810TN8,2053-02-15,29.2065642,8.2065512,0.01,0.056628,3.688155,0.8,13.72613,2.7191,0.0
2023-01-31 00:00:00,2-Year FRN,0.2,91282CGF2,2025-01-31,23.9992746,0.0,0.0,0.1433496,8.468435,0.75,14.53749,0.0,0.1
2023-01-31 00:00:00,2-Year Note,4.125,91282CGG0,2025-01-31,42.0005107,0.0,0.00976,0.6299857,7.2176,0.0709,23.680065,10.3842,0.008
2023-01-31 00:00:00,5-Year Note,3.5,91282CGH8,2028-01-31,42.9998499,0.0,0.0015,0.0999709,4.430229,0.0,29.85538,8.60787,0.0049
2023-01-31 00:00:00,7-Year Note,3.5,91282CGJ4,2030-01-31,34.9995861,0.0,0.00035,0.0582361,2.60225,0.0,24.95035,7.3884,0.0
2023-01-31 00:00:00,10-Year TIPS Note,1.125,91282CGK1,2033-01-15,16.9900393,0.0,0.0,0.0811852,1.385,0.035,12.4681635,3.0206906,0.0
2023-01-31 00:00:00,20-Year Bond,4.0,912810TM0,2042-11-15,12.000006,0.0,0.0,0.0172837,1.137,0.4,8.5138223,1.9319,0.0
2023-01-17 00:00:00,3-Year Note,3.875,91282CGE5,2026-01-15,40.0004524,0.0,0.0046,0.2271274,6.9443,0.0,23.4099,9.404525,0.01
2023-01-17 00:00:00,10-Year Note,4.125,91282CFV8,2032-11-15,31.9993826,0.0,0.0,0.2179016,5.49,0.025,21.998981,4.2675,0.0
2023-01-17 00:00:00,30-Year Bond,4.0,912810TL2,2052-11-15,18.0000376,0.0,0.0,0.0258656,1.941632,0.01,13.097368,2.925172,0.0
2023-01-03 00:00:00,2-Year Note,4.25,91282CGD7,2024-12-31,41.9899805,0.0,0.007348,1.2238565,8.456,0.0,23.848676,8.4371,0.017
2023-01-03 00:00:00,5-Year Note,3.875,91282CGC9,2027-12-31,42.9999894,0.0,0.026175,0.1974775,7.93018,0.0,28.3922249,6.449032,0.0049
2023-01-03 00:00:00,7-Year Note,3.875,91282CGB1,2029-12-31,35.0000256,0.0,0.025,0.1303006,6.52206,0.0,21.407265,6.9154,0.0
2023-01-03 00:00:00,20-Year Bond,4.0,912810TM0,2042-11-15,11.9886917,0.0,0.0,0.0461952,1.231415,0.0,7.9870815,2.724,0.0
2022-12-30 00:00:00,2-Year FRN,0.14,91282CFS5,2024-10-31,21.990034,0.0,0.0,0.023095,8.655,0.0,13.311939,0.0,0.0
2022-12-30 00:00:00,5-Year TIPS Note,1.625,91282CFR7,2027-10-15,18.9791726,0.0,0.0,0.1494351,1.5332475,0.02,13.80149,3.475,0.0
2022-12-15 00:00:00,3-Year Note,4.0,91282CGA3,2025-12-15,40.0000233,0.0,0.00791,0.2982133,7.342,0.0,24.625,5.7169,2.01
2022-12-15 00:00:00,10-Year Note,4.125,91282CFV8,2032-11-15,31.9999119,0.0,0.0,0.1987519,7.59109,0.0,19.00787,4.2942,0.908
2022-12-15 00:00:00,30-Year Bond,4.0,912810TL2,2052-11-15,17.9886095,0.0,0.01,0.1124303,3.082104,0.0,10.83922,3.5428552,0.402
2022-11-30 00:00:00,2-Year Note,4.5,91282CFX4,2024-11-30,46.5663951,4.5660324,0.00271,0.9576902,9.1505625,0.0135,24.465,5.3009,2.11
2022-11-30 00:00:00,5-Year Note,3.875,91282CFZ9,2027-11-30,47.6745348,4.6747475,0.000755,0.1345187,7.238148,0.0,29.285225,4.5931406,1.748
2022-11-30 00:00:00,7-Year Note,3.875,91282CFY2,2029-11-30,38.8054713,3.8050269,0.0,0.0393484,8.408826,0.0,21.47097,3.7933,1.288
2022-11-30 00:00:00,10-Year TIPS Note,0.625,91282CEZ0,2032-07-15,16.6206467,1.6307258,0.0,0.0278189,1.586742,0.0,11.65976,1.7033,0.0123
2022-11-30 00:00:00,20-Year Bond,4.0,912810TM0,2042-11-15,16.6207552,1.6307258,0.0,0.0872293,1.65,0.4,11.487945,1.232,0.1328551
2022-11-25 00:00:00,2-Year FRN,0.14,91282CFS5,2024-10-31,21.9893725,0.0,0.0,0.0484575,12.744915,0.4,7.786,1.0,0.01
2022-11-15 00:00:00,3-Year Note,4.5,91282CFW6,2025-11-15,54.0271004,14.0270522,0.00125,0.3664582,8.56046,0.0,25.59883,5.46155,0.0115
2022-11-15 00:00:00,10-Year Note,4.125,91282CFV8,2032-11-15,47.2672347,12.2736706,0.025,0.1076841,9.2932475,0.0,21.6979325,3.7905,0.0792
2022-11-15 00:00:00,30-Year Bond,4.0,912810TL2,2052-11-15,28.3533667,7.3642024,0.008322,0.0243731,2.481432,0.4,14.9342384,2.9563988,0.1844
2022-10-31 00:00:00,2-Year FRN,0.14,91282CFS5,2024-10-31,23.9937771,0.0,0.0,0.1649046,8.1521125,0.01,5.26676,10.2,0.2
2022-10-31 00:00:00,2-Year Note,4.375,91282CFQ9,2024-10-31,41.9985901,0.0,0.051081,1.3645081,10.652391,0.0,24.39151,5.5341,0.005
2022-10-31 00:00:00,5-Year TIPS Note,1.625,91282CFR7,2027-10-15,20.9942367,0.0,0.0,0.2365012,1.6878155,0.03,14.09592,4.769,0.175
2022-10-31 00:00:00,5-Year Note,4.125,91282CFU0,2027-10-31,43.0001969,0.0,0.0001,0.2086099,7.82683,0.0,29.299857,5.6648,0.0
2022-10-31 00:00:00,7-Year Note,4.0,91282CFT3,2029-10-31,35.0000228,0.0,0.0,0.04379,5.7334925,0.0,25.5517403,3.5846,0.0864
2022-10-31 00:00:00,20-Year Bond,3.375,912810TK4,2042-08-15,11.9887514,0.0,0.0,0.0234584,2.156273,0.0265,8.28582,1.4967,0.0
2022-10-17 00:00:00,3-Year Note,4.25,91282CFP1,2025-10-15,39.997745,0.0,0.0266139,0.3715911,11.01517,0.0,22.76207,5.8098,0.0125
2022-10-17 00:00:00,10-Year Note,2.75,91282CFF3,2032-08-15,32.0003286,0.0,0.025,0.0152621,7.0336325,0.0,22.075534,2.8185,0.0324
2022-10-17 00:00:00,30-Year Bond,3.0,912810TJ7,2052-08-15,18.0000004,0.0,0.0,0.0040314,2.79895,0.015,13.206519,1.9533,0.0222
2022-09-30 00:00:00,2-Year FRN,0.037,91282CFD8,2024-07-31,21.9999656,0.0,0.0,0.0335256,9.47084,0.22,7.3856,4.84,0.05
2022-09-30 00:00:00,2-Year Note,4.25,91282CFN6,2024-09-30,42.993486,0.0,0.043585,1.7344925,9.8734015,0.005,23.931215,7.390792,0.015
2022-09-30 00:00:00,5-Year Note,4.125,91282CFM8,2027-09-30,44.0002155,0.0,0.00225,0.2055795,10.328,0.0,27.712856,5.74653,0.005
2022-09-30 00:00:00,7-Year Note,3.875,91282CFL0,2029-09-30,36.0019981,0.0,0.0,0.0549091,5.043,0.0,25.683989,5.1441,0.076
2022-09-30 00:00:00,10-Year TIPS Note,0.625,91282CEZ0,2032-07-15,14.989945,0.0,0.0,0.03383,1.179,0.025,12.0518,1.700315,0.0
2022-09-30 00:00:00,20-Year Bond,3.375,912810TK4,2042-08-15,12.0001863,0.0,0.0,0.0107063,1.112529,0.0,9.234351,1.6006,0.042
2022-09-15 00:00:00,3-Year Note,3.5,91282CFK2,2025-09-15,41.00024,0.0,0.00241,0.203252,10.112585,0.003,24.633893,6.0301,0.015
2022-09-15 00:00:00,10-Year Note,2.75,91282CFF3,2032-08-15,32.0000093,0.0,0.0,0.0131803,7.016744,0.0,20.502285,4.4339,0.0339
2022-09-15 00:00:00,30-Year Bond,3.0,912810TJ7,2052-08-15,17.9998858,0.0,0.0,0.0032524,2.6059119,0.0,13.1556215,2.2069,0.0282
2022-08-31 00:00:00,2-Year Note,3.25,91282CFG1,2024-08-31,49.7288703,5.7284068,0.005715,0.7667835,10.56773,0.01,24.193455,8.44378,0.013
2022-08-31 00:00:00,5-Year Note,3.125,91282CFH9,2027-08-31,50.8579192,5.8585978,0.00335,0.0891064,10.01176,0.0,29.317025,5.57318,0.0049
2022-08-31 00:00:00,7-Year Note,3.125,91282CFJ5,2029-08-31,41.8175041,4.8170693,0.0,0.0200827,3.659403,0.0,26.8257491,6.4274,0.0678
2022-08-31 00:00:00,20-Year Bond,3.375,912810TK4,2042-08-15,16.9524519,1.9528659,0.0,0.023782,2.503984,0.0,10.44672,1.9873,0.0378
2022-08-31 00:00:00,30-Year TIPS Bond,0.125,912810TE8,2052-02-15,9.0413094,1.0415284,0.0,0.0063147,0.966625,0.01,5.527135,1.4804663,0.00924
2022-08-26 00:00:00,2-Year FRN,0.037,91282CFD8,2024-07-31,21.9950102,0.0,0.0,0.0268202,9.45919,0.3,10.301,1.9,0.008
2022-08-15 00:00:00,3-Year Note,3.125,91282CFE6,2025-08-15,68.5649642,26.564314,0.222025,0.2114202,8.348625,0.0,26.41338,6.8052,0.0
2022-08-15 00:00:00,10-Year Note,2.75,91282CFF3,2032-08-15,57.1369332,22.1369283,0.0,0.0278619,4.030593,0.0,22.42825,8.4947,0.0186
2022-08-15 00:00:00,30-Year Bond,3.0,912810TJ7,2052-08-15,34.2771217,13.282157,0.01,0.0030137,3.26,0.0,14.526451,3.1763,0.0192
2022-08-01 00:00:00,2-Year FRN,0.037,91282CFD8,2024-07-31,26.0822755,2.0822868,0.0,0.0237061,8.350525,0.01,10.782596,4.8331616,0.0
2022-08-01 00:00:00,2-Year Note,3.0,91282CFA4,2024-07-31,48.9023858,3.9042877,0.001,0.6440877,8.71149,0.0,26.6822204,8.3244,0.6349
2022-08-01 00:00:00,5-Year Note,2.75,91282CFB2,2027-07-31,49.9909636,3.9910495,0.025,0.0593591,8.489335,0.0,33.41422,3.7487,0.2633
2022-08-01 00:00:00,7-Year Note,2.625,91282CFC0,2029-07-31,41.2969939,3.2969539,0.025,0.014192,4.82528,0.0,28.084288,4.81018,0.2411
2022-08-01 00:00:00,20-Year Bond,3.25,912810TH1,2042-05-15,15.2146668,1.2146672,0.01,0.0195879,1.3852414,0.0,11.2340703,1.2458,0.1053
2022-07-29 00:00:00,10-Year TIPS Note,0.625,91282CEZ0,2032-07-15,16.9947509,0.0,0.0,0.0758874,2.8997265,0.0,11.817137,2.202,0.0
2022-07-18 00:00:00,2-Year FRN,-0.075,91282CEL1,2024-04-30,0.025,0.0,0.0,0.0,0.025,0.0,0.0,0.0,0.0
2022-07-15 00:00:00,3-Year Note,3.0,91282CEY3,2025-07-15,48.4802949,5.4806724,0.03,0.1546251,9.06424,0.0,26.9453074,6.4024,0.40305
2022-07-15 00:00:00,10-Year Note,2.875,91282CEP2,2032-05-15,37.2061103,4.2060974,0.025,0.0116229,7.50287,0.0,21.017945,4.222675,0.2199
2022-07-15 00:00:00,30-Year Bond,2.875,912810TG3,2052-05-15,21.4216982,2.4216924,0.0,0.0021407,2.5818566,0.0,14.6610085,1.6503,0.1047
2022-06-30 00:00:00,2-Year Note,3.0,91282CEX5,2024-06-30,49.5150281,3.5156987,0.0527,0.7958629,11.2823225,0.0458,26.830054,6.44299,0.5496
2022-06-30 00:00:00,5-Year TIPS Note,0.125,91282CEJ6,2027-04-15,19.3747175,1.3757081,0.00396,0.1467584,1.587,0.0,14.213291,2.048,0.0
2022-06-30 00:00:00,5-Year Note,3.25,91282CEW7,2027-06-30,50.592592,3.5921269,0.02515,0.1005301,12.0466,0.042,28.966385,5.5864,0.2334
2022-06-30 00:00:00,7-Year Note,3.25,91282CEV9,2029-06-30,43.0571504,3.0571292,0.05,0.0268172,8.120765,0.0,27.679055,3.944284,0.1791
2022-06-30 00:00:00,20-Year Bond,3.25,912810TH1,2042-05-15,15.0705211,1.0699952,0.000862,0.0132689,1.996,0.0,10.495895,1.4234,0.0711
2022-06-24 00:00:00,2-Year FRN,-0.075,91282CEL1,2024-04-30,22.0003643,0.0,0.0,0.0546243,8.343,0.0,12.54724,1.05,0.0055
2022-06-15 00:00:00,3-Year Note,2.875,91282CEU1,2025-06-15,46.5871565,2.5871681,0.056,0.1782906,11.352545,0.0,24.5047528,7.5599,0.3485
2022-06-15 00:00:00,10-Year Note,2.875,91282CEP2,2032-05-15,34.940491,1.940376,0.025,0.014325,6.300095,0.0,19.915095,6.5812,0.1644
2022-06-15 00:00:00,30-Year Bond,2.875,912810TG3,2052-05-15,20.1171779,1.1171861,0.0,0.0021568,3.155,0.0,13.667635,2.0984,0.0768
2022-05-31 00:00:00,2-Year Note,2.5,91282CER8,2024-05-31,54.0673283,7.0658308,0.012895,0.6688239,7.97353,0.0,30.8349486,7.0458,0.4655
2022-05-31 00:00:00,5-Year Note,2.625,91282CET4,2027-05-31,55.2156636,7.2161676,0.005,0.0907426,8.99844,0.0065,32.961659,5.7435544,0.1936
2022-05-31 00:00:00,7-Year Note,2.75,91282CES6,2029-05-31,48.3141814,6.3141466,0.0,0.0170398,3.37,0.0,30.174025,8.28057,0.1584
2022-05-31 00:00:00,10-Year TIPS Note,0.125,91282CDX6,2032-01-15,16.1045949,2.1047155,0.0,0.0309569,2.5536775,0.0,10.309245,1.106,0.0
2022-05-31 00:00:00,20-Year Bond,3.25,912810TH1,2042-05-15,19.5557517,2.555726,0.0,0.0121197,2.4854075,0.03,12.3443615,2.065887,0.06225
2022-05-27 00:00:00,2-Year FRN,-0.075,91282CEL1,2024-04-30,22.0005951,0.0,0.0,0.0208781,6.792861,0.0,14.951856,0.085,0.15
2022-05-16 00:00:00,3-Year Note,2.75,91282CEQ0,2025-05-15,76.4925339,31.4926335,0.005,0.2261644,9.5524,0.0,29.470386,5.4334,0.31255
2022-05-16 00:00:00,10-Year Note,2.875,91282CEP2,2032-05-15,61.1941744,25.1941068,0.0,0.051012,4.81231,0.0,21.66648,9.3665656,0.1037
2022-05-16 00:00:00,30-Year Bond,2.875,912810TG3,2052-05-15,37.3863596,15.3963986,0.03,0.0042433,3.588,0.0,15.7906877,2.52608,0.05095
2022-05-02 00:00:00,2-Year FRN,-0.075,91282CEL1,2024-04-30,27.3234195,3.3275943,0.0,0.0473552,16.98377,0.0,5.2047,1.755,0.005
2022-05-02 00:00:00,2-Year Note,2.5,91282CEK3,2024-04-30,54.6540052,6.6551885,0.01301,0.9282854,6.94735,0.003,30.376027,9.2877793,0.443365
2022-05-02 00:00:00,5-Year Note,2.75,91282CEN7,2027-04-30,55.7939708,6.7938381,0.005,0.0900913,9.0907056,0.0,31.4733058,8.16488,0.17615
2022-05-02 00:00:00,7-Year Note,2.875,91282CEM9,2029-04-30,50.1006585,6.1005894,0.009505,0.0207061,7.757743,0.04,27.972515,8.0579,0.1417
2022-05-02 00:00:00,20-Year Bond,2.375,912810TF5,2042-02-15,18.2134357,2.2183961,0.0,0.0043219,1.6869744,0.25,11.9371433,2.0597,0.0569
2022-04-29 00:00:00,5-Year TIPS Note,0.125,91282CEJ6,2027-04-15,19.999611,0.0,0.0,0.1264453,1.295,0.02,15.5088757,3.04929,0.0
2022-04-18 00:00:00,3-Year Note,2.625,91282CEH0,2025-04-15,56.9730064,10.9730316,0.0105,0.2177737,13.868395,0.0,23.9205061,7.6944,0.2884
2022-04-18 00:00:00,10-Year Note,1.875,91282CDY4,2032-02-15,42.1106782,8.1105016,0.015,0.0185546,6.61293,0.0,19.673892,7.5841,0.0957
2022-04-18 00:00:00,30-Year Bond,2.25,912810TD0,2052-02-15,24.7709184,4.7708832,0.03,0.0046346,3.657981,0.08,13.234711,2.9513086,0.0414
2022-03-31 00:00:00,2-Year Note,2.25,91282CEG2,2024-03-31,59.3086104,9.3081636,0.055,0.7063778,11.411165,0.007,28.174415,9.2098,0.436689
2022-03-31 00:00:00,5-Year Note,2.5,91282CEF4,2027-03-31,60.4947228,9.4943268,0.0,0.0730351,11.632,0.022,31.6005609,7.5007,0.1721
2022-03-31 00:00:00,7-Year Note,2.375,91282CEE7,2029-03-31,55.7497207,8.7496737,0.0,0.0136075,6.1012095,0.0,31.69323,9.0682,0.1238
2022-03-31 00:00:00,10-Year TIPS Note,0.125,91282CDX6,2032-01-15,16.6057864,2.6062857,0.0,0.0268157,1.808047,0.007,9.41162,2.746018,0.0
2022-03-31 00:00:00,20-Year Bond,2.375,912810TF5,2042-02-15,18.975505,2.9786123,0.0,0.0033464,3.142655,0.015,9.3835413,3.4001,0.05225
2022-03-25 00:00:00,2-Year FRN,-0.015,91282CDU2,2024-01-31,22.0004586,0.0,0.0,0.0665386,5.212375,0.0,16.516945,0.2,0.0046
2022-03-15 00:00:00,3-Year Note,1.75,91282CED9,2025-03-15,56.0654463,8.0649412,0.05,0.0726126,14.6916425,0.0,24.5115,8.3961,0.27865
2022-03-15 00:00:00,10-Year Note,1.875,91282CDY4,2032-02-15,39.712638,5.7126667,0.0,0.0036063,5.335532,0.0,21.201233,7.3706,0.089
2022-03-15 00:00:00,30-Year Bond,2.25,912810TD0,2052-02-15,23.3603954,3.3603921,0.0,0.0041928,3.0264984,0.065,14.5652516,2.3014605,0.0376
2022-02-28 00:00:00,2-Year Note,1.5,91282CEA5,2024-02-29,60.9083109,8.908413,0.0,0.2903379,9.659835,0.005,31.412925,10.315,0.3168
2022-02-28 00:00:00,5-Year Note,1.875,91282CEC1,2027-02-28,62.07982,9.0797286,0.0,0.0530205,8.5645149,0.03071,35.333296,8.8926,0.12595
2022-02-28 00:00:00,7-Year Note,1.875,91282CEB3,2029-02-28,58.5658318,8.5657816,0.005,0.0095554,7.681053,0.0,30.7394558,11.473136,0.09185
2022-02-28 00:00:00,20-Year Bond,2.375,912810TF5,2042-02-15,22.2521074,3.254997,0.015,0.0036884,3.72853,0.05,11.742242,3.42005,0.0376
2022-02-28 00:00:00,30-Year TIPS Bond,0.125,912810TE8,2052-02-15,10.540779,1.5418406,0.0,0.0129184,1.9034,0.033,5.53727,1.51235,0.0
2022-02-25 00:00:00,2-Year FRN,-0.015,91282CDU2,2024-01-31,22.0001687,0.0,0.0,0.0240937,5.97569,0.0,7.695385,8.3,0.005
2022-02-15 00:00:00,3-Year Note,1.5,91282CDZ1,2025-02-15,80.2479142,30.2481026,0.05,0.0913777,11.3830539,0.0,25.66428,12.6022,0.2089
2022-02-15 00:00:00,10-Year Note,1.875,91282CDY4,2032-02-15,59.3835893,22.3835959,0.0,0.019395,3.327472,0.0,17.7063264,15.8806,0.0662
2022-02-15 00:00:00,30-Year Bond,2.25,912810TD0,2052-02-15,36.9141325,13.9141271,0.0,0.003081,3.873463,0.0,15.013915,4.0813964,0.02815
2022-01-31 00:00:00,2-Year FRN,-0.015,91282CDU2,2024-01-31,29.8867215,3.8860305,0.0,0.040726,6.41376,0.0,13.341205,6.2,0.005
2022-01-31 00:00:00,2-Year Note,0.875,91282CDV0,2024-01-31,62.0709633,8.0709864,0.0,0.2317189,14.635428,0.009,23.63143,15.1833,0.3091
2022-01-31 00:00:00,5-Year Note,1.5,912828Z78,2027-01-31,63.2205406,8.2204491,0.0105,0.0435795,9.17915,0.025,34.64095,10.971212,0.1297
2022-01-31 00:00:00,7-Year Note,1.75,91282CDW8,2029-01-31,60.9217319,7.9215235,0.0378725,0.0181367,9.1733625,0.0,31.3388867,12.34085,0.0911
2022-01-31 00:00:00,10-Year TIPS Note,0.125,91282CDX6,2032-01-15,18.3909205,2.3914033,0.0,0.0454411,2.438678,0.035,11.3662535,2.1140446,0.0001
2022-01-31 00:00:00,20-Year Bond,2.0,912810TC2,2041-11-15,22.9882265,2.9892541,0.005,0.0007252,4.115561,0.181,12.8220142,2.836772,0.0379
2022-01-18 00:00:00,3-Year Note,1.125,91282CDS7,2025-01-15,60.3434138,8.3433343,0.0,0.0943965,12.99685,0.0,26.926813,11.77862,0.2034
2022-01-18 00:00:00,10-Year Note,1.375,91282CDJ7,2031-11-15,41.7761699,5.7761545,0.035,0.0061192,6.78397,0.0,22.6772262,6.4309,0.0668
2022-01-18 00:00:00,30-Year Bond,1.875,912810TB4,2051-11-15,25.5298819,3.5298722,0.0227725,0.0043522,4.626281,0.086,14.880359,2.353095,0.02715
2021-12-31 00:00:00,2-Year FRN,0.035,91282CDE8,2023-10-31,27.2610438,3.2606382,1.005,0.0083692,11.026337,0.0,10.8770694,1.07863,0.005
2021-12-31 00:00:00,2-Year Note,0.75,91282CDR9,2023-12-31,63.6086147,7.6081556,0.65195,0.1581628,15.4774173,0.567,28.501839,10.33459,0.3095
2021-12-31 00:00:00,5-Year TIPS Note,0.125,91282CDC2,2026-10-15,19.3087641,2.3096186,0.005,0.0424777,2.370245,0.0,12.3808222,2.2006006,0.0
2021-12-31 00:00:00,5-Year Note,1.25,91282CDQ1,2026-12-31,64.7441915,7.7440156,0.0669,0.0310304,13.1362975,0.075,34.821248,8.7454,0.1243
2021-12-31 00:00:00,7-Year Note,1.375,91282CDP3,2028-12-31,63.6081801,7.6081555,0.055,0.0058496,13.73389,0.075,34.238185,7.8019,0.0902
2021-12-31 00:00:00,20-Year Bond,2.0,912810TC2,2041-11-15,22.717273,2.7171984,0.0,0.0019596,3.608,0.05,13.266405,3.03761,0.0361
2021-12-15 00:00:00,3-Year Note,1.0,91282CDN8,2024-12-15,61.9629399,7.9625893,0.5738,0.0822246,17.257726,0.005,24.69776,11.17659,0.20725
2021-12-15 00:00:00,10-Year Note,1.375,91282CDJ7,2031-11-15,41.3084413,5.3083929,0.006155,0.0228784,5.530155,0.05,21.54256,8.7823,0.066
2021-12-15 00:00:00,30-Year Bond,1.875,912810TB4,2051-11-15,25.2440004,3.2440178,0.01,0.0026926,5.23567,0.1,13.66762,2.9574,0.0266
2021-12-06 00:00:00,20-Year Bond,2.0,912810TC2,2041-11-15,0.0250001,0.0,0.0,0.0,0.0250001,0.0,0.0,0.0,0.0
2021-11-30 00:00:00,2-Year Note,0.5,91282CDM0,2023-11-30,62.7806523,4.7805661,0.55,0.1439112,24.153445,0.015,20.48718,12.4456,0.20495
2021-11-30 00:00:00,5-Year Note,1.25,91282CDK4,2026-11-30,63.8630433,4.8629896,0.025,0.0583277,17.1373,0.053,29.049726,12.59395,0.08275
2021-11-30 00:00:00,7-Year Note,1.5,91282CDL2,2028-11-30,63.8636207,4.8629896,0.05107,0.0177877,12.2021314,0.075,33.251185,13.342907,0.06055
2021-11-30 00:00:00,10-Year TIPS Note,0.125,91282CCM1,2031-07-15,15.1537128,1.1539297,0.0,0.014161,1.451514,0.015,10.4391081,2.08,0.0
2021-11-30 00:00:00,20-Year Bond,2.0,912810TC2,2041-11-15,24.895249,1.8957416,0.015,0.0017154,5.62984,0.205,13.675052,3.4606,0.0123
2021-11-26 00:00:00,2-Year FRN,0.035,91282CDE8,2023-10-31,23.9989797,0.0,0.0,0.0192297,5.771025,0.0,18.098725,0.0,0.11
2021-11-15 00:00:00,3-Year Note,0.75,91282CDH1,2024-11-15,88.3935956,32.3935268,0.025,0.0964988,15.77542,0.0,28.44815,11.5877,0.0673
2021-11-15 00:00:00,10-Year Note,1.375,91282CDJ7,2031-11-15,61.5596749,22.5597776,0.043,0.0170091,6.5373032,0.05,18.193085,14.1338,0.0257
2021-11-15 00:00:00,30-Year Bond,1.875,912810TB4,2051-11-15,39.4614257,14.4613958,0.025,0.0019759,7.017874,0.06,14.19898,3.6831,0.0131
2021-11-01 00:00:00,2-Year FRN,0.035,91282CDE8,2023-10-31,30.8440519,2.8466411,0.05,0.0225358,10.3523,0.011075,14.4565,2.95,0.155
2021-11-01 00:00:00,2-Year Note,0.375,91282CDD0,2023-10-31,66.0999275,6.0999451,0.0,0.0920022,13.1524144,0.0,30.8120158,15.8687,0.07485
2021-11-01 00:00:00,5-Year Note,1.125,91282CDG3,2026-10-31,67.2016911,6.2016108,0.0,0.0382949,12.22208,0.0,34.9425054,13.7663,0.0309
2021-11-01 00:00:00,7-Year Note,1.375,91282CDF5,2028-10-31,68.303325,6.3032765,0.005,0.0142285,12.14674,0.07,37.56678,12.1749,0.0224
2021-11-01 00:00:00,20-Year Bond,1.75,912810TA6,2041-08-15,26.4404854,2.439978,0.038,0.001737,5.24338,0.05,15.7758404,2.882,0.00955
2021-10-29 00:00:00,5-Year TIPS Note,0.125,91282CDC2,2026-10-15,18.9999356,0.0,0.0,0.0571585,1.265035,0.025,15.2037421,2.449,0.0
2021-10-15 00:00:00,3-Year Note,0.625,91282CDB4,2024-10-15,62.3640444,4.3640167,1.0,0.038324,22.388005,0.005,25.3305262,9.1829725,0.0552
2021-10-15 00:00:00,10-Year Note,1.25,91282CCS8,2031-08-15,40.8592249,2.8591833,0.125,0.0171573,4.557,0.05,19.8951843,13.3389,0.0168
2021-10-15 00:00:00,30-Year Bond,2.0,912810SZ2,2051-08-15,25.8053829,1.8058,0.0,0.0013685,3.543,0.069,13.7303144,6.6491,0.0068
2021-09-30 00:00:00,2-Year Note,0.25,91282CDA6,2023-09-30,67.2197785,7.2260251,0.0,0.0876004,21.694528,0.0,28.634325,9.4522,0.1251
2021-09-30 00:00:00,5-Year Note,0.875,91282CCZ2,2026-09-30,68.3464353,7.3464587,0.00509,0.0385986,16.723618,0.0,34.58277,9.6346,0.0153
2021-09-30 00:00:00,7-Year Note,1.25,91282CCY5,2028-09-30,69.4668974,7.4668925,0.043,0.0642919,13.361891,0.05,37.97246,10.500812,0.00755
2021-09-30 00:00:00,10-Year TIPS Note,0.125,91282CCM1,2031-07-15,15.6852685,1.6860725,0.0,0.012616,1.8,0.0,10.65468,1.5319,0.0
2021-09-30 00:00:00,20-Year Bond,1.75,912810TA6,2041-08-15,26.8904154,2.89041,0.0,0.0009824,4.532346,0.29,16.669876,2.500751,0.00605
2021-09-24 00:00:00,2-Year FRN,0.029,91282CCQ2,2023-07-31,26.0000346,0.0,0.0,0.0173546,11.35298,0.0,13.6297,1.0,0.0
2021-09-15 00:00:00,3-Year Note,0.375,91282CCX7,2024-09-15,64.1758803,6.1760334,0.0,0.0290169,15.35628,0.008,31.8655,10.72425,0.0168
2021-09-15 00:00:00,10-Year Note,1.25,91282CCS8,2031-08-15,42.0463697,4.0463666,0.165,0.0087731,5.136,0.05,24.788,7.84138,0.01085
2021-09-15 00:00:00,30-Year Bond,2.0,912810SZ2,2051-08-15,26.5556113,2.5556,0.0,0.001623,3.9517407,0.14,17.220683,2.6815646,0.0044
2021-08-31 00:00:00,2-Year Note,0.125,91282CCU3,2023-08-31,67.5386244,7.538503,0.0,0.0786221,12.0755975,0.009,32.8101018,15.0017,0.0251
2021-08-31 00:00:00,5-Year Note,0.75,91282CCW9,2026-08-31,68.664153,7.6641447,0.225,0.0308957,13.6789025,0.005,37.11487,9.9350901,0.01025
2021-08-31 00:00:00,7-Year Note,1.125,91282CCV1,2028-08-31,69.7898029,7.7897863,0.62,0.0140811,14.4213025,0.017,35.73098,11.189203,0.00745
2021-08-31 00:00:00,20-Year Bond,1.75,912810TA6,2041-08-15,30.3923693,3.3923263,0.0,0.0013312,6.0203427,0.025,17.6194191,3.3309,0.00305
2021-08-31 00:00:00,30-Year TIPS Bond,0.125,912810SV1,2051-02-15,9.0043704,1.0051337,0.0,0.0049312,1.157,0.016,5.9211555,0.90015,0.0
2021-08-27 00:00:00,2-Year FRN,0.029,91282CCQ2,2023-07-31,26.0006302,0.0,0.0,0.013683,8.2726,0.0,14.5643472,3.15,0.0
2021-08-16 00:00:00,3-Year Note,0.375,91282CCT6,2024-08-15,83.8761784,25.8762105,0.375,0.0424976,16.43181,0.0,29.6416025,11.4500578,0.059
2021-08-16 00:00:00,10-Year Note,1.25,91282CCS8,2031-08-15,59.2918703,18.2918039,1.0,0.0154376,4.2346714,0.125,20.1944288,15.4305286,0.0
2021-08-16 00:00:00,30-Year Bond,2.0,912810SZ2,2051-08-15,39.0458235,12.0458221,0.1,0.0027091,5.9845773,0.008,16.8778,4.026915,0.0
2021-08-02 00:00:00,2-Year FRN,0.029,91282CCQ2,2023-07-31,30.6815786,2.6813634,0.0,0.0205652,8.068415,0.0,17.761235,2.15,0.0
2021-08-02 00:00:00,2-Year Note,0.125,91282CCN9,2023-07-31,65.7455021,5.7457787,0.0,0.1323959,16.6575575,0.0,31.22177,11.988,0.0
2021-08-02 00:00:00,5-Year Note,0.625,91282CCP4,2026-07-31,66.841592,5.8415417,0.05,0.0199973,16.388595,0.0,35.563708,8.96775,0.01
2021-08-02 00:00:00,7-Year Note,1.0,91282CCR0,2028-07-31,67.9376636,5.9373047,0.205,0.0093605,16.0724634,0.075,36.629035,9.0095,0.0
2021-08-02 00:00:00,20-Year Bond,2.25,912810SY5,2041-05-15,26.2983281,2.2983114,0.339,0.0013531,5.5694656,0.206,15.773998,2.1102,0.0
2021-07-30 00:00:00,10-Year TIPS Note,0.125,91282CCM1,2031-07-15,16.0000588,0.0,0.0,0.0297334,2.28562,0.015,11.689696,1.9800094,0.0
2021-07-15 00:00:00,3-Year Note,0.375,91282CCL3,2024-07-15,67.5482169,9.5480519,0.32,0.035734,17.584916,0.0,32.408115,7.5964,0.055
2021-07-15 00:00:00,10-Year Note,1.625,91282CCB5,2031-05-15,44.2557078,6.2556201,0.05,0.0063944,7.65,0.05,23.3718,6.8718933,0.0
2021-07-15 00:00:00,30-Year Bond,2.375,912810SX7,2051-05-15,27.9509463,3.950918,0.035,0.001481,6.1627223,0.1,14.9392162,2.7616088,0.0
2021-06-30 00:00:00,2-Year Note,0.125,91282CCK5,2023-06-30,69.1073779,9.1075031,0.60156,0.0996913,19.8385815,0.504,28.813592,10.10245,0.04
2021-06-30 00:00:00,5-Year TIPS Note,0.125,91282CCA7,2026-04-15,18.4279573,2.4286674,0.0,0.0354314,0.7570325,0.0,13.667826,1.539,0.0
2021-06-30 00:00:00,5-Year Note,0.875,91282CCJ8,2026-06-30,70.2592718,9.2592948,0.224,0.0247226,16.3057,0.05,33.4342544,10.9613,0.0
2021-06-30 00:00:00,7-Year Note,1.25,91282CCH2,2028-06-30,71.4101051,9.4110865,0.15,0.0169426,13.277315,0.108,38.424961,10.0218,0.0
2021-06-30 00:00:00,20-Year Bond,2.25,912810SY5,2041-05-15,27.6430301,3.6430012,0.0,0.003915,4.8505454,0.05,17.148331,1.9472375,0.0
2021-06-25 00:00:00,2-Year FRN,0.034,91282CBY6,2023-04-30,26.0003458,0.0,0.0,0.0116988,9.01122,0.0,14.979917,1.9,0.09751
2021-06-15 00:00:00,3-Year Note,0.25,91282CCG4,2024-06-15,63.3321307,5.3321334,0.0,0.0336357,16.9678866,0.0,28.323325,12.67515,0.0
2021-06-15 00:00:00,10-Year Note,1.625,91282CCB5,2031-05-15,41.493495,3.4934666,0.005,0.0100827,6.4864725,0.05,22.6102432,8.83823,0.0
2021-06-15 00:00:00,30-Year Bond,2.375,912810SX7,2051-05-15,26.2064007,2.2064,0.015,0.0031862,5.2599265,0.0582,16.360418,2.30327,0.0
2021-06-01 00:00:00,2-Year Note,0.125,91282CCD1,2023-05-31,71.6458846,11.6460083,0.0,0.1051313,16.05522,0.005,33.862825,9.9717,0.0
2021-06-01 00:00:00,5-Year Note,0.75,91282CCF6,2026-05-31,72.840141,11.8401083,0.01,0.0332323,14.176,0.0,35.3899504,11.39085,0.0
2021-06-01 00:00:00,7-Year Note,1.25,91282CCE9,2028-05-31,74.0342334,12.0342085,0.08,0.0215524,13.6207625,0.146,36.24891,11.8828,0.0
2021-06-01 00:00:00,20-Year Bond,2.25,912810SY5,2041-05-15,32.2406803,5.2407037,0.03,0.0051241,7.2154425,0.242,15.99371,3.5137,0.0
2021-05-28 00:00:00,2-Year FRN,0.034,91282CBY6,2023-04-30,26.0001384,0.0,0.0,0.0264009,10.96885,0.0,12.1048875,2.9,0.0
2021-05-28 00:00:00,10-Year TIPS Note,0.125,91282CBF7,2031-01-15,12.9999824,0.0,0.0,0.0318644,2.118358,0.0,9.97038,0.87938,0.0
2021-05-17 00:00:00,3-Year Note,0.25,91282CCC3,2024-05-15,88.7692718,30.7692795,0.1,0.0434583,19.963234,0.0,29.9041,7.9812,0.008
2021-05-17 00:00:00,10-Year Note,1.625,91282CCB5,2031-05-15,62.7527787,21.7506975,0.059,0.0370872,8.689229,0.075,21.998165,10.1436,0.0
2021-05-17 00:00:00,30-Year Bond,2.375,912810SX7,2051-05-15,41.3236413,14.32363,0.265,0.0106796,6.3210067,0.081,16.885635,3.43669,0.0
2021-04-30 00:00:00,2-Year FRN,0.034,91282CBY6,2023-04-30,33.3472412,5.3472299,0.0,0.0381913,11.57888,0.4,12.69844,3.2845,0.0
2021-04-30 00:00:00,2-Year Note,0.125,91282CBX8,2023-04-30,71.4587353,11.4583498,0.1,0.0823805,24.471525,0.0,25.55098,9.7955,0.0
2021-04-30 00:00:00,5-Year TIPS Note,0.125,91282CCA7,2026-04-15,21.435424,3.4375049,0.0,0.0850901,2.346305,0.055,13.902654,1.60887,0.0
2021-04-30 00:00:00,5-Year Note,0.75,91282CBW0,2026-04-30,72.6493898,11.6493222,0.06,0.0407656,16.638288,0.0,35.405689,8.855325,0.0
2021-04-30 00:00:00,7-Year Note,1.25,91282CBZ3,2028-04-30,73.8403201,11.8402947,0.06,0.0237054,15.439525,0.088,37.072045,9.31675,0.0
2021-04-30 00:00:00,20-Year Bond,1.875,912810SW9,2041-02-15,28.5833446,4.5833398,0.037,0.0043858,5.563548,0.3,15.009771,3.0853,0.0
2021-04-15 00:00:00,3-Year Note,0.375,91282CBV2,2024-04-15,66.9018835,8.9039726,1.1,0.0478525,20.1742584,0.0,25.361,11.3148,0.0
2021-04-15 00:00:00,10-Year Note,1.125,91282CBL4,2031-02-15,43.8336266,5.8336371,0.11,0.0135319,9.898753,0.05,22.496898,5.4308066,0.0
2021-04-15 00:00:00,30-Year Bond,1.875,912810SU3,2051-02-15,27.6844357,3.6844024,0.037,0.0070153,4.9310155,0.1,16.4589925,2.46601,0.0
2021-03-31 00:00:00,2-Year Note,0.125,91282CBU4,2023-03-31,70.769344,10.7742673,0.1025,0.1031259,20.2019308,0.5,27.51477,11.56895,0.0038
2021-03-31 00:00:00,5-Year Note,0.75,91282CBT7,2026-03-31,71.9537932,10.9538384,0.1075,0.0398473,16.9363275,0.0,32.61235,11.29393,0.01
2021-03-31 00:00:00,7-Year Note,1.25,91282CBS9,2028-03-31,73.1329262,11.1334095,0.115,0.0570867,17.24724,0.0535,34.62832,9.89837,0.0
2021-03-31 00:00:00,10-Year TIPS Note,0.125,91282CBF7,2031-01-15,15.3341316,2.3344245,0.0,0.0190991,1.496077,0.02,10.8023,0.662231,0.0
2021-03-31 00:00:00,20-Year Bond,1.875,912810SW9,2041-02-15,28.3097072,4.3097068,0.015,0.0021967,5.6375375,0.05,16.4876862,1.80758,0.0
2021-03-26 00:00:00,2-Year FRN,0.049,91282CBK6,2023-01-31,26.0000437,0.0,0.0,0.0149562,9.260775,0.0,15.9243125,0.8,0.0
2021-03-15 00:00:00,3-Year Note,0.25,91282CBR1,2024-03-15,61.5950993,3.59455,0.0125,0.0310623,20.734387,0.0,27.6002,9.6224,0.0
2021-03-15 00:00:00,10-Year Note,1.125,91282CBL4,2031-02-15,40.3550583,2.35505,0.04,0.0327381,10.3420041,0.0,22.4046501,5.180616,0.0
2021-03-15 00:00:00,30-Year Bond,1.875,912810SU3,2051-02-15,25.4874017,1.4874,0.005,0.0057217,5.430756,0.0,15.90712,2.651404,0.0
2021-03-01 00:00:00,2-Year Note,0.125,91282CBN0,2023-02-28,72.9965512,12.9978624,0.1,0.1068755,19.7461683,0.005,28.619865,11.42078,0.0
2021-03-01 00:00:00,5-Year Note,0.5,91282CBQ3,2026-02-28,74.2144685,13.2144934,0.05,0.0229951,19.200705,0.0,31.286255,10.43502,0.005
2021-03-01 00:00:00,7-Year Note,1.125,91282CBP5,2028-02-29,75.4311487,13.4311243,0.05,0.0102544,26.43799,0.05,30.45697,4.99481,0.0
2021-03-01 00:00:00,20-Year Bond,1.875,912810SW9,2041-02-15,32.849039,5.849038,0.0,0.0034655,8.3093855,0.05,13.1212,5.51595,0.0
2021-02-26 00:00:00,2-Year FRN,0.049,91282CBK6,2023-01-31,26.0004438,0.0,0.0,0.0396758,10.919712,0.0,12.761056,2.28,0.0
2021-02-26 00:00:00,30-Year TIPS Bond,0.125,912810SV1,2051-02-15,8.9950123,0.0,0.0,0.0167003,1.685315,0.05,5.783597,1.4594,0.0
2021-02-16 00:00:00,3-Year Note,0.125,91282CBM2,2024-02-15,79.0411994,21.0411702,0.0,0.0271092,19.46082,0.0,28.2223,10.2768,0.013
2021-02-16 00:00:00,10-Year Note,1.125,91282CBL4,2031-02-15,55.8739709,14.8739307,0.0,0.020221,8.91064,0.05,21.831317,10.1878622,0.0
2021-02-16 00:00:00,30-Year Bond,1.875,912810SU3,2051-02-15,36.7946655,9.7950274,0.025,0.0093229,7.0344552,0.0,16.18599,3.74487,0.0
2021-02-01 00:00:00,2-Year FRN,0.049,91282CBK6,2023-01-31,31.7844933,3.7844258,0.0,0.02533,13.9895025,0.6,7.935405,5.28483,0.165
2021-02-01 00:00:00,2-Year Note,0.125,91282CBG5,2023-01-31,68.1090234,8.1094839,0.00025,0.1023805,17.965276,0.0,28.042305,13.889328,0.0
2021-02-01 00:00:00,5-Year Note,0.375,91282CBH3,2026-01-31,69.2447059,8.244642,0.05,0.0175489,16.64042,0.007,35.460345,8.81475,0.01
2021-02-01 00:00:00,7-Year Note,0.75,91282CBJ9,2028-01-31,70.3798498,8.3797999,0.01,0.0057779,13.453872,0.075,39.312575,9.142825,0.0
2021-02-01 00:00:00,20-Year Bond,1.375,912810ST6,2040-11-15,27.2438124,3.2437935,0.525,0.0025429,6.671346,0.08,14.75912,1.96201,0.0
2021-01-29 00:00:00,10-Year TIPS Note,0.125,91282CBF7,2031-01-15,14.9995391,0.0,2.5e-05,0.0404708,2.65054,0.07,10.2831183,1.955385,0.0
2021-01-15 00:00:00,3-Year Note,0.125,91282CBE0,2024-01-15,63.8306512,5.830507,0.1,0.0231442,20.63883,0.0,25.76132,11.47685,0.0
2021-01-15 00:00:00,10-Year Note,0.875,91282CAV3,2030-11-15,41.8199908,3.8199872,0.0,0.0083186,8.45625,0.05,23.884075,5.60136,0.0
2021-01-15 00:00:00,30-Year Bond,1.625,912810SS8,2050-11-15,26.4126253,2.4126235,0.0,0.0034892,4.2537328,0.03,14.7968613,4.9159185,0.0
2020-12-31 00:00:00,2-Year Note,0.125,91282CBD2,2022-12-31,66.8243884,8.8243628,0.104,0.1284281,20.9086325,0.0,25.341295,11.51767,0.0
2020-12-31 00:00:00,5-Year TIPS Note,0.125,91282CAQ4,2025-10-15,17.2822652,2.2821627,0.0,0.0170113,4.062,0.0,9.5269397,1.3941515,0.0
2020-12-31 00:00:00,5-Year Note,0.375,91282CBC4,2025-12-31,67.9765429,8.976507,0.05,0.0117063,16.1746,0.0,34.91631,7.8474196,0.0
2020-12-31 00:00:00,7-Year Note,0.625,91282CBB6,2027-12-31,67.9765168,8.976507,0.1,0.0057204,14.7896334,0.05,34.15473,9.899926,0.0
2020-12-31 00:00:00,20-Year Bond,1.375,912810ST6,2040-11-15,27.6515332,3.6514605,1.035,0.000629,6.8283178,0.18,12.6753585,3.2807674,0.0
2020-12-28 00:00:00,2-Year FRN,0.055,91282CAS0,2022-10-31,24.0001048,0.0,0.0,0.0158858,12.404379,0.0,10.07984,1.5,0.0
2020-12-15 00:00:00,3-Year Note,0.125,91282CBA8,2023-12-15,58.3853141,2.3852204,0.15,0.0419627,20.791581,0.0,26.2678,8.73995,0.0088
2020-12-15 00:00:00,10-Year Note,0.875,91282CAV3,2030-11-15,39.6185592,1.6185424,0.05,0.0057998,9.402669,0.05,21.642148,6.8494,0.0
2020-12-15 00:00:00,30-Year Bond,1.625,912810SS8,2050-11-15,25.0222461,1.0222372,0.4,0.0027316,4.9555344,0.035,17.1169722,1.4897707,0.0
2020-11-30 00:00:00,2-Year Note,0.125,91282CAX9,2022-11-30,63.7692159,7.7688639,0.0,0.1257125,22.1095125,0.0,22.7896645,10.9705625,0.0049
2020-11-30 00:00:00,5-Year Note,0.375,91282CAZ4,2025-11-30,64.9075887,7.9075936,0.0,0.0131561,17.9663765,0.0,30.726925,8.2935375,0.0
2020-11-30 00:00:00,7-Year Note,0.625,91282CAY7,2027-11-30,63.7688862,7.7688638,0.0,0.0028224,12.102025,0.05,34.428415,9.41676,0.0
2020-11-30 00:00:00,10-Year TIPS Note,0.125,912828ZZ6,2030-07-15,13.664604,1.6647565,0.0,0.0103491,1.695,0.0,9.475055,0.8194434,0.0
2020-11-30 00:00:00,20-Year Bond,1.375,912810ST6,2040-11-15,30.7457037,3.7457021,1.0,0.0010307,6.9630509,0.213,15.55206,3.27086,0.0
2020-11-27 00:00:00,2-Year FRN,0.055,91282CAS0,2022-10-31,24.0000261,0.0,0.0,0.0142761,12.74175,0.0,5.104,1.14,5.0
2020-11-16 00:00:00,3-Year Note,0.25,91282CAW1,2023-11-15,68.8070857,14.8068816,0.0,0.0353821,26.020722,0.0,20.4372,7.5069,0.0
2020-11-16 00:00:00,10-Year Note,0.875,91282CAV3,2030-11-15,52.2422721,11.2422619,0.0,0.0112668,13.6480113,0.05,19.9772425,7.3134896,0.0
2020-11-16 00:00:00,30-Year Bond,1.625,912810SS8,2050-11-15,34.4033906,7.4034407,0.0,0.0029509,6.498878,0.12,16.90114,3.176981,0.3
2020-11-02 00:00:00,2-Year FRN,0.055,91282CAS0,2022-10-31,28.7585059,2.7584351,0.0,0.0415508,10.99818,0.15,1.444,6.36634,7.0
2020-11-02 00:00:00,2-Year Note,0.125,91282CAR2,2022-10-31,59.7284061,5.7290575,0.0,0.1385459,18.3868777,0.0085,22.686949,12.778476,0.0
2020-11-02 00:00:00,5-Year Note,0.25,91282CAT8,2025-10-31,60.835476,5.835151,0.0,0.0389575,14.454905,0.0,30.2791025,10.22736,0.0
2020-11-02 00:00:00,7-Year Note,0.5,91282CAU5,2027-10-31,58.6229768,5.6229637,0.0,0.0027761,14.551704,0.05,28.022913,10.37262,0.0
2020-11-02 00:00:00,20-Year Bond,1.125,912810SQ2,2040-08-15,24.334075,2.3340604,0.0,0.0015201,5.375145,0.2,13.320697,3.1026525,0.0
2020-10-30 00:00:00,5-Year TIPS Note,0.125,91282CAQ4,2025-10-15,16.9988457,0.0,0.0,0.0425867,2.836,0.03,11.464464,2.533335,0.09246
2020-10-15 00:00:00,3-Year Note,0.125,91282CAP6,2023-10-15,53.4547287,1.4545819,0.0,0.0288718,17.64867,0.0,25.023445,9.29916,0.0
2020-10-15 00:00:00,10-Year Note,0.625,91282CAE1,2030-08-15,35.9791078,0.9790454,3.0,0.0157804,8.609272,0.05,18.45341,4.8716,0.0
2020-10-15 00:00:00,30-Year Bond,1.375,912810SP4,2050-08-15,23.6433738,0.6433727,0.5,0.0008493,5.990921,0.06,13.9163508,2.53188,0.0
2020-09-30 00:00:00,2-Year Note,0.125,91282CAN1,2022-09-30,59.1186707,7.1190477,0.0,0.151185,18.790163,0.0,23.676475,9.3818,0.0
2020-09-30 00:00:00,5-Year Note,0.25,91282CAM3,2025-09-30,60.2560272,7.2559524,1.5,0.0087748,11.951195,0.0,30.154305,9.3858,0.0
2020-09-30 00:00:00,7-Year Note,0.375,91282CAL5,2027-09-30,56.8452943,6.8452381,3.0,0.0030062,11.606545,0.0,26.91126,8.479245,0.0
2020-09-30 00:00:00,10-Year TIPS Note,0.125,912828ZZ6,2030-07-15,13.6427929,1.6428571,0.0,0.0163693,2.081959,0.07,8.7731075,1.0585,0.0
2020-09-30 00:00:00,20-Year Bond,1.125,912810SQ2,2040-08-15,25.0118285,3.0119047,0.0,0.0014717,6.06786,0.08,12.60002,3.2505721,0.0
2020-09-25 00:00:00,2-Year FRN,0.055,91282CAA9,2022-07-31,22.0000675,0.0,0.0,0.0082075,18.61686,0.005,3.22,0.15,0.0
2020-09-15 00:00:00,3-Year Note,0.125,91282CAK7,2023-09-15,52.0556195,2.0555556,0.003,0.0232975,19.5336434,0.0,23.141923,7.2982,0.0
2020-09-15 00:00:00,10-Year Note,0.625,91282CAE1,2030-08-15,36.4389275,1.4388889,0.0,0.0020993,10.434894,0.0,18.4769605,6.0860848,0.0
2020-09-15 00:00:00,30-Year Bond,1.375,912810SP4,2050-08-15,23.9455683,0.9455555,0.0,0.0016138,5.770284,0.0334,13.591905,3.60281,0.0
2020-08-31 00:00:00,2-Year Note,0.125,91282CAG6,2022-08-31,54.3436426,4.3436948,0.0,0.1000878,15.8405,0.0,22.95556,11.1038,0.0
2020-08-31 00:00:00,5-Year Note,0.25,91282CAJ0,2025-08-31,55.4309287,4.4305687,0.12,0.019111,10.420642,0.0,26.8946834,13.5459236,0.0
2020-08-31 00:00:00,7-Year Note,0.5,91282CAH4,2027-08-31,51.0830757,4.0830731,1.5,0.0037378,8.5948616,0.0,24.3407032,12.5607,0.0
2020-08-31 00:00:00,20-Year Bond,1.125,912810SQ2,2040-08-15,27.1718514,2.1718474,1.0,0.000643,7.565566,0.07,13.271595,3.0922,0.0
2020-08-31 00:00:00,30-Year TIPS Bond,0.25,912810SM1,2050-02-15,7.6080809,0.6081172,0.0,0.0093287,1.568293,0.015,4.027242,1.3801,0.0
2020-08-28 00:00:00,2-Year FRN,0.055,91282CAA9,2022-07-31,22.0002258,0.0,0.34095,0.0100818,10.489859,0.0,5.091145,1.06819,5.0
2020-08-17 00:00:00,3-Year Note,0.125,91282CAF8,2023-08-15,76.5480759,28.5481349,0.0,0.030605,15.976776,0.0,23.390892,8.601668,0.0
2020-08-17 00:00:00,10-Year Note,0.625,91282CAE1,2030-08-15,60.6006294,22.6006068,3.0,0.010728,8.3985246,0.0,18.40257,8.1882,0.0
2020-08-17 00:00:00,30-Year Bond,1.375,912810SP4,2050-08-15,41.4635792,15.463573,0.0,0.0081112,8.31344,0.03,14.805175,2.84328,0.0
2020-07-31 00:00:00,2-Year FRN,0.055,91282CAA9,2022-07-31,26.7274834,2.7273235,0.0,0.0166324,8.306527,0.0,8.12533,1.5476705,6.004
2020-07-31 00:00:00,2-Year Note,0.125,91282CAC5,2022-07-31,53.4545197,5.4546469,0.0,0.1638278,20.69974,0.0,21.479505,5.6568,0.0
2020-07-31 00:00:00,5-Year Note,0.25,91282CAB7,2025-07-31,54.5682181,5.5682854,1.8,0.0176094,15.9456475,0.0,26.7566708,4.480005,0.0
2020-07-31 00:00:00,7-Year Note,0.375,91282CAD3,2027-07-31,49.0001012,5.0000929,3.086,0.0018783,10.14531,0.0,25.11016,5.65666,0.0
2020-07-31 00:00:00,10-Year TIPS Note,0.125,912828ZZ6,2030-07-15,15.590791,1.5909386,2.5e-05,0.0447739,2.5003175,0.01,10.128136,1.3166,0.0
2020-07-31 00:00:00,20-Year Bond,1.125,912810SR0,2040-05-15,18.9318632,1.9318541,1.8,0.0004299,4.1757801,0.0672,10.0605991,0.896,0.0
2020-07-15 00:00:00,3-Year Note,0.125,912828ZY9,2023-07-15,50.0356255,4.0356171,0.0,0.014234,16.343564,0.0,22.468885,7.1733254,0.0
2020-07-15 00:00:00,10-Year Note,0.625,912828ZQ6,2030-05-15,31.5442088,2.5441934,1.8,0.0038359,6.437519,0.0,15.399598,5.3590625,0.0
2020-07-15 00:00:00,30-Year Bond,1.25,912810SN9,2050-05-15,20.6668993,1.6668853,0.6,0.000941,3.9358807,0.0121228,10.4060345,4.045035,0.0
2020-07-13 00:00:00,5-Year TIPS Note,0.125,912828ZJ2,2025-04-15,0.025,0.0,0.0,0.0,0.025,0.0,0.0,0.0,0.0
2020-06-30 00:00:00,2-Year Note,0.125,912828ZX1,2022-06-30,52.2906755,6.2915259,0.0,0.1062121,15.5401975,0.0,24.56814,5.7846,0.0
2020-06-30 00:00:00,5-Year TIPS Note,0.125,912828ZJ2,2025-04-15,17.0513193,2.0515845,0.0,0.0402824,2.478659,0.0,10.5322934,1.9485,0.0
2020-06-30 00:00:00,5-Year Note,0.25,912828ZW3,2025-06-30,53.4283934,6.4282981,1.92,0.0137593,11.884623,0.0,26.142945,7.038768,0.0
2020-06-30 00:00:00,7-Year Note,0.5,912828ZV5,2027-06-30,46.607732,5.6076643,1.8,0.0022127,10.25436,0.0,24.692795,4.2507,0.0
2020-06-30 00:00:00,20-Year Bond,1.125,912810SR0,2040-05-15,19.3249695,2.3251291,0.0,0.0011944,4.438341,0.01,9.761205,2.7891,0.0
2020-06-26 00:00:00,2-Year FRN,0.114,912828ZK9,2022-04-30,20.0001122,0.0,0.0,0.0060722,15.82545,0.0,2.00459,0.375,1.789
2020-06-15 00:00:00,3-Year Note,0.25,912828ZU7,2023-06-15,44.6255688,0.6255653,0.0,0.0173248,15.3713087,0.0,22.583296,6.028074,0.0
2020-06-15 00:00:00,10-Year Note,0.625,912828ZQ6,2030-05-15,29.4123192,0.4123043,0.0,0.0012891,9.8493858,0.0,15.57624,3.5731,0.0
2020-06-15 00:00:00,30-Year Bond,1.25,912810SN9,2050-05-15,19.2701433,0.2701304,0.0,0.0009047,5.5549612,0.0,11.8772178,1.5669292,0.0
2020-06-01 00:00:00,2-Year Note,0.125,912828ZR4,2022-05-31,48.6190714,4.6192488,0.0,0.1468776,15.03142,0.0,20.702225,8.1193,0.0
2020-06-01 00:00:00,5-Year Note,0.25,912828ZT0,2025-05-31,49.724256,4.7242317,0.0,0.0166793,15.98296,0.0,22.691485,6.3089,0.0
2020-06-01 00:00:00,7-Year Note,0.5,912828ZS2,2027-05-31,41.9893545,3.9893512,3.0,0.0090833,10.62252,0.0,18.58852,5.77988,0.0
2020-06-01 00:00:00,20-Year Bond,1.125,912810SR0,2040-05-15,22.0996886,2.0996585,0.02,0.0023376,5.6149125,0.18,11.5544215,2.6283585,0.0
2020-05-29 00:00:00,2-Year FRN,0.114,912828ZK9,2022-04-30,19.9998333,0.0,0.0,0.0064733,13.25646,0.0,2.5619,4.175,0.0
2020-05-29 00:00:00,10-Year TIPS Note,0.125,912828Z37,2030-01-15,12.0000009,0.0,0.0,0.0274999,3.62458,0.0,7.11039,1.237531,0.0
2020-05-15 00:00:00,3-Year Note,0.125,912828ZP8,2023-05-15,64.2116633,22.2116488,0.0,0.0290045,15.33457,0.0,21.21374,5.4227,0.0
2020-05-15 00:00:00,10-Year Note,0.625,912828ZQ6,2030-05-15,48.9231953,16.923161,3.02,0.0113485,7.1964195,0.0,13.7029803,8.069286,0.0
2020-05-15 00:00:00,30-Year Bond,1.25,912810SN9,2050-05-15,33.6347766,11.6346731,0.01,0.0065835,7.9846,0.0,12.0937,1.90222,0.003
2020-04-30 00:00:00,2-Year FRN,0.114,912828ZK9,2022-04-30,23.9108152,1.9105734,0.0,0.0210898,10.675,0.0,7.104152,0.7,3.5
2020-04-30 00:00:00,2-Year Note,0.125,912828ZM5,2022-04-30,45.6472964,3.6474583,0.0,0.1200631,12.0265,0.0,20.987275,8.866,0.0
2020-04-30 00:00:00,5-Year TIPS Note,0.125,912828ZJ2,2025-04-15,18.4763282,1.4763521,0.0,0.0798778,2.51524,0.05,12.7929923,1.561866,0.0
2020-04-30 00:00:00,5-Year Note,0.375,912828ZL7,2025-04-30,46.7343707,3.7343024,0.0,0.0164483,9.221115,0.0,24.11523,9.647275,0.0
2020-04-30 00:00:00,7-Year Note,0.5,912828ZN3,2027-04-30,38.0395905,3.0395485,1.5,0.0064489,8.5686205,0.0,19.0572726,5.8677,0.0
2020-04-15 00:00:00,3-Year Note,0.25,912828ZH6,2023-04-15,40.1314796,0.1316542,0.0,0.0274945,18.57838,0.0,16.5249009,4.86905,0.0
2020-04-15 00:00:00,10-Year Note,1.5,912828Z94,2030-02-15,25.0822867,0.0822838,0.0,0.0017139,7.541224,0.0,14.073365,3.3837,0.0
2020-04-15 00:00:00,30-Year Bond,2.0,912810SL3,2050-02-15,17.055956,0.055953,0.0,0.0035023,4.833205,0.02,10.9474057,1.19589,0.0
2020-03-31 00:00:00,2-Year Note,0.375,912828ZG8,2022-03-31,45.377491,5.3778284,0.0,0.1875051,16.28131,0.0,18.5451475,4.9857,0.0
2020-03-31 00:00:00,5-Year Note,0.5,912828ZF0,2025-03-31,46.5122845,5.5122741,1.8,0.0130748,16.2946206,0.0,18.699815,4.1925,0.0
2020-03-31 00:00:00,7-Year Note,0.625,912828ZE3,2027-03-31,36.3025047,4.3022626,1.8,0.0117711,10.482025,0.0,16.685171,3.021275,0.0
2020-03-31 00:00:00,10-Year TIPS Note,0.125,912828Z37,2030-01-15,13.6134672,1.6133485,0.0,0.0179453,2.471,0.0,7.575105,1.9360684,0.0
2020-03-27 00:00:00,2-Year FRN,0.154,912828Z45,2022-01-31,18.0000832,0.0,0.0,0.0045232,6.78161,0.0,7.71419,0.9,2.59976
2020-03-16 00:00:00,3-Year Note,0.5,912828ZD5,2023-03-15,38.0365962,0.0365385,0.0,0.0419481,18.408,0.0,12.6148,6.9353096,0.0
2020-03-16 00:00:00,10-Year Note,1.5,912828Z94,2030-02-15,24.0230769,0.0230769,1.5,0.003721,7.63847,0.0,12.202609,2.5752,0.08
2020-03-16 00:00:00,30-Year Bond,2.0,912810SL3,2050-02-15,16.0153844,0.0153846,0.0,0.0154296,3.8104248,0.0,11.141723,1.0114224,0.021
2020-03-02 00:00:00,2-Year Note,1.125,912828ZA1,2022-02-28,46.0453058,6.0454011,0.000475,0.1660794,18.5937303,0.075,15.808955,5.342665,0.013
2020-03-02 00:00:00,5-Year Note,1.125,912828ZC7,2025-02-28,47.1965577,6.1965361,0.0,0.0277931,12.9301393,0.0,22.41061,5.5554792,0.076
2020-03-02 00:00:00,7-Year Note,1.125,912828ZB9,2027-02-28,36.8363239,4.8363208,0.0,0.0036695,9.230995,0.05,18.2112,4.4311386,0.073
2020-02-28 00:00:00,2-Year FRN,0.154,912828Z45,2022-01-31,17.9999705,0.0,0.0,0.0446225,12.851294,0.05,2.504054,2.3,0.25
2020-02-28 00:00:00,30-Year TIPS Bond,0.25,912810SM1,2050-02-15,8.0000026,0.0,0.0,0.0081851,1.1923905,0.056,5.690927,0.8525,0.2
2020-02-18 00:00:00,3-Year Note,1.375,912828Z86,2023-02-15,54.8997363,16.8997397,0.0018,0.0511726,15.53735,0.05,18.982924,3.37675,0.0
2020-02-18 00:00:00,10-Year Note,1.5,912828Z94,2030-02-15,39.0077122,12.0077097,0.0,0.0216816,7.1169779,0.03,13.551243,6.2261,0.054
2020-02-18 00:00:00,30-Year Bond,2.0,912810SL3,2050-02-15,27.449831,8.4498698,2.0,0.0050524,4.091475,0.0,10.230265,2.6471688,0.026
2020-01-31 00:00:00,2-Year FRN,0.154,912828Z45,2022-01-31,22.0641983,2.0651865,0.0,0.0205118,10.041,0.0,7.2975,2.035,0.605
2020-01-31 00:00:00,2-Year Note,1.375,912828Z60,2022-01-31,44.1317575,4.130373,0.0,0.2604915,12.398291,0.1,22.377502,4.8401,0.025
2020-01-31 00:00:00,5-Year Note,1.375,912828Z52,2025-01-31,45.2336522,4.2336323,0.12,0.0274633,11.6605128,0.2,24.2208666,4.7011772,0.07
2020-01-31 00:00:00,7-Year Note,1.5,912828Z78,2027-01-31,35.3043009,3.3042983,0.088,0.0094124,8.670133,0.15,20.05686,2.9695132,0.056084
2020-01-31 00:00:00,10-Year TIPS Note,0.125,912828Z37,2030-01-15,15.444857,1.4456305,2.5e-05,0.0391115,2.15906,0.175,10.44733,1.1787,0.0
2020-01-15 00:00:00,3-Year Note,1.5,912828Z29,2023-01-15,39.2158969,1.2158602,0.0,0.0484115,14.1816402,0.0,18.64626,5.123725,0.0
2020-01-15 00:00:00,10-Year Note,1.75,912828YS3,2029-11-15,24.7679454,0.7679117,0.0,0.0040953,7.34479,0.05,12.1913484,4.4098,0.0
2020-01-15 00:00:00,30-Year Bond,2.375,912810SK5,2049-11-15,16.5119671,0.5119411,0.0,0.010794,3.39995,0.0,10.427082,2.1622,0.0
2019-12-31 00:00:00,2-Year Note,1.625,912828YZ7,2021-12-31,43.7640357,3.7646229,0.0009,0.1658058,13.817597,5e-06,20.901055,5.10575,0.0083
2019-12-31 00:00:00,5-Year TIPS Note,0.125,912828YL8,2024-10-15,16.4117031,1.4117335,0.0,0.0253688,1.97342,0.0,10.6511808,2.35,0.0
2019-12-31 00:00:00,5-Year Note,1.75,912828YY0,2024-12-31,44.8587444,3.8587384,0.0,0.0298385,9.513,0.0,24.6001675,6.857,0.0
2019-12-31 00:00:00,7-Year Note,1.75,912828YX2,2026-12-31,35.0117014,3.0116982,0.0,0.0075152,5.798661,0.05,19.5616495,6.5821775,0.0
2019-12-27 00:00:00,2-Year FRN,0.3,912828YN4,2021-10-31,18.0000835,0.0,0.0,0.0105443,8.50664,0.0,9.1828992,0.3,0.0
2019-12-16 00:00:00,3-Year Note,1.625,912828YW4,2022-12-15,38.0001373,0.0,0.0,0.0566973,11.1565,0.0,21.63906,5.14788,0.0
2019-12-16 00:00:00,10-Year Note,1.75,912828YS3,2029-11-15,24.0000112,0.0,0.0,0.0063799,6.495455,0.05,13.9287763,3.5194,0.0
2019-12-16 00:00:00,30-Year Bond,2.375,912810SK5,2049-11-15,15.9989552,0.0,0.0,0.0043752,2.87655,0.0,10.38343,2.7346,0.0
2019-12-09 00:00:00,2-Year FRN,0.3,912828YN4,2021-10-31,0.0250002,0.0,0.0,0.0,0.0250002,0.0,0.0,0.0,0.0
2019-12-02 00:00:00,2-Year Note,1.5,912828YT1,2021-11-30,43.1751343,3.1755329,0.0,0.193172,9.656378,0.0,18.5356514,11.6094,0.005
2019-12-02 00:00:00,5-Year Note,1.5,912828YV6,2024-11-30,44.2549456,3.2549212,0.135,0.0277284,9.750021,0.0,24.05445,7.032825,0.0
2019-12-02 00:00:00,7-Year Note,1.625,912828YU8,2026-11-30,34.5404881,2.5404262,0.084,0.0076794,7.2712825,0.0,19.614075,5.023025,0.0
2019-11-29 00:00:00,2-Year FRN,0.3,912828YN4,2021-10-31,18.0001707,0.0,0.0,0.0095537,14.130285,0.0,3.080332,0.03,0.75
2019-11-29 00:00:00,10-Year TIPS Note,0.25,9128287D6,2029-07-15,11.9998229,0.0,0.0,0.0117778,1.8460875,0.02,7.9660576,2.1559,0.0
2019-11-15 00:00:00,3-Year Note,1.625,912828TY6,2022-11-15,55.9931771,17.9933225,0.0005,0.0483536,12.044319,0.0,21.222772,4.67391,0.01
2019-11-15 00:00:00,10-Year Note,1.75,912828YS3,2029-11-15,39.7847458,12.7847291,1.0,0.0210563,6.791948,0.05,14.1303124,5.0067,0.0
2019-11-15 00:00:00,30-Year Bond,2.375,912810SK5,2049-11-15,27.9938475,8.9966612,1.0,0.0114713,4.486485,0.0,10.4599425,3.0382875,0.001
2019-10-31 00:00:00,2-Year FRN,0.3,912828YN4,2021-10-31,22.0862041,2.0910083,0.0,0.0101208,10.802025,0.0,8.43305,0.45,0.3
2019-10-31 00:00:00,2-Year Note,1.5,912828YP9,2021-10-31,44.1821515,4.1820165,0.0,0.1067738,12.76285,0.0,20.5997112,6.5308,0.0
2019-10-31 00:00:00,5-Year TIPS Note,0.125,912828YL8,2024-10-15,18.7771642,1.7773569,0.0,0.0306835,2.34448,0.275,12.5346438,1.815,0.0
2019-10-31 00:00:00,5-Year Note,1.5,912828YM6,2024-10-31,45.2866412,4.2865668,0.0,0.0340785,9.9689565,0.0,25.3850873,5.5079521,0.104
2019-10-31 00:00:00,7-Year Note,1.625,912828YQ7,2026-10-31,35.3456666,3.3456131,0.0,0.004589,7.063,0.05,20.7090095,4.097455,0.076
2019-10-15 00:00:00,3-Year Note,1.375,912828YK0,2022-10-15,38.0000407,0.0,0.00025,0.0281253,14.8714254,0.0,19.39989,3.69035,0.01
2019-10-15 00:00:00,10-Year Note,1.625,912828YB0,2029-08-15,24.0000485,0.0,0.0,0.003312,7.3168915,0.025,14.27452,2.326325,0.054
2019-10-15 00:00:00,30-Year Bond,2.25,912810SJ8,2049-08-15,16.0000189,0.0,0.0,0.002716,3.9897565,0.0,9.7238145,2.2617319,0.022
2019-09-30 00:00:00,2-Year Note,1.5,912828YJ3,2021-09-30,44.1547504,4.1552743,0.0,0.1492897,11.7494375,0.04,22.0681489,5.9876,0.005
2019-09-30 00:00:00,5-Year Note,1.5,912828YH7,2024-09-30,45.259081,4.2591561,0.0,0.0167115,11.9282576,0.0,23.890355,5.0606008,0.104
2019-09-30 00:00:00,7-Year Note,1.625,912828YG9,2026-09-30,35.3242434,3.3242193,0.0,0.0063147,7.1622544,0.05,20.517255,4.1772,0.087
2019-09-30 00:00:00,10-Year TIPS Note,0.25,9128287D6,2029-07-15,13.2465604,1.2465822,0.0,0.0090282,2.073,0.04,9.52425,0.3537,0.0
2019-09-27 00:00:00,2-Year FRN,0.22,9128287G9,2021-07-31,17.9998976,0.0,0.0,0.0042826,9.414115,0.0,8.4815,0.1,0.0
2019-09-16 00:00:00,3-Year Note,1.5,912828YF1,2022-09-15,37.999973,0.0,0.0,0.0334942,14.6623788,0.0,19.7903,3.5138,0.0
2019-09-16 00:00:00,10-Year Note,1.625,912828YB0,2029-08-15,24.0000403,0.0,0.0,0.0023645,6.3338668,0.05,15.358909,2.1869,0.068
2019-09-16 00:00:00,30-Year Bond,2.25,912810SJ8,2049-08-15,15.9986288,0.0,0.5,0.016766,4.6319428,0.0,9.5032,1.31572,0.031
2019-09-03 00:00:00,2-Year Note,1.5,912828YC8,2021-08-31,45.194165,5.1942293,0.000135,0.1691257,13.45098,0.0,22.478095,3.8966,0.005
2019-09-03 00:00:00,5-Year Note,1.25,912828YE4,2024-08-31,46.3241437,5.3240849,0.04,0.0203688,9.936025,0.0,23.007665,7.83,0.166
2019-09-03 00:00:00,7-Year Note,1.375,912828YD6,2026-08-31,36.1553821,4.1553833,0.03,0.0057616,11.48,0.0,17.5806372,2.7786,0.125
2019-08-30 00:00:00,2-Year FRN,0.22,9128287G9,2021-07-31,18.0000011,0.0,0.0,0.0057661,7.872,0.0,10.072,0.025,0.025235
2019-08-30 00:00:00,30-Year TIPS Bond,1.0,912810SG4,2049-02-15,7.0000149,0.0,0.0,0.0110811,0.801,0.03,5.4867008,0.671233,0.0
2019-08-15 00:00:00,3-Year Note,1.5,912828YA2,2022-08-15,62.7969485,24.7969938,0.0025,0.0401227,13.45676,0.0,19.946572,4.554,0.0
2019-08-15 00:00:00,10-Year Note,1.625,912828YB0,2029-08-15,44.6188512,17.6189167,0.0,0.027384,8.76713,0.0,14.8959205,3.2455,0.064
2019-08-15 00:00:00,30-Year Bond,2.25,912810SJ8,2049-08-15,31.3985124,12.3984968,0.5,0.0087016,5.24533,0.0,11.265984,1.954,0.026
2019-07-31 00:00:00,2-Year FRN,0.22,9128287G9,2021-07-31,20.7896623,0.7945086,0.0,0.0145687,10.2574,0.0,9.523185,0.05,0.15
2019-07-31 00:00:00,2-Year Note,1.75,9128287F1,2021-07-31,41.5889046,1.5890171,0.0054,0.1894605,12.674135,0.025,19.99475,7.111142,0.0
2019-07-31 00:00:00,5-Year Note,1.75,912828Y87,2024-07-31,42.6288077,1.6287425,0.0,0.0455352,14.236035,0.0,22.009295,4.7092,0.0
2019-07-31 00:00:00,7-Year Note,1.875,912828Y95,2026-07-31,33.2712573,1.2712136,0.0,0.0176487,8.575585,0.025,18.53466,4.69515,0.152
2019-07-31 00:00:00,10-Year TIPS Note,0.25,9128287D6,2029-07-15,14.5561216,0.5561559,2.5e-05,0.0306787,2.415015,0.075,10.605947,0.8733,0.0
2019-07-15 00:00:00,3-Year Note,1.75,9128287C8,2022-07-15,38.3186018,0.3235242,0.0,0.0839276,13.360475,0.0,20.0296,4.521075,0.0
2019-07-15 00:00:00,10-Year Note,2.375,9128286T2,2029-05-15,24.2043407,0.204331,0.0,0.0046127,6.627384,0.0,13.623333,3.67868,0.066
2019-07-15 00:00:00,30-Year Bond,2.875,912810SH2,2049-05-15,16.1362314,0.1362207,0.0,0.0072537,5.614762,0.0,8.968495,1.3685,0.041
2019-07-01 00:00:00,2-Year Note,1.625,9128287A2,2021-06-30,42.2875969,2.2876128,0.0,0.1697991,10.964275,0.0,21.21146,7.65445,0.0
2019-07-01 00:00:00,5-Year Note,1.75,9128286Z8,2024-06-30,43.3448275,2.3448031,0.0,0.026206,10.2889784,0.0,22.244265,8.272575,0.168
2019-07-01 00:00:00,7-Year Note,1.875,9128287B0,2026-06-30,33.8281222,1.8300901,0.0,0.0073617,6.5813474,0.0,17.993223,7.2621,0.154
2019-06-28 00:00:00,2-Year FRN,0.139,9128286Q8,2021-04-30,18.000081,0.0,0.0,0.0098065,5.7455295,0.0,11.244745,0.0,1.0
2019-06-28 00:00:00,5-Year TIPS Note,0.5,9128286N5,2024-04-15,14.9994773,0.0,0.0,0.0177718,2.0066155,0.04,12.23009,0.645,0.06
2019-06-26 00:00:00,10-Year Note,2.375,9128286T2,2029-05-15,0.0250004,0.0,0.0,0.0,0.0250004,0.0,0.0,0.0,0.0
2019-06-17 00:00:00,3-Year Note,1.75,9128286Y1,2022-06-15,38.0002075,0.0,0.0,0.0586763,11.48189,0.0,21.8136912,4.64595,0.0
2019-06-17 00:00:00,10-Year Note,2.375,9128286T2,2029-05-15,24.0000006,0.0,0.0,0.0049386,5.139672,0.0,15.24669,3.4967,0.112
2019-06-17 00:00:00,30-Year Bond,2.875,912810SH2,2049-05-15,15.9998888,0.0,0.0,0.0078348,4.051657,0.0,10.919597,0.9598,0.061
2019-05-31 00:00:00,2-Year FRN,0.139,9128286Q8,2021-04-30,19.8899736,1.8908641,0.0,0.0073345,10.355945,0.15,5.17545,0.32923,1.98115
2019-05-31 00:00:00,2-Year Note,2.125,9128286V7,2021-05-31,44.1966662,4.2019202,0.0,0.1841496,10.487035,0.0,21.57088,7.7526814,0.0
2019-05-31 00:00:00,5-Year Note,2.0,912828XT2,2024-05-31,45.3070633,4.3069682,0.0,0.0402099,10.52497,0.0,23.5653152,6.6576,0.212
2019-05-31 00:00:00,7-Year Note,2.125,9128286X3,2026-05-31,35.361567,3.3615361,0.08,0.0252409,10.28315,0.0,16.49964,4.954,0.158
2019-05-31 00:00:00,10-Year TIPS Note,0.875,9128285W6,2029-01-15,12.155443,1.155528,0.0,0.0077784,1.525,0.04,7.1840266,2.21311,0.03
2019-05-15 00:00:00,3-Year Note,2.125,9128286U9,2022-05-15,50.9444975,12.9449898,0.0005,0.0833977,16.78864,0.0,16.79057,4.3364,0.0
2019-05-15 00:00:00,10-Year Note,2.375,9128286T2,2029-05-15,36.1977175,9.1977559,0.0,0.0712436,10.14882,0.0,12.18301,4.482888,0.114
2019-05-15 00:00:00,30-Year Bond,2.875,912810SH2,2049-05-15,25.4724942,6.4724948,0.0,0.0227989,5.6862125,0.0,12.369733,0.871255,0.05
2019-04-30 00:00:00,2-Year FRN,0.139,9128286Q8,2021-04-30,20.2553804,0.2553432,0.7116,0.0644772,12.31196,0.0,2.952,1.71,2.25
2019-04-30 00:00:00,2-Year Note,2.25,912828WG1,2021-04-30,40.51069,0.5106863,0.000175,0.2136216,15.1383002,0.0,19.1019569,5.53915,0.0068
2019-04-30 00:00:00,5-Year TIPS Note,0.5,9128286N5,2024-04-15,17.2116188,0.2170416,0.0,0.0799497,2.7349375,0.04,13.188415,0.951275,0.0
2019-04-30 00:00:00,5-Year Note,2.25,9128286R6,2024-04-30,41.5235067,0.5234534,0.0,0.0330593,10.775944,0.0,23.972525,5.563275,0.65525
2019-04-30 00:00:00,7-Year Note,2.375,9128286S4,2026-04-30,32.4082418,0.408549,0.0,0.0608328,7.187255,0.0,19.729355,4.36625,0.656
2019-04-15 00:00:00,3-Year Note,2.25,9128286M7,2022-04-15,38.0056897,0.00528,0.0,0.0908497,15.49204,0.0,16.57672,5.8408,0.0
2019-04-15 00:00:00,10-Year Note,2.625,9128286B1,2029-02-15,24.0033679,0.0033347,0.0,0.0162827,5.0215375,0.0,14.875463,3.97475,0.112
2019-04-15 00:00:00,30-Year Bond,3.0,912810SF6,2049-02-15,16.002026,0.0022231,0.0,0.0025854,4.3536025,0.0,10.303115,1.2925,0.048
2019-04-01 00:00:00,2-Year Note,2.25,912828C57,2021-03-31,39.999573,0.0,0.00056,0.300893,13.25157,0.0,21.31335,5.1282,0.005
2019-04-01 00:00:00,5-Year Note,2.125,912828W71,2024-03-31,40.9998004,0.0,0.0,0.0297982,10.689,0.0,22.9506022,7.1164,0.214
2019-04-01 00:00:00,7-Year Note,2.25,9128286L9,2026-03-31,32.0000007,0.0,0.0,0.0078007,5.11508,0.0,20.03272,6.6884,0.156
2019-03-29 00:00:00,2-Year FRN,0.115,9128285Y2,2021-01-31,17.9999365,0.0,1.3,0.0102585,8.417038,0.0147,8.2452,0.0,0.01274
2019-03-29 00:00:00,10-Year TIPS Note,0.875,9128285W6,2029-01-15,10.999801,0.0,0.0,0.012739,1.92873,0.07,7.717332,1.209,0.062
2019-03-15 00:00:00,3-Year Note,2.375,9128286H8,2022-03-15,38.0000795,0.0,0.001,0.0942285,16.3060875,0.0,16.626515,4.9672485,0.005
2019-03-15 00:00:00,10-Year Note,2.625,9128286B1,2029-02-15,24.0000332,0.0,0.0,0.0351328,5.4847776,0.0,14.2533228,4.1128,0.114
2019-03-15 00:00:00,30-Year Bond,3.0,912810SF6,2049-02-15,15.999939,0.0,0.0,0.0021407,4.7950093,0.0,9.770389,1.3824,0.05
2019-02-28 00:00:00,2-Year Note,2.5,9128286D7,2021-02-28,41.9244766,1.9250305,0.001,0.2916075,16.24634,0.0,18.8366986,4.6188,0.005
2019-02-28 00:00:00,5-Year Note,2.375,9128286G0,2024-02-29,42.9731639,1.9731563,0.0,0.0330714,8.8124488,0.0,24.2090874,7.7284,0.217
2019-02-28 00:00:00,7-Year Note,2.5,9128286F2,2026-02-28,33.5401011,1.5400244,0.1,0.0170765,5.556,0.0,19.4851002,6.6859,0.156
2019-02-28 00:00:00,30-Year TIPS Bond,1.0,912810SG4,2049-02-15,8.3850009,0.385006,0.0,0.0099172,1.3288183,0.07195,6.0487084,0.328601,0.212
2019-02-22 00:00:00,2-Year FRN,0.115,9128285Y2,2021-01-31,17.9949162,0.0,0.0,0.0088662,8.69905,0.0,6.332,0.555,2.4
2019-02-15 00:00:00,3-Year Note,2.5,9128286C9,2022-02-15,47.1507419,9.1512372,0.0005,0.0742547,14.42825,0.0,19.205,4.2865,0.005
2019-02-15 00:00:00,10-Year Note,2.625,9128286B1,2029-02-15,33.5021808,6.5021947,0.0,0.0259171,8.19241,0.0,14.201459,4.4612,0.119
2019-02-15 00:00:00,30-Year Bond,3.0,912810SF6,2049-02-15,23.5746053,4.5756185,0.0,0.0067036,5.45831,0.0,11.64997,1.8360032,0.048
2019-01-31 00:00:00,2-Year FRN,0.115,9128285Y2,2021-01-31,20.0002087,0.0,0.0,0.0195287,10.45224,0.0,6.16844,1.105,2.255
2019-01-31 00:00:00,2-Year Note,2.5,9128285X4,2021-01-31,39.9998757,0.0,0.003765,0.3092107,11.6762,0.0,22.2529,5.7318,0.026
2019-01-31 00:00:00,5-Year Note,2.5,9128285Z9,2024-01-31,41.0000462,0.0,0.05,0.0347621,11.1176441,0.0,24.17709,5.40655,0.214
2019-01-31 00:00:00,7-Year Note,2.625,9128286A3,2026-01-31,32.0001042,0.0,0.035,0.014761,5.7920565,0.0,19.38402,6.6112667,0.163
2019-01-31 00:00:00,10-Year TIPS Note,0.875,9128285W6,2029-01-15,13.0000263,0.0,2.5e-05,0.0452408,2.23155,0.085,8.5294105,1.9768,0.132
2019-01-15 00:00:00,3-Year Note,2.5,9128285V8,2022-01-15,38.000062,0.0,0.0,0.0651591,16.5336074,0.0,16.889,4.5122955,0.0
2019-01-15 00:00:00,10-Year Note,3.125,9128285M8,2028-11-15,23.9997916,0.0,0.0,0.0051675,5.758,0.0,14.2237941,3.89883,0.114
2019-01-15 00:00:00,30-Year Bond,3.375,912810SE9,2048-11-15,15.9949844,0.0,0.0,0.0022001,4.558003,0.0,10.6797363,0.702045,0.053
2018-12-31 00:00:00,2-Year Note,2.5,9128285S5,2020-12-31,40.0008725,0.0,0.0005,0.3804275,19.88771,0.0,12.708535,7.0237,0.0
2018-12-31 00:00:00,5-Year TIPS Note,0.625,9128284H0,2023-04-15,13.9999915,0.0,0.0,0.0297991,1.757,0.13,11.3514924,0.7317,0.0
2018-12-31 00:00:00,5-Year Note,2.625,9128285U0,2023-12-31,40.9985386,0.0,0.0005,0.0280707,16.174,0.05,16.728435,7.8015329,0.216
2018-12-31 00:00:00,7-Year Note,2.625,9128285T3,2025-12-31,32.000157,0.0,0.0,0.0118287,6.61395,0.0,20.8168033,4.397575,0.16
2018-12-28 00:00:00,2-Year FRN,0.045,9128285H9,2020-10-31,17.9996932,0.0,0.0,0.0099532,5.83474,0.0,9.705,0.95,1.5
2018-12-17 00:00:00,3-Year Note,2.625,9128285R7,2021-12-15,37.9999614,0.0,0.0,0.1009302,14.72066,0.0,17.192,5.9613712,0.025
2018-12-17 00:00:00,10-Year Note,3.125,9128285M8,2028-11-15,23.9996335,0.0,0.0,0.0118054,6.629726,0.0,14.0218271,3.220275,0.116
2018-12-17 00:00:00,30-Year Bond,3.375,912810SE9,2048-11-15,15.9999923,0.0,0.0,0.0041768,3.768453,0.0,9.9323225,2.24304,0.052
2018-11-30 00:00:00,2-Year FRN,0.045,9128285H9,2020-10-31,19.5806264,1.5806677,0.244,0.0244012,11.1143225,0.09301,3.8867,0.637525,2.0
2018-11-30 00:00:00,2-Year Note,2.75,9128285Q9,2020-11-30,42.4249636,3.4247799,0.001,0.3491977,14.378076,0.0,15.95731,8.2646,0.05
2018-11-30 00:00:00,5-Year Note,2.875,9128285P1,2023-11-30,43.5126234,3.5125947,0.0,0.0477372,13.04536,0.004,21.79813,5.0948015,0.01
2018-11-30 00:00:00,7-Year Note,2.875,9128285N6,2025-11-30,34.8101409,2.8100758,0.0,0.0139681,5.7789685,0.025,17.2494235,8.76945,0.163255
2018-11-30 00:00:00,10-Year TIPS Note,0.75,912828Y38,2028-07-15,11.9659447,0.9659635,0.0,0.0108933,2.2343525,0.06,7.4679207,1.2268147,0.0
2018-11-15 00:00:00,3-Year Note,2.875,9128285L0,2021-11-15,44.5453376,7.5454387,0.0006,0.091318,18.9765935,0.0255,13.0666,4.8292874,0.01
2018-11-15 00:00:00,10-Year Note,3.125,9128285M8,2028-11-15,32.5066486,5.5061308,0.0,0.0460827,7.158464,0.025,14.3658711,5.2651,0.14
2018-11-15 00:00:00,30-Year Bond,3.375,912810SE9,2048-11-15,22.8736063,3.8746847,0.0,0.0055318,7.681,0.0,9.231425,2.0249648,0.056
2018-10-31 00:00:00,2-Year FRN,0.045,9128285H9,2020-10-31,19.0003173,0.0,0.0,0.0370673,9.12148,0.0,4.91475,2.03942,2.8876
2018-10-31 00:00:00,2-Year Note,2.875,9128285G1,2020-10-31,37.9991591,0.0,0.001,0.4452693,16.4782223,0.0,14.763615,6.2544525,0.0566
2018-10-31 00:00:00,5-Year Note,2.875,9128285K2,2023-10-31,38.99993,0.0,0.05,0.041315,16.22465,0.0,17.47944,5.022525,0.182
2018-10-31 00:00:00,7-Year Note,3.0,9128285J5,2025-10-31,30.9999987,0.0,0.0,0.0202275,10.1280912,0.05,15.91368,4.75,0.138
2018-10-31 00:00:00,30-Year TIPS Bond,1.0,912810SB5,2048-02-15,5.000003,0.0,0.0,0.0019273,1.258182,0.01,3.220898,0.5089957,0.0
2018-10-15 00:00:00,3-Year Note,2.875,9128285F3,2021-10-15,36.0000385,0.0,0.0,0.0924185,16.93496,0.025,15.17556,3.5021,0.27
2018-10-15 00:00:00,10-Year Note,2.875,9128284V9,2028-08-15,23.0002991,0.0,0.0,0.016218,7.4097025,0.0,10.8049786,4.6514,0.118
2018-10-15 00:00:00,30-Year Bond,3.0,912810SD1,2048-08-15,14.9999579,0.0,0.0,0.0019917,3.7327322,0.0,9.202634,2.0086,0.054
2018-10-01 00:00:00,2-Year Note,2.75,9128285B2,2020-09-30,36.9948224,0.0,0.0,0.470805,17.7013084,0.0,16.336645,2.446064,0.04
2018-10-01 00:00:00,5-Year Note,2.875,9128285D8,2023-09-30,37.9998967,0.0,0.0,0.0386287,13.734168,0.03,19.7322,4.3369,0.128
2018-10-01 00:00:00,7-Year Note,3.0,9128285C0,2025-09-30,31.0,0.0,0.05,0.0233772,8.3792728,0.075,18.41395,3.8784,0.18
2018-09-28 00:00:00,2-Year FRN,0.043,912828Y53,2020-07-31,17.0000589,0.0,0.0,0.0124069,5.984391,0.0,7.122261,1.031,2.85
2018-09-28 00:00:00,10-Year TIPS Note,0.75,912828Y38,2028-07-15,11.0000074,0.0,0.0,0.0138034,2.404764,0.0,6.85444,1.727,0.0
2018-09-17 00:00:00,3-Year Note,2.75,9128285A4,2021-09-15,35.000156,0.0,0.003,0.0976501,15.8797524,0.0,13.7654,5.2043535,0.05
2018-09-17 00:00:00,10-Year Note,2.875,9128284V9,2028-08-15,22.9999917,0.0,0.0,0.0154167,5.553,0.025,10.782685,6.50789,0.116
2018-09-17 00:00:00,30-Year Bond,3.0,912810SD1,2048-08-15,15.0000247,0.0,0.0,0.0032372,4.3763916,0.0,8.9459959,1.6224,0.052
2018-08-31 00:00:00,2-Year FRN,0.043,912828Y53,2020-07-31,18.1930723,1.1981701,0.0,0.0203397,8.89525,0.2166625,3.72265,0.49,3.65
2018-08-31 00:00:00,2-Year Note,2.625,9128284Y3,2020-08-31,38.5318904,2.5373012,0.001,0.3930452,15.697595,0.025,15.37179,4.426159,0.08
2018-08-31 00:00:00,5-Year TIPS Note,0.625,9128284H0,2023-04-15,14.9866624,0.9867282,0.0,0.0351469,2.731,0.0,10.5187873,0.715,0.0
2018-08-31 00:00:00,5-Year Note,2.75,9128284X5,2023-08-31,39.6078459,2.6077817,0.07,0.0560262,9.8015492,0.0,23.494104,3.1343848,0.444
2018-08-31 00:00:00,7-Year Note,2.75,9128284Z0,2025-08-31,33.184893,2.1848982,0.07,0.0145048,7.1512,0.025,18.50115,4.9091,0.32904
2018-08-15 00:00:00,3-Year Note,2.75,9128284W7,2021-08-15,38.5708417,4.5709439,0.00051,0.0917078,16.57104,0.0,15.14544,2.1462,0.045
2018-08-15 00:00:00,10-Year Note,2.875,9128284V9,2028-08-15,29.4954904,3.4954277,0.0,0.0294087,7.977124,0.025,12.05333,5.7922,0.123
2018-08-15 00:00:00,30-Year Bond,3.0,912810SD1,2048-08-15,20.4198067,2.4199114,0.0,0.0082068,5.740461,0.0,10.4584275,1.7408,0.052
2018-07-31 00:00:00,2-Year FRN,0.043,912828Y53,2020-07-31,18.9777004,0.9774242,0.0,0.0323612,7.73277,0.15,5.875145,2.21,2.0
2018-07-31 00:00:00,2-Year Note,2.625,912828Y46,2020-07-31,36.8997914,1.9005471,0.0015,0.4381533,14.715706,0.025,16.922485,2.8424,0.054
2018-07-31 00:00:00,5-Year Note,2.75,912828Y61,2023-07-31,37.9549824,1.9548483,0.0,0.0337011,9.608296,0.0,23.291837,2.8333,0.233
2018-07-31 00:00:00,7-Year Note,2.875,912828Y79,2025-07-31,31.6291126,1.6290403,0.0,0.0074593,7.587716,0.15,18.789787,3.30511,0.16
2018-07-31 00:00:00,10-Year TIPS Note,0.75,912828Y38,2028-07-15,13.705903,0.7059174,2.5e-05,0.0221916,2.96575,0.03,7.0074,2.971619,0.003
2018-07-16 00:00:00,3-Year Note,2.625,912828Y20,2021-07-15,33.1283109,0.1282644,4.7e-05,0.107597,17.7744025,0.0,11.1055,3.9725,0.04
2018-07-16 00:00:00,10-Year Note,2.875,9128284N7,2028-05-15,22.0855718,0.0855096,0.025,0.0067837,5.968821,0.0,13.3533675,2.47074,0.17535
2018-07-16 00:00:00,30-Year Bond,3.125,912810SC3,2048-05-15,14.054413,0.0544151,0.0,0.0049339,4.218752,0.007,8.583812,1.1455,0.04
2018-07-02 00:00:00,2-Year Note,2.5,912828XY1,2020-06-30,38.2326077,4.2342019,0.000175,0.3440008,15.28887,0.0,14.86586,3.4345,0.065
2018-07-02 00:00:00,5-Year Note,2.625,9128284U1,2023-06-30,40.483379,4.4832725,0.05,0.0364808,11.6481162,0.0,19.931132,4.3243775,0.01
2018-07-02 00:00:00,7-Year Note,2.75,912828XZ8,2025-06-30,33.7360985,3.7360604,0.0,0.0160641,7.87168,0.05,18.177394,3.7789,0.106
2018-06-29 00:00:00,2-Year FRN,0.033,9128284K3,2020-04-30,16.000055,0.0,0.0,0.007455,9.0946,0.1,2.418,1.38,3.0
2018-06-29 00:00:00,30-Year TIPS Bond,1.0,912810SB5,2048-02-15,4.9999921,0.0,0.0,0.0020089,0.7304055,0.02,2.1721777,2.0754,0.0
2018-06-15 00:00:00,3-Year Note,2.625,9128284T4,2021-06-15,32.0000308,0.0,0.0,0.0767913,13.631665,0.0,12.587205,5.6493695,0.055
2018-06-15 00:00:00,10-Year Note,2.875,9128284N7,2028-05-15,22.0000372,0.0,0.0,0.0101692,6.708018,0.0,10.2305,4.5062,0.54515
2018-06-15 00:00:00,30-Year Bond,3.125,912810SC3,2048-05-15,14.0000296,0.0,0.01,0.0070905,4.1060251,0.0,8.4895045,1.3574095,0.03
2018-05-31 00:00:00,2-Year Note,2.5,9128284Q0,2020-05-31,38.7315991,5.7324902,0.0026,0.4075489,15.294035,0.0,13.75953,3.505395,0.03
2018-05-31 00:00:00,5-Year Note,2.75,9128284S6,2023-05-31,42.2534983,6.2536256,0.05,0.0581739,13.0175088,0.05,19.45619,2.842,0.526
2018-05-31 00:00:00,7-Year Note,2.875,9128284R8,2025-05-31,35.2115971,5.2113547,0.035,0.0206186,7.123272,0.05,19.1258838,3.513268,0.1322
2018-05-31 00:00:00,10-Year TIPS Note,0.5,9128283R9,2028-01-15,12.9108566,1.91083,0.0,0.0135791,3.281,0.013,5.92507,1.7673775,0.0
2018-05-25 00:00:00,2-Year FRN,0.033,9128284K3,2020-04-30,16.0001303,0.0,0.0,0.0142588,7.09646,0.1535,4.2909115,1.295,3.15
2018-05-15 00:00:00,3-Year Note,2.625,9128284P2,2021-05-15,38.4725267,7.473107,0.0005,0.0807697,13.82541,0.025,12.59834,4.4594,0.01
2018-05-15 00:00:00,10-Year Note,2.875,9128284N7,2028-05-15,31.0266827,6.0266991,0.0,0.0452646,7.9816685,0.025,11.171865,5.6048605,0.171325
2018-05-15 00:00:00,30-Year Bond,3.125,912810SC3,2048-05-15,21.0981844,4.0981553,0.0,0.0200744,5.3624959,0.0,10.5570588,1.0444,0.016
2018-04-30 00:00:00,2-Year FRN,0.033,9128284K3,2020-04-30,19.1699169,2.1698256,0.0,0.0411873,8.52162,0.0,3.637284,2.8,2.0
2018-04-30 00:00:00,2-Year Note,2.375,9128284J6,2020-04-30,36.0803803,4.0843774,0.0025,0.3737029,14.5886,0.0,13.9302,3.092,0.009
2018-04-30 00:00:00,5-Year TIPS Note,0.625,9128284H0,2023-04-15,18.0423012,2.0421887,0.0,0.0892502,3.72399,0.07,9.44536,2.6665123,0.005
2018-04-30 00:00:00,5-Year Note,2.75,9128284L1,2023-04-30,39.4670105,4.4672878,0.0,0.0613967,10.4376,0.025,19.569326,3.3414,1.565
2018-04-30 00:00:00,7-Year Note,2.875,9128284M9,2025-04-30,32.7015089,3.701467,0.07,0.0141029,6.82026,0.05,18.073879,3.9238,0.048
2018-04-16 00:00:00,3-Year Note,2.375,9128284G2,2021-04-15,30.0514835,0.051432,0.0,0.0854128,12.98939,0.0,12.584695,4.3245537,0.016
2018-04-16 00:00:00,10-Year Note,2.75,9128283W8,2028-02-15,21.0360507,0.0360024,0.0,0.0382643,8.841252,0.0,9.389832,2.6857,0.045
2018-04-16 00:00:00,30-Year Bond,3.0,912810SA7,2048-02-15,13.022274,0.0222871,0.015,0.0017899,3.4455,0.0,7.850707,1.66699,0.02
2018-04-02 00:00:00,2-Year FRN,0.0,9128283T5,2020-01-31,17.6419854,2.6423569,0.0,0.0127535,7.948875,0.0,5.735,0.3,1.003
2018-04-02 00:00:00,2-Year Note,2.25,9128284C1,2020-03-31,35.2835526,5.2847136,0.00075,0.323681,12.719161,0.0,13.0046825,3.9405645,0.01
2018-04-02 00:00:00,5-Year Note,2.5,9128284D9,2023-03-31,41.1655019,6.1654992,0.0,0.0571441,10.97944,0.025,18.80809,5.0593286,0.071
2018-04-02 00:00:00,7-Year Note,2.625,9128284F4,2025-03-31,34.1083894,5.1085565,0.0,0.0223235,10.0402724,0.025,14.255485,4.608752,0.048
2018-03-29 00:00:00,10-Year TIPS Note,0.5,9128283R9,2028-01-15,10.9999963,0.0,0.0,0.0160963,2.40664,0.0,5.30552,3.27174,0.0
2018-03-15 00:00:00,3-Year Note,2.375,9128284B3,2021-03-15,28.0008876,0.0,0.0003,0.0991251,11.8683875,0.003,11.3306,4.193475,0.506
2018-03-15 00:00:00,10-Year Note,2.75,9128283W8,2028-02-15,21.0000038,0.0,0.0,0.0162498,6.203376,0.025,9.848098,4.87228,0.035
2018-03-15 00:00:00,30-Year Bond,3.0,912810SA7,2048-02-15,12.9999921,0.0,0.0,0.0024211,3.7646,0.0,6.752431,2.48054,0.0
2018-02-28 00:00:00,2-Year Note,2.25,9128283Y4,2020-02-29,34.8263178,6.826258,0.0001,0.2516953,11.7112695,0.004,11.1243,4.900695,0.008
2018-02-28 00:00:00,5-Year Note,2.625,9128284A5,2023-02-28,43.5327131,8.5328225,0.102,0.0845816,11.23893,0.025,15.936229,6.79915,0.814
2018-02-28 00:00:00,7-Year Note,2.75,9128283Z1,2025-02-28,36.0701115,7.0700529,0.0,0.1075936,6.8953,0.05,13.68919,7.460975,0.797
2018-02-28 00:00:00,30-Year TIPS Bond,1.0,912810SB5,2048-02-15,8.7065762,1.7065644,0.0,0.0216816,1.694208,0.019,3.9091222,1.356,0.0
2018-02-23 00:00:00,2-Year FRN,0.0,9128283T5,2020-01-31,15.0009925,0.0,0.0,0.0188325,8.93116,0.0,1.131,2.77,2.15
2018-02-15 00:00:00,3-Year Note,2.25,9128283X6,2021-02-15,30.9136683,4.9141221,0.0005,0.0719815,10.900509,0.01,9.748695,5.2678607,0.0
2018-02-15 00:00:00,10-Year Note,2.75,9128283W8,2028-02-15,28.5362,4.5361127,0.0,0.0433773,6.9608,0.03,9.81269,7.13522,0.018
2018-02-15 00:00:00,30-Year Bond,3.0,912810SA7,2048-02-15,19.0222436,3.0240751,0.0,0.0097985,5.251415,0.0,8.440613,2.283342,0.013
2018-01-31 00:00:00,2-Year FRN,0.0,9128283T5,2020-01-31,17.204795,2.2045477,0.4868,0.0203053,9.566872,0.1,1.83831,2.48796,0.5
2018-01-31 00:00:00,2-Year Note,2.0,9128283S7,2020-01-31,29.82084,3.821216,0.0,0.3411665,7.2743075,0.025,13.03105,5.3251,0.003
2018-01-31 00:00:00,5-Year Note,2.375,9128283U2,2023-01-31,38.9971082,4.9969747,0.05,0.0452415,9.781665,0.025,17.471002,6.07063,0.556595
2018-01-31 00:00:00,7-Year Note,2.5,9128283V0,2025-01-31,32.1151813,4.1151556,0.0,0.0176207,3.629512,0.075,17.579213,6.65668,0.042
2018-01-31 00:00:00,10-Year TIPS Note,0.5,9128283R9,2028-01-15,14.9106534,1.9106079,2.5e-05,0.0472855,1.428975,0.025,7.07121,4.42455,0.003
2018-01-16 00:00:00,3-Year Note,2.0,9128283Q1,2021-01-15,24.8128125,0.8127782,0.0,0.0566093,8.64625,0.025,11.937,3.3156,0.019575
2018-01-16 00:00:00,10-Year Note,2.25,9128283F5,2027-11-15,20.6773532,0.6773151,0.0,0.0087551,4.903838,0.0,10.9332575,4.1441875,0.01
2018-01-16 00:00:00,30-Year Bond,2.75,912810RZ3,2047-11-15,12.4063433,0.406389,0.0,0.0026011,2.7475632,0.0,7.95826,1.29053,0.001
2018-01-02 00:00:00,2-Year Note,1.875,9128283N8,2019-12-31,29.3986156,3.398793,0.000525,0.1849676,12.337865,0.0,9.228665,4.2478,0.0
2018-01-02 00:00:00,5-Year Note,2.125,912828N30,2022-12-31,38.4445994,4.4445755,0.0002,0.0309829,12.348455,0.05,14.276986,7.2294,0.064
2018-01-02 00:00:00,7-Year Note,2.25,9128283P3,2024-12-31,31.6603046,3.6602385,0.0,0.0081276,7.9809375,0.075,15.759686,4.130315,0.046
2017-12-29 00:00:00,2-Year FRN,0.048,9128283B4,2019-10-31,13.0000433,0.0,0.0,0.0086853,4.840278,0.35,6.11068,0.0,1.6904
2017-12-29 00:00:00,5-Year TIPS Note,0.125,912828X39,2022-04-15,13.9945576,0.0,0.0,0.0344736,2.24936,0.06,9.48746,2.163264,0.0
2017-12-15 00:00:00,3-Year Note,1.875,9128283L2,2020-12-15,23.9999738,0.0,0.0003,0.0543838,8.56189,0.05,12.8206,2.4928,0.02
2017-12-15 00:00:00,10-Year Note,2.25,9128283F5,2027-11-15,19.9999963,0.0,0.0,0.0064883,7.31822,0.025,9.655468,2.98982,0.005
2017-12-15 00:00:00,30-Year Bond,2.75,912810RZ3,2047-11-15,11.9993258,0.0,0.0,0.0018658,3.71775,0.0,6.6719725,1.5917375,0.016
2017-11-30 00:00:00,2-Year Note,1.75,9128283H1,2019-11-30,27.4097485,1.4108803,0.005,0.2059027,11.3110405,0.05,9.481385,2.92554,2.02
2017-11-30 00:00:00,5-Year Note,2.0,912828M80,2022-11-30,35.8452648,1.8449973,0.1,0.0276805,8.85179,0.05,18.247637,6.67616,0.047
2017-11-30 00:00:00,7-Year Note,2.125,9128283J7,2024-11-30,29.5194578,1.5194095,0.07,0.0080573,8.380681,0.05,14.54441,4.8959,0.051
2017-11-30 00:00:00,10-Year TIPS Note,0.375,9128282L3,2027-07-15,11.5969062,0.5969108,0.0,0.0164104,2.961525,0.0,6.18801,1.83405,0.0
2017-11-24 00:00:00,2-Year FRN,0.048,9128283B4,2019-10-31,12.9931047,0.0,0.0,0.0157747,6.04205,0.0,4.512,0.85388,1.5694
2017-11-15 00:00:00,3-Year Note,1.75,9128283G3,2020-11-15,26.9184285,2.9183712,0.0005,0.0617233,9.496931,0.025,10.5727,3.831203,0.012
2017-11-15 00:00:00,10-Year Note,2.25,9128283F5,2027-11-15,25.7967611,2.7967724,0.036,0.0308227,5.848503,0.0,11.649204,4.435459,1.0
2017-11-15 00:00:00,30-Year Bond,2.75,912810RZ3,2047-11-15,16.8239509,1.823982,0.0,0.0048529,5.07861,0.0,8.820186,1.08032,0.016
2017-10-31 00:00:00,2-Year FRN,0.048,9128283B4,2019-10-31,15.3753497,0.3752055,0.0,0.0089987,5.98108,0.1,3.1035,3.5661655,2.2404
2017-10-31 00:00:00,2-Year Note,1.5,912828F62,2019-10-31,26.6429557,0.6503561,0.0,0.1327896,10.21306,0.0,13.09605,2.5507,0.0
2017-10-31 00:00:00,5-Year Note,2.0,9128283C2,2022-10-31,34.8504919,0.8504655,0.0,0.0593254,10.5414,0.075,17.748851,5.48345,0.092
2017-10-31 00:00:00,7-Year Note,2.25,9128283D0,2024-10-31,28.7004899,0.7003834,0.07,0.0112675,7.3350165,0.1,17.0638175,2.604005,0.816
2017-10-31 00:00:00,30-Year TIPS Bond,0.875,912810RW0,2047-02-15,5.1250699,0.1250684,0.0,0.0077265,1.25764,0.0,3.205635,0.529,0.0
2017-10-16 00:00:00,3-Year Note,1.625,9128282Z2,2020-10-15,23.9999589,0.0,0.0,0.0723769,9.513672,0.004,9.47231,4.9376,0.0
2017-10-16 00:00:00,10-Year Note,2.25,9128282R0,2027-08-15,20.0000212,0.0,0.0,0.010166,5.66438,0.01,11.604084,2.6813912,0.03
2017-10-16 00:00:00,30-Year Bond,2.75,912810RY6,2047-08-15,11.9991825,0.0,0.0,0.009085,3.5883715,0.0,6.913926,1.4658,0.022
2017-10-02 00:00:00,2-Year Note,1.375,9128282X7,2019-09-30,29.2343934,3.2342319,0.005,0.1535615,10.1108,0.0,14.1474,1.5746,0.0088
2017-10-02 00:00:00,5-Year Note,1.875,9128282W9,2022-09-30,38.2293616,4.2293802,0.002,0.1068034,9.29698,0.05,21.217398,3.2388,0.088
2017-10-02 00:00:00,7-Year Note,2.125,9128282Y5,2024-09-30,31.4831,3.4830189,0.0,0.0129141,3.901536,0.075,20.695421,3.25121,0.064
2017-09-29 00:00:00,2-Year FRN,0.06,9128282M1,2019-07-31,13.0004557,0.0,0.0,0.0075507,6.86917,0.0,2.414015,2.36212,1.3476
2017-09-29 00:00:00,10-Year TIPS Note,0.375,9128282L3,2027-07-15,10.998391,0.0,0.0,0.0102135,3.1579655,0.006189,6.849023,0.975,0.0
2017-09-15 00:00:00,3-Year Note,1.375,9128282V1,2020-09-15,24.0002542,0.0,0.0,0.0479317,10.767565,0.025,9.5977575,3.557,0.005
2017-09-15 00:00:00,10-Year Note,2.25,9128282R0,2027-08-15,19.9999057,0.0,0.0,0.0099507,8.4539925,0.0,9.4588625,2.0771,0.0
2017-09-15 00:00:00,30-Year Bond,2.75,912810RY6,2047-08-15,11.9998821,0.0,0.02,0.0140941,4.52428,0.0,6.954508,0.467,0.02
2017-08-31 00:00:00,2-Year Note,1.25,9128282T6,2019-08-31,26.8147741,0.8149311,3.5e-05,0.117243,10.996985,0.075,11.80958,3.001,0.0
2017-08-31 00:00:00,5-Year TIPS Note,0.125,912828X39,2022-04-15,14.4375447,0.438809,0.0,0.037151,3.26539,0.0,8.321645,2.3745497,0.0
2017-08-31 00:00:00,5-Year Note,1.625,9128282S8,2022-08-31,35.0655406,1.065679,0.05,0.0918046,7.19331,0.025,18.781347,7.7484,0.11
2017-08-31 00:00:00,7-Year Note,1.875,9128282U3,2024-08-31,28.8776287,0.877618,0.07,0.0436667,4.74143,0.05,16.197314,6.8336,0.064
2017-08-25 00:00:00,2-Year FRN,0.06,9128282M1,2019-07-31,13.0000351,0.0,0.0,0.0068291,6.989464,0.0,2.303742,1.7,2.0
2017-08-15 00:00:00,3-Year Note,1.5,9128282Q2,2020-08-15,31.2212922,7.2212904,0.0005,0.0493158,6.468056,0.025,11.34917,6.10796,0.0
2017-08-15 00:00:00,10-Year Note,2.25,9128282R0,2027-08-15,29.9205641,6.9204032,0.0,0.0279409,8.7306945,0.015,12.443899,1.7826265,0.0
2017-08-15 00:00:00,30-Year Bond,2.75,912810RY6,2047-08-15,19.5133047,4.5133064,0.0,0.0078118,4.5809,0.0,9.2407865,1.1465,0.024
2017-07-31 00:00:00,2-Year FRN,0.06,9128282M1,2019-07-31,16.5254396,1.5251194,0.0,0.0660652,6.109275,0.0,0.36636,5.90332,2.5553
2017-07-31 00:00:00,2-Year Note,1.375,9128282K5,2019-07-31,28.6368807,2.6435403,0.005,0.1704089,6.5957815,0.05,11.2295,6.7685,1.17415
2017-07-31 00:00:00,5-Year Note,1.875,9128282P4,2022-07-31,37.4570385,3.4569372,0.175,0.0574664,9.6676905,0.025,19.4247444,4.5622,0.088
2017-07-31 00:00:00,7-Year Note,2.125,9128282N9,2024-07-31,30.8469073,2.8468895,0.0,0.0108648,6.936548,0.0,17.538505,3.4501,0.064
2017-07-31 00:00:00,10-Year TIPS Note,0.375,9128282L3,2027-07-15,14.3217723,1.3217701,2.5e-05,0.0239622,5.205735,0.005,6.25598,1.5093,0.0
2017-07-17 00:00:00,3-Year Note,1.5,9128282J8,2020-07-15,24.5479273,0.5478139,0.011,0.0521594,9.365254,0.0,8.5019,6.0698,0.0
2017-07-17 00:00:00,10-Year Note,2.375,912828X88,2027-05-15,20.4565628,0.4565116,0.0,0.0117426,6.622365,0.0,9.9609436,3.405,0.0
2017-07-17 00:00:00,30-Year Bond,3.0,912810RX8,2047-05-15,12.2739185,0.2739069,0.0,0.0060416,4.18324,0.0,7.06793,0.7228,0.02
2017-06-30 00:00:00,2-Year FRN,0.07,912828X54,2019-04-30,14.5802344,1.5802122,0.03165,0.0049122,5.1976,0.0,3.91586,2.1,1.75
2017-06-30 00:00:00,2-Year Note,1.25,912828XV7,2019-06-30,29.160403,3.1604243,0.010175,0.2292737,6.70503,0.15,10.969,6.4365,1.5
2017-06-30 00:00:00,5-Year Note,1.75,912828XW5,2022-06-30,38.1327634,4.1328625,0.155,0.0457689,9.807815,0.025,18.060917,5.7794,0.126
2017-06-30 00:00:00,7-Year Note,2.0,912828XX3,2024-06-30,31.4035476,3.4035338,0.0,0.0060633,7.8984875,0.075,15.957093,3.97237,0.091
2017-06-30 00:00:00,30-Year TIPS Bond,0.875,912810RW0,2047-02-15,5.6077791,0.6077739,0.0,0.0043414,0.8277324,0.014,3.5278314,0.6261,0.0
2017-06-15 00:00:00,3-Year Note,1.5,912828XU9,2020-06-15,24.0004299,0.0,0.005,0.0593579,7.086164,0.005,10.238708,6.6062,0.0
2017-06-15 00:00:00,10-Year Note,2.375,912828X88,2027-05-15,20.0000383,0.0,0.0,0.0099228,6.374758,0.0,11.1053575,2.476,0.034
2017-06-15 00:00:00,30-Year Bond,3.0,912810RX8,2047-05-15,11.9995927,0.0,0.0,0.0020002,3.884521,0.0,7.284604,0.7984675,0.03
2017-05-31 00:00:00,2-Year Note,1.25,912828XS4,2019-05-31,29.127917,3.1279054,0.0,0.1618846,8.3731,0.0,11.397427,6.0676,0.0
2017-05-31 00:00:00,5-Year Note,1.75,912828XR6,2022-05-31,38.0901499,4.0903377,0.15,0.0629542,8.732724,0.025,19.442334,5.4538,0.133
2017-05-31 00:00:00,7-Year Note,2.0,912828XT2,2024-05-31,31.3685534,3.3685134,0.05,0.009,6.708124,0.05,16.160376,4.93054,0.092
2017-05-31 00:00:00,10-Year TIPS Note,0.375,912828V49,2027-01-15,12.3223526,1.3233445,0.0,0.0278081,1.243,0.0,8.6933,1.0349,0.0
2017-05-26 00:00:00,2-Year FRN,0.07,912828X54,2019-04-30,12.9999555,0.0,0.0,0.0076055,8.0926,0.0,1.42475,1.475,2.0
2017-05-15 00:00:00,3-Year Note,1.5,912828X96,2020-05-15,31.929047,7.9290357,0.0055,0.0441613,9.98285,0.0,10.1593,3.8082,0.0
2017-05-15 00:00:00,10-Year Note,2.375,912828X88,2027-05-15,30.5937357,7.5986591,0.0,0.0221166,8.31644,0.0,9.76226,4.89426,0.0
2017-05-15 00:00:00,30-Year Bond,3.0,912810RX8,2047-05-15,19.95062,4.9556472,0.0,0.0071698,5.76923,0.0,7.621463,1.56311,0.034
2017-05-01 00:00:00,2-Year FRN,0.07,912828X54,2019-04-30,17.0467954,2.0472756,0.0,0.0199458,6.325993,0.1,3.678581,2.875,2.0
2017-05-01 00:00:00,2-Year Note,1.25,912828ST8,2019-04-30,29.548406,3.5486111,0.002,0.1930219,8.030348,0.0,11.530025,6.2444,0.0
2017-05-01 00:00:00,5-Year Note,1.875,912828X47,2022-04-30,38.6408727,4.6404913,0.1,0.03699,13.4532474,0.0,15.592604,4.66554,0.152
2017-05-01 00:00:00,7-Year Note,2.0,912828X70,2024-04-30,31.8215956,3.8215811,0.0,0.0155075,3.382885,0.05,19.153222,5.3984,0.0
2017-04-28 00:00:00,5-Year TIPS Note,0.125,912828X39,2022-04-15,15.9996185,0.0,0.0,0.0736885,2.69162,0.0,11.63191,1.6024,0.0
2017-04-17 00:00:00,3-Year Note,1.5,912828X21,2020-04-15,24.1976954,0.1972642,0.0,0.0579512,9.90828,0.025,10.1256,3.8836,0.0
2017-04-17 00:00:00,10-Year Note,2.25,912828V98,2027-02-15,20.1643683,0.1643868,0.0,0.007224,6.4587175,0.01,9.87644,3.6476,0.0
2017-04-17 00:00:00,30-Year Bond,3.0,912810RV2,2047-02-15,12.0986213,0.0986321,0.0,0.0072387,3.855865,0.0,6.9638855,1.137,0.036
2017-03-31 00:00:00,2-Year FRN,0.14,912828V64,2019-01-31,14.5737169,1.5738541,0.0,0.0058278,7.74308,0.0,0.956555,2.607,1.6874
2017-03-31 00:00:00,2-Year Note,1.25,912828W97,2019-03-31,29.1476219,3.1477081,0.0005,0.1683013,9.4750125,0.0,11.162,5.1881,0.006
2017-03-31 00:00:00,5-Year Note,1.875,912828W89,2022-03-31,38.1162102,4.1162337,0.0003,0.054462,9.703845,0.0,17.9433395,6.14403,0.154
2017-03-31 00:00:00,7-Year Note,2.125,912828W71,2024-03-31,31.3900049,3.3898394,0.0,0.0094115,6.92158,0.05,16.535529,4.369645,0.114
2017-03-31 00:00:00,10-Year TIPS Note,0.375,912828V49,2027-01-15,12.3317489,1.3317226,0.0,0.0216329,2.265,0.01,6.581282,2.1221114,0.0
2017-03-15 00:00:00,3-Year Note,1.625,912828W63,2020-03-15,24.0000056,0.0,0.0,0.0582156,10.37242,0.0,9.57037,3.996,0.003
2017-03-15 00:00:00,10-Year Note,2.25,912828V98,2027-02-15,20.0007616,0.0,0.0,0.0103666,4.3341025,0.025,9.2657,5.7245675,0.641025
2017-03-15 00:00:00,30-Year Bond,3.0,912810RV2,2047-02-15,11.9999956,0.0,0.0,0.0062772,3.3801149,0.0,6.6048035,1.9708,0.038
2017-02-28 00:00:00,2-Year Note,1.125,912828W30,2019-02-28,29.6057889,3.6058633,0.0,0.1817856,7.9534,0.0,11.0123,6.85244,0.0
2017-02-28 00:00:00,5-Year Note,1.875,912828W55,2022-02-28,38.7152263,4.7153597,0.0,0.0471836,12.67454,0.025,16.836143,4.263,0.154
2017-02-28 00:00:00,7-Year Note,2.125,912828W48,2024-02-29,31.8832615,3.8832373,0.0,0.0074297,7.838913,0.05,17.197495,2.7921865,0.114
2017-02-28 00:00:00,30-Year TIPS Bond,0.875,912810RW0,2047-02-15,7.9698195,0.9708093,0.0,0.0142352,1.68042,0.0,3.588255,1.7161,0.0
2017-02-24 00:00:00,2-Year FRN,0.14,912828V64,2019-01-31,12.9998987,0.0,0.0,0.0104487,6.6613,0.0,1.175,3.15315,2.0
2017-02-15 00:00:00,3-Year Note,1.375,912828W22,2020-02-15,26.7711148,2.7710528,3.5e-05,0.047298,8.793604,0.0,10.677625,4.4815,0.0
2017-02-15 00:00:00,10-Year Note,2.25,912828V98,2027-02-15,25.6557985,2.6555923,0.0,0.0285942,7.885937,0.0,9.718,5.3676,7.5e-05
2017-02-15 00:00:00,30-Year Bond,3.0,912810RV2,2047-02-15,16.7319073,1.7319079,0.0,0.0044999,4.8628825,0.0,9.238417,0.8562,0.038
2017-01-31 00:00:00,2-Year FRN,0.14,912828V64,2019-01-31,15.9513346,0.9512151,0.0,0.0225755,11.175039,0.0,0.039295,1.76321,2.0
2017-01-31 00:00:00,2-Year Note,1.125,912828V56,2019-01-31,27.6515343,1.6487727,0.0,0.1519406,11.47635,0.0,10.561,3.812471,0.001
2017-01-31 00:00:00,5-Year Note,1.875,912828V72,2022-01-31,36.156232,2.1560874,0.0,0.0446362,12.38968,0.0,15.083126,6.3027024,0.18
2017-01-31 00:00:00,7-Year Note,2.25,912828V80,2024-01-31,29.7756841,1.7756013,0.1,0.0107698,6.912025,0.05,14.682393,6.02682,0.218075
2017-01-31 00:00:00,10-Year TIPS Note,0.375,912828V49,2027-01-15,13.8244685,0.8243863,2.5e-05,0.0500872,2.074,0.04,6.60102,4.23495,0.0
2017-01-17 00:00:00,3-Year Note,1.375,912828V31,2020-01-15,25.3279723,1.3298516,0.01,0.0515947,9.613376,0.0,9.31015,5.008,0.005
2017-01-17 00:00:00,10-Year Note,2.0,912828U24,2026-11-15,21.1082773,1.1082096,0.0,0.0135477,4.9995,0.0,10.25497,4.73205,0.0
2017-01-17 00:00:00,30-Year Bond,2.875,912810RU4,2046-11-15,12.664928,0.6649257,0.02,0.0020673,3.8445,0.0,7.225835,0.8636,0.044
2017-01-03 00:00:00,2-Year Note,1.25,912828U99,2018-12-31,29.461365,3.457357,0.004415,0.171745,15.386288,0.0,7.63686,2.8,0.0047
2017-01-03 00:00:00,5-Year Note,2.0,912828U81,2021-12-31,38.5212685,4.521159,0.0005,0.0474355,9.44515,0.003,21.356024,2.98,0.168
2017-01-03 00:00:00,7-Year Note,2.25,912828V23,2023-12-31,31.7234938,3.7233074,0.0,0.0151994,5.866472,0.065,18.053815,3.8757,0.124
2016-12-30 00:00:00,2-Year FRN,0.17,912828T75,2018-10-31,13.0000633,0.0,0.0,0.0160538,8.1298845,0.0,1.009125,1.845,2.0
2016-12-30 00:00:00,5-Year TIPS Note,0.125,912828Q60,2021-04-15,14.0000477,0.0,0.0,0.0354796,2.6848,0.0,9.8066481,1.47312,0.0
2016-12-15 00:00:00,3-Year Note,1.375,912828U73,2019-12-15,23.999873,0.0,1.3e-05,0.0521775,11.970435,0.0,8.7406825,2.236565,1.0
2016-12-15 00:00:00,10-Year Note,2.0,912828U24,2026-11-15,20.0000297,0.0,0.0027,0.0159127,8.041097,0.025,7.8385,4.07682,0.0
2016-12-15 00:00:00,30-Year Bond,2.875,912810RU4,2046-11-15,12.00003,0.0,0.0,0.0050426,3.661265,0.0,7.3886524,0.92507,0.02
2016-11-30 00:00:00,2-Year Note,1.0,912828U40,2018-11-30,28.7635839,2.7672287,0.0096,0.1353527,13.37159,0.003,8.9941125,2.5881,0.8946
2016-11-30 00:00:00,5-Year Note,1.75,912828U65,2021-11-30,37.6186685,3.6186837,0.0,0.0351928,13.3309655,0.025,15.8376265,4.6032,0.168
2016-11-30 00:00:00,7-Year Note,2.125,912828U57,2023-11-30,30.9803627,2.9800924,0.0,0.0116213,6.14515,0.0,15.473399,6.2461,0.124
2016-11-30 00:00:00,10-Year TIPS Note,0.125,912828S50,2026-07-15,12.1707742,1.1707505,0.0,0.0238362,2.0379,0.0,6.5170175,2.42127,0.0
2016-11-25 00:00:00,2-Year FRN,0.17,912828T75,2018-10-31,13.0000018,0.0,0.0,0.0101268,6.32755,0.0,4.00195,0.660375,2.0
2016-11-15 00:00:00,3-Year Note,1.0,912828U32,2019-11-15,29.2571828,5.2541099,2.5e-05,0.0439631,12.2278423,0.0,8.8167425,2.9145,0.0
2016-11-15 00:00:00,10-Year Note,2.0,912828U24,2026-11-15,28.0353828,5.0351885,0.01,0.0204283,9.721861,0.025,9.204905,3.018,1.0
2016-11-15 00:00:00,30-Year Bond,2.875,912810RU4,2046-11-15,18.2838171,3.2838186,0.0,0.0095093,5.3518232,0.0,7.935036,1.66763,0.036
2016-10-31 00:00:00,2-Year FRN,0.17,912828T75,2018-10-31,15.9068383,0.906806,0.0,0.0077723,9.39608,0.0,0.0885,3.50768,2.0
2016-10-31 00:00:00,2-Year Note,0.75,912828T83,2018-10-31,27.5706653,1.571797,0.0047,0.1910627,14.8165696,0.0035,8.698936,2.2841,0.0
2016-10-31 00:00:00,5-Year Note,1.25,912828T67,2021-10-31,36.0554555,2.0554267,0.105,0.0236803,13.36466,0.025,16.1102885,4.2054,0.166
2016-10-31 00:00:00,7-Year Note,1.625,912828T91,2023-10-31,29.6927105,1.6927043,0.005,0.0067478,8.2787174,0.05,14.195941,5.3456,0.118
2016-10-31 00:00:00,30-Year TIPS Bond,1.0,912810RR1,2046-02-15,5.3022721,0.3022686,0.0,0.006185,1.083856,0.135,3.1572625,0.6177,0.0
2016-10-17 00:00:00,3-Year Note,1.0,912828T59,2019-10-15,24.0025509,0.0,0.005025,0.0370187,9.4603072,0.0,8.9994,4.368,1.1328
2016-10-17 00:00:00,10-Year Note,1.5,9128282A7,2026-08-15,20.0002211,0.0,0.0,0.0046726,6.73165,0.025,9.209861,4.0290375,0.0
2016-10-17 00:00:00,30-Year Bond,2.25,912810RT7,2046-08-15,12.000031,0.0,0.0,0.0018888,3.658405,0.0,6.2862872,2.01345,0.04
2016-09-30 00:00:00,2-Year FRN,0.174,912828S84,2018-07-31,13.7924787,0.7924589,0.0,0.0064203,7.3211345,0.0,0.22,3.452465,2.0
2016-09-30 00:00:00,2-Year Note,0.75,912828T42,2018-09-30,27.5848471,1.5849177,0.0097,0.1548519,11.4636375,0.075,7.77145,4.05404,2.47125
2016-09-30 00:00:00,5-Year Note,1.125,912828T34,2021-09-30,36.0726391,2.0725845,0.006,0.0268968,12.3566268,0.05,15.641971,5.74956,0.169
2016-09-30 00:00:00,7-Year Note,1.375,912828T26,2023-09-30,29.7068344,1.7068343,0.005,0.0082086,9.2022375,0.025,13.549654,5.0399,0.17
2016-09-30 00:00:00,10-Year TIPS Note,0.125,912828S50,2026-07-15,11.6703826,0.670542,0.0,0.0187556,3.33351,2.312,4.521375,0.8142,0.0
2016-09-15 00:00:00,3-Year Note,0.875,9128282G4,2019-09-15,23.999959,0.0,0.005025,0.032934,9.94598,0.0,8.82402,5.187,0.005
2016-09-15 00:00:00,10-Year Note,1.5,9128282A7,2026-08-15,20.000043,0.0,0.005,0.011786,7.222801,0.0,10.561456,2.159,0.04
2016-09-15 00:00:00,30-Year Bond,2.25,912810RT7,2046-08-15,12.0000166,0.0,0.0,0.0127287,4.725358,0.0,6.3993799,0.83555,0.027
2016-08-31 00:00:00,2-Year Note,0.75,9128282C3,2018-08-31,27.7781383,1.7780951,0.0096,0.1615352,7.75721,0.0501,10.368465,4.4467,3.206433
2016-08-31 00:00:00,5-Year TIPS Note,0.125,912828Q60,2021-04-15,14.9573231,0.9574358,1e-05,0.0126903,4.32,0.002505,8.14748,1.5172,2e-06
2016-08-31 00:00:00,5-Year Note,1.125,9128282F6,2021-08-31,36.3255011,2.3252012,0.007,0.0359973,9.322314,0.05,18.298595,6.138827,0.1475666
2016-08-31 00:00:00,7-Year Note,1.375,9128282D1,2023-08-31,29.9148926,1.9148716,0.0,0.009098,9.5723,0.0,15.396323,2.9163,0.106
2016-08-26 00:00:00,2-Year FRN,0.174,912828S84,2018-07-31,13.0000412,0.0,0.0,0.0057612,8.34604,0.0,0.34824,2.4,1.9
2016-08-15 00:00:00,3-Year Note,0.75,9128282B5,2019-08-15,26.4583258,2.4582802,0.005,0.0361686,8.250477,0.0,12.2195,3.4889,0.0
2016-08-15 00:00:00,10-Year Note,1.5,9128282A7,2026-08-15,25.3559764,2.3558518,0.025,0.0138746,4.9758,0.0,12.88055,5.1049,0.0
2016-08-15 00:00:00,30-Year Bond,2.25,912810RT7,2046-08-15,16.5364267,1.536425,0.0,0.0055273,4.560168,0.0,8.8031264,1.59518,0.036
2016-08-01 00:00:00,2-Year FRN,0.174,912828S84,2018-07-31,16.0475769,1.0475089,0.0,0.006868,8.39033,0.03,1.63787,2.925,2.01
2016-08-01 00:00:00,2-Year Note,0.75,912828S68,2018-07-31,27.8150049,1.815682,0.00445,0.1595729,15.6446,0.0285,7.656,2.5062,0.0
2016-08-01 00:00:00,5-Year Note,1.125,912828S76,2021-07-31,36.3744369,2.3743532,0.075,0.0251117,14.9104425,0.025,15.017612,3.7869175,0.16
2016-08-01 00:00:00,7-Year Note,1.25,912828S92,2023-07-31,29.9554305,1.9553497,0.0,0.0092958,8.170688,0.0,15.185357,4.51874,0.116
2016-07-29 00:00:00,10-Year TIPS Note,0.125,912828S50,2026-07-15,13.0000119,0.0,2.5e-05,0.0341792,3.162,0.004,7.3107077,2.4891,0.0
2016-07-15 00:00:00,3-Year Note,0.75,912828S43,2019-07-15,25.5631479,1.5631736,0.0,0.0428993,9.55787,0.0,8.810605,5.5886,0.0
2016-07-15 00:00:00,10-Year Note,1.625,912828R36,2026-05-15,21.3027009,1.3026447,0.0,0.0047152,7.943005,0.0,9.318236,2.7341,0.0
2016-07-15 00:00:00,30-Year Bond,2.5,912810RS9,2046-05-15,12.7813091,0.7815868,0.0,0.0028129,3.052688,0.0,7.1358294,1.772392,0.036
2016-06-30 00:00:00,2-Year Note,0.625,912828R93,2018-06-30,29.7928565,3.7928954,0.0053,0.1438811,11.079385,0.05,10.116995,4.6044,0.0
2016-06-30 00:00:00,5-Year Note,1.125,912828S27,2021-06-30,38.9600068,4.9599402,0.0,0.029938,14.0122286,0.0006,13.3373,6.472,0.148
2016-06-30 00:00:00,7-Year Note,1.375,912828S35,2023-06-30,32.0846619,4.0846565,0.0,0.0070452,7.6764672,0.0,13.158393,7.0451,0.113
2016-06-30 00:00:00,30-Year TIPS Bond,1.0,912810RR1,2046-02-15,5.7294,0.7294029,0.0,0.0079778,1.1912715,0.0,3.3091478,0.4916,0.0
2016-06-24 00:00:00,2-Year FRN,0.19,912828Q86,2018-04-30,13.0000165,0.0,0.0,0.0038265,7.78119,0.0,3.33,0.685,1.2
2016-06-15 00:00:00,3-Year Note,0.875,912828R85,2019-06-15,24.0000537,0.0,0.0,0.0299992,9.80411,0.0,10.5323,3.6336445,0.0
2016-06-15 00:00:00,10-Year Note,1.625,912828R36,2026-05-15,20.0000406,0.0,0.0,0.0120791,4.1736955,0.0,10.380466,5.4338,0.0
2016-06-15 00:00:00,30-Year Bond,2.5,912810RS9,2046-05-15,11.9999823,0.0,0.0,0.0026988,3.523784,0.01,6.9030995,1.5244,0.036
2016-05-31 00:00:00,2-Year Note,0.875,912828R51,2018-05-31,32.6306722,6.6307283,0.0102,0.2059319,4.568545,0.0,11.297247,6.95807,2.95995
2016-05-31 00:00:00,5-Year Note,1.375,912828R77,2021-05-31,42.6711973,8.6709523,0.005,0.049655,8.2,0.0,16.74902,8.84657,0.15
2016-05-31 00:00:00,7-Year Note,1.625,912828R69,2023-05-31,35.1409099,7.1407842,0.002,0.0191052,5.6330875,0.0,14.572083,7.66385,0.11
2016-05-31 00:00:00,10-Year TIPS Note,0.625,912828N71,2026-01-15,13.8052028,2.805308,0.0,0.0270701,3.809965,0.003,5.8053197,1.35454,0.0
2016-05-27 00:00:00,2-Year FRN,0.19,912828Q86,2018-04-30,12.9999626,0.0,0.0,0.0124076,8.892555,0.0,1.275,0.815,2.005
2016-05-16 00:00:00,3-Year Note,0.875,912828R44,2019-05-15,29.4277536,5.4276066,0.0,0.076397,6.78608,0.0,11.30267,5.835,0.0
2016-05-16 00:00:00,10-Year Note,1.625,912828R36,2026-05-15,28.2014813,5.2014563,0.063,0.0299495,3.705496,0.0,11.6600225,7.541557,0.0
2016-05-16 00:00:00,30-Year Bond,2.5,912810RS9,2046-05-15,18.3922489,3.3922541,0.0,0.0152988,5.020288,0.0,8.165408,1.763,0.036
2016-05-02 00:00:00,2-Year FRN,0.19,912828Q86,2018-04-30,18.9861008,3.9860946,0.0,0.0233542,7.0113,0.1,3.050352,2.815,2.0
2016-05-02 00:00:00,2-Year Note,0.75,912828Q94,2018-04-30,32.9090548,6.9092306,0.0033,0.1542842,10.01944,0.0,11.303,4.5198,0.0
2016-05-02 00:00:00,5-Year Note,1.375,912828Q78,2021-04-30,43.0352464,9.0351477,0.104,0.0560247,10.943874,0.0,16.5717,6.1845,0.14
2016-05-02 00:00:00,7-Year Note,1.625,912828R28,2023-04-30,35.4407301,7.4407098,0.0,0.0180213,6.392035,0.0,16.6256465,4.8764,0.0879175
2016-04-29 00:00:00,5-Year TIPS Note,0.125,912828Q60,2021-04-15,15.9992505,0.0,0.0,0.042425,5.334762,0.0,7.6900235,2.93204,0.0
2016-04-15 00:00:00,3-Year Note,0.875,912828Q52,2019-04-15,24.1684588,0.1688953,0.0,0.0493835,8.0642375,0.0,10.5476425,5.3383,0.0
2016-04-15 00:00:00,10-Year Note,1.625,912828P46,2026-02-15,20.1407581,0.140746,0.0,0.0176361,5.3600116,0.0,9.4389244,5.18344,0.0
2016-04-15 00:00:00,30-Year Bond,2.5,912810RQ3,2046-02-15,12.0794509,0.0844476,0.0,0.0024873,3.212845,0.0,7.30225,1.4466,0.030821
2016-03-31 00:00:00,2-Year Note,0.875,912828Q45,2018-03-31,32.1942643,6.1946121,0.0066,0.2222222,9.93113,0.0,9.7917,5.948,0.1
2016-03-31 00:00:00,5-Year Note,1.25,912828Q37,2021-03-31,42.1006809,8.1006465,0.002,0.09499,14.3264944,0.0,13.60405,5.8525,0.12
2016-03-31 00:00:00,7-Year Note,1.5,912828Q29,2023-03-31,34.671134,6.6711206,0.0,0.0159564,8.33626,0.0,14.001297,5.5415,0.105
2016-03-31 00:00:00,10-Year TIPS Note,0.625,912828N71,2026-01-15,13.6205326,2.6207974,0.0,0.0166607,3.5894295,0.03,6.075645,1.288,0.0
2016-03-28 00:00:00,2-Year FRN,0.272,912828N97,2018-01-31,13.0000858,0.0,0.30065,0.0022372,7.698715,0.0,1.4084836,1.59,2.0
2016-03-15 00:00:00,3-Year Note,1.0,912828P95,2019-03-15,24.0009724,0.0,0.0,0.0542124,11.28796,0.025,9.1218,3.512,0.0
2016-03-15 00:00:00,10-Year Note,1.625,912828P46,2026-02-15,20.0000625,0.0,0.0,0.0433625,6.88718,0.0,8.78052,4.289,0.0
2016-03-15 00:00:00,30-Year Bond,2.5,912810RQ3,2046-02-15,12.0,0.0,0.0,0.0037894,3.653823,0.0,6.8508876,1.4595,0.032
2016-02-29 00:00:00,2-Year Note,0.75,912828UR9,2018-02-28,34.713608,8.7138373,0.004135,0.1640857,9.30885,0.025,11.0659,5.423,0.0088
2016-02-29 00:00:00,5-Year Note,1.125,912828P87,2021-02-28,45.3949609,11.3950179,0.002,0.075828,8.69172,0.0,20.393895,4.7005,0.136
2016-02-29 00:00:00,7-Year Note,1.5,912828P79,2023-02-28,37.3841542,9.3841324,0.0,0.0174318,9.8386,0.0,12.43724,5.59875,0.108
2016-02-29 00:00:00,30-Year TIPS Bond,1.0,912810RR1,2046-02-15,9.346033,2.346033,0.0,0.007222,1.945015,0.51,3.341785,1.195978,0.0
2016-02-26 00:00:00,2-Year FRN,0.272,912828N97,2018-01-31,12.9999087,0.0,0.0,0.0133487,9.19,0.0,0.525,1.27156,2.0
2016-02-16 00:00:00,3-Year Note,0.75,912828P53,2019-02-15,25.8844379,1.8844901,0.0005,0.0666578,11.20929,0.025,8.6235,4.075,0.0
2016-02-16 00:00:00,10-Year Note,1.625,912828P46,2026-02-15,24.80579,1.8059697,0.0,0.0191625,5.7574618,0.0,11.575,5.648196,0.0
2016-02-16 00:00:00,30-Year Bond,2.5,912810RQ3,2046-02-15,16.1728278,1.1778062,0.0,0.0114404,5.279356,0.0,8.8212252,0.859,0.024
2016-02-01 00:00:00,2-Year FRN,0.272,912828N97,2018-01-31,15.2730964,0.2730623,0.0,0.0115011,6.72,0.1,1.593533,4.075,2.5
2016-02-01 00:00:00,2-Year Note,0.75,912828P20,2018-01-31,26.4702915,0.4733079,0.0002,0.1764703,8.3307133,0.0,9.8236,7.663,0.003
2016-02-01 00:00:00,5-Year Note,1.375,912828N89,2021-01-31,35.6367823,0.6371451,0.002,0.0505972,14.16627,0.0,13.48202,7.16525,0.1335
2016-02-01 00:00:00,7-Year Note,1.75,912828P38,2023-01-31,29.5265034,0.5279202,0.0,0.0200992,4.973537,0.0,18.169847,5.7831,0.052
2016-01-29 00:00:00,10-Year TIPS Note,0.625,912828N71,2026-01-15,14.999982,0.0,2.5e-05,0.034742,5.525855,0.025,6.73671,2.67765,0.0
2016-01-15 00:00:00,3-Year Note,1.125,912828N63,2019-01-15,23.9999588,0.0,0.0,0.0451008,7.083728,0.0,10.98513,5.886,0.0
2016-01-15 00:00:00,10-Year Note,2.25,912828M56,2025-11-15,20.9989397,0.0,0.0,0.0146677,4.203408,0.0,10.20722,6.573644,0.0
2016-01-15 00:00:00,30-Year Bond,3.0,912810RP5,2045-11-15,13.0000056,0.0,0.0,0.0111436,4.5416185,0.0,7.2580435,1.1592,0.03
2015-12-31 00:00:00,2-Year Note,1.0,912828N55,2017-12-31,25.9986145,0.0,0.00555,0.1526645,9.47705,0.0045,9.30405,3.5548,3.5
2015-12-31 00:00:00,5-Year TIPS Note,0.125,912828K33,2020-04-15,16.0000493,0.0,0.0,0.0283543,4.11538,0.01,9.639315,2.057,0.15
2015-12-31 00:00:00,5-Year Note,1.75,912828N48,2020-12-31,34.9999533,0.0,0.0,0.0458358,13.6765675,0.05,15.7707,5.33885,0.118
2015-12-31 00:00:00,7-Year Note,2.125,912828N30,2022-12-31,29.0000177,0.0,0.0,0.0122257,12.13143,0.05,12.640362,4.072,0.094
2015-12-28 00:00:00,2-Year FRN,0.168,912828M23,2017-10-31,13.0004174,0.0,0.0,0.0119679,7.89844,0.0,1.9118045,1.128205,2.05
2015-12-15 00:00:00,3-Year Note,1.25,912828N22,2018-12-15,24.0000594,0.0,0.005,0.0702369,8.8351975,0.0,8.794625,6.292,0.003
2015-12-15 00:00:00,10-Year Note,2.25,912828M56,2025-11-15,21.0001137,0.0,0.0,0.0127412,6.21563,0.0,9.3164925,5.45525,0.0
2015-12-15 00:00:00,30-Year Bond,3.0,912810RP5,2045-11-15,13.0000035,0.0,0.0,0.008219,3.698927,0.01,8.1056075,1.15225,0.025
2015-11-30 00:00:00,2-Year Note,0.875,912828M72,2017-11-30,25.9997728,0.0,0.0034,0.1591678,10.25781,0.0,10.628395,4.951,0.0
2015-11-30 00:00:00,5-Year Note,1.625,912828M98,2020-11-30,35.000995,0.0,0.0,0.034969,12.498856,0.0,14.78992,7.57335,0.1039
2015-11-30 00:00:00,7-Year Note,2.0,912828M80,2022-11-30,29.0002481,0.0,0.0,0.0159031,9.835225,0.025,13.08012,5.962,0.082
2015-11-30 00:00:00,10-Year TIPS Note,0.375,912828XL9,2025-07-15,12.9999983,0.0,0.0,0.0108408,3.3099575,0.01,7.996,1.6702,0.003
2015-11-27 00:00:00,2-Year FRN,0.168,912828M23,2017-10-31,12.999993,0.0,0.000513,0.005095,7.224385,0.0,2.741,1.025,2.004
2015-11-16 00:00:00,3-Year Note,1.25,912828M64,2018-11-15,24.1226121,0.1222823,0.00056,0.0818773,11.4294,0.0,7.4894925,4.999,0.0
2015-11-16 00:00:00,10-Year Note,2.25,912828M56,2025-11-15,24.1222948,0.1222822,0.0,0.0555551,7.0390475,0.025,8.86841,8.012,0.0
2015-11-16 00:00:00,30-Year Bond,3.0,912810RP5,2045-11-15,16.081684,0.0815215,0.015,0.0392825,5.185135,0.02,9.192715,1.51803,0.03
2015-11-05 00:00:00,2-Year Note,0.75,912828TW0,2017-10-31,26.0000914,0.0,0.4,0.0566064,13.918195,0.0,6.92029,4.705,0.0
2015-11-02 00:00:00,2-Year FRN,0.168,912828M23,2017-10-31,15.0000159,0.0,0.0,0.0045809,8.275435,0.05,2.195,2.975,1.5
2015-11-02 00:00:00,5-Year Note,1.375,912828L99,2020-10-31,35.0001002,0.0,1.5e-05,0.0461912,14.548994,0.025,15.1748,5.0771,0.128
2015-11-02 00:00:00,7-Year Note,1.875,912828M49,2022-10-31,28.9997634,0.0,0.0,0.0067304,8.04078,0.0,13.793253,7.079,0.08
2015-10-30 00:00:00,30-Year TIPS Bond,0.75,912810RL4,2045-02-15,7.0000004,0.0,0.086,0.0061139,1.632,0.0,4.3553865,0.9205,0.0
2015-10-15 00:00:00,3-Year Note,0.875,912828L81,2018-10-15,24.0000279,0.0,0.0,0.0436239,11.02368,0.025,8.726724,4.181,0.0
2015-10-15 00:00:00,10-Year Note,2.0,912828K74,2025-08-15,21.0000007,0.0,0.0,0.0075712,6.3452545,0.2,9.286175,5.161,0.0
2015-10-15 00:00:00,30-Year Bond,2.875,912810RN0,2045-08-15,13.0000053,0.0,0.0,0.001652,3.98637,0.0,7.1794833,1.7985,0.034
2015-09-30 00:00:00,2-Year Note,0.625,912828TS9,2017-09-30,25.9999238,0.0,0.004,0.1557374,11.7393164,0.0,11.09195,3.00892,0.0
2015-09-30 00:00:00,5-Year Note,1.375,912828L65,2020-09-30,34.9999857,0.0,0.001,0.0385009,11.9299,0.055,16.6836,6.15596,0.1360248
2015-09-30 00:00:00,7-Year Note,1.75,912828L57,2022-09-30,29.0000208,0.0,0.0,0.0111252,9.405,0.0,14.6268956,4.847,0.11
2015-09-30 00:00:00,10-Year TIPS Note,0.375,912828XL9,2025-07-15,13.0000131,0.0,0.0,0.0196086,3.471755,0.02,8.625857,0.8627925,0.0
2015-09-25 00:00:00,2-Year FRN,0.077,912828XN5,2017-07-31,13.0000638,0.0,0.0,0.0082413,10.1318225,0.0,1.435,0.225,1.2
2015-09-15 00:00:00,3-Year Note,1.0,912828L40,2018-09-15,24.0000673,0.0,1e-05,0.0357873,10.420685,0.0,9.223585,4.32,0.0
2015-09-15 00:00:00,10-Year Note,2.0,912828K74,2025-08-15,21.0000917,0.0,0.0,0.0051337,6.415238,0.0,9.51372,5.066,0.0
2015-09-15 00:00:00,30-Year Bond,2.875,912810RN0,2045-08-15,13.000054,0.0,0.0,0.004127,3.791332,0.0,8.416845,0.75175,0.036
2015-08-31 00:00:00,2-Year Note,0.625,912828TM2,2017-08-31,26.0000592,0.0,0.007885,0.1292808,11.505523,0.029,9.9273704,4.397,0.004
2015-08-31 00:00:00,5-Year TIPS Note,0.125,912828K33,2020-04-15,15.999819,0.0,0.0,0.0242715,3.7769225,0.015,10.985725,1.1979,0.0
2015-08-31 00:00:00,5-Year Note,1.375,912828L32,2020-08-31,35.0000101,0.0,0.0,0.0363401,15.81254,0.025,15.78873,3.2174,0.12
2015-08-31 00:00:00,7-Year Note,1.875,912828L24,2022-08-31,28.9999976,0.0,0.0,0.0096058,10.8210118,0.0,12.77338,5.396,0.0
2015-08-28 00:00:00,2-Year FRN,0.077,912828XN5,2017-07-31,13.0000786,0.0,0.0,0.0028386,7.33724,0.0,1.56,2.1,2.0
2015-08-17 00:00:00,3-Year Note,1.0,912828K82,2018-08-15,24.4824615,0.4824604,0.00102,0.0614921,9.833688,0.0,10.862501,3.2413,0.0
2015-08-17 00:00:00,10-Year Note,2.0,912828K74,2025-08-15,24.4824267,0.4824604,0.0,0.0262823,8.624884,0.0,9.9012,5.4476,0.0
2015-08-17 00:00:00,30-Year Bond,2.875,912810RN0,2045-08-15,16.3216474,0.3216402,0.0,0.0041742,6.441335,0.0,7.693738,1.82476,0.036
2015-07-31 00:00:00,2-Year FRN,0.077,912828XN5,2017-07-31,15.0001237,0.0,0.0,0.0079347,7.00869,0.051195,0.342304,5.09,2.5
2015-07-31 00:00:00,2-Year Note,0.625,912828XP0,2017-07-31,25.9999682,0.0,0.007135,0.1600182,7.55861,0.0,12.11125,6.160955,0.002
2015-07-31 00:00:00,5-Year Note,1.625,912828XM7,2020-07-31,34.9999977,0.0,0.0,0.0447247,10.37996,0.025,19.030866,5.369447,0.15
2015-07-31 00:00:00,7-Year Note,2.0,912828XQ8,2022-07-31,29.0000077,0.0,0.0,0.0131964,12.3123375,0.025,12.6864738,3.883,0.08
2015-07-31 00:00:00,10-Year TIPS Note,0.375,912828XL9,2025-07-15,15.0000018,0.0,0.0,0.0284918,4.220355,0.02,6.217155,4.514,0.0
2015-07-15 00:00:00,3-Year Note,0.875,912828XK1,2018-07-15,24.0000921,0.0,0.001582,0.0379601,9.79203,0.0,9.33852,4.83,0.0
2015-07-15 00:00:00,10-Year Note,2.125,912828XB1,2025-05-15,20.9806424,0.0,0.0,0.0134299,6.911425,0.0,9.5035375,4.55225,0.0
2015-07-15 00:00:00,30-Year Bond,3.0,912810RM2,2045-05-15,13.0000011,0.0,0.0,0.0012861,5.58608,0.0,6.3778,0.996835,0.038
2015-06-30 00:00:00,2-Year Note,0.625,912828XJ4,2017-06-30,25.9999863,0.0,0.004,0.1859563,10.23359,0.0,12.23142,3.34002,0.005
2015-06-30 00:00:00,5-Year Note,1.625,912828XH8,2020-06-30,34.999986,0.0,0.0,0.048264,14.343755,0.025,15.848165,4.582802,0.152
2015-06-30 00:00:00,7-Year Note,2.125,912828XG0,2022-06-30,29.000014,0.0,0.001,0.013374,9.793534,0.175,13.0995,5.805606,0.112
2015-06-30 00:00:00,30-Year TIPS Bond,0.75,912810RL4,2045-02-15,7.0000027,0.0,0.0,0.0046877,1.94506,0.018,4.485755,0.5465,0.0
2015-06-26 00:00:00,2-Year FRN,0.074,912828K41,2017-04-30,13.0000035,0.0,0.0,0.0057035,5.6683,0.0,1.326,4.0,2.0
2015-06-15 00:00:00,3-Year Note,1.125,912828XF2,2018-06-15,24.0001697,0.0,7.9e-05,0.0876957,9.754835,0.0,9.37556,4.777,0.005
2015-06-15 00:00:00,10-Year Note,2.125,912828XB1,2025-05-15,21.0000349,0.0,0.001,0.0199249,6.91059,0.025,8.28252,5.76,0.001
2015-06-15 00:00:00,30-Year Bond,3.0,912810RM2,2045-05-15,13.0000491,0.0,0.0,0.0032221,4.747465,0.0,6.425862,1.7855,0.038
2015-06-01 00:00:00,2-Year Note,0.625,912828SY7,2017-05-31,26.0000037,0.0,0.00042,0.1498712,10.8295125,0.05,9.6902,5.28,0.0
2015-06-01 00:00:00,5-Year Note,1.5,912828XE5,2020-05-31,35.0000262,0.0,0.0,0.0496862,11.55684,0.05,15.7241,7.4894,0.13
2015-06-01 00:00:00,7-Year Note,1.875,912828XD7,2022-05-31,29.0000211,0.0,0.08,0.0098766,10.3578295,0.025,12.329315,6.111,0.087
2015-05-29 00:00:00,2-Year FRN,0.074,912828K41,2017-04-30,13.0000206,0.0,0.0,0.0018406,6.59818,0.0,0.8,3.6,2.0
2015-05-29 00:00:00,10-Year TIPS Note,0.25,912828H45,2025-01-15,13.0000023,0.0,0.0,0.0328023,3.846575,0.02,7.210375,1.89025,0.0
2015-05-15 00:00:00,3-Year Note,1.0,912828XA3,2018-05-15,24.5427335,0.5428187,0.001,0.0698703,8.9232445,0.025,9.7898,5.191,0.0
2015-05-15 00:00:00,10-Year Note,2.125,912828XB1,2025-05-15,24.5433331,0.5428186,0.0,0.0484095,4.687,0.0,12.279105,6.986,0.0
2015-05-15 00:00:00,30-Year Bond,3.0,912810RM2,2045-05-15,16.3619014,0.3618791,0.0,0.0071773,6.36727,0.0,7.937575,1.658,0.03
2015-04-30 00:00:00,2-Year FRN,0.074,912828K41,2017-04-30,15.0549203,0.0548708,0.0,0.0124045,5.589665,0.0,0.771,6.62698,2.0
2015-04-30 00:00:00,2-Year Note,0.5,912828K66,2017-04-30,26.0952066,0.0951093,0.00617,0.1640291,12.7238982,0.05,9.466,3.586,0.004
2015-04-30 00:00:00,5-Year TIPS Note,0.125,912828K33,2020-04-15,18.0657313,0.0658448,0.0,0.0474535,5.966115,0.1,9.774918,2.1114,0.0
2015-04-30 00:00:00,5-Year Note,1.375,912828K58,2020-04-30,35.1280968,0.1280317,0.0,0.0475836,12.3973995,0.025,16.358342,6.05174,0.12
2015-04-30 00:00:00,7-Year Note,1.75,912828WZ9,2022-04-30,29.1061037,0.1060834,0.0,0.0197563,10.06839,0.025,12.603874,6.208,0.075
2015-04-15 00:00:00,3-Year Note,0.75,912828K25,2018-04-15,24.0000166,0.0,0.0,0.0623726,10.00136,0.05,9.710564,4.17572,0.0
2015-04-15 00:00:00,10-Year Note,2.0,912828J27,2025-02-15,21.0000105,0.0,0.0,0.0081815,7.070999,0.0,7.98583,5.935,0.0
2015-04-15 00:00:00,30-Year Bond,2.5,912810RK6,2045-02-15,13.0000123,0.0,0.0,0.0222253,5.76736,0.0,5.275707,1.91172,0.023
2015-03-31 00:00:00,2-Year Note,0.5,912828J92,2017-03-31,25.9997772,0.0,0.0036,0.1687247,9.455555,0.05,10.1858975,5.736,0.4
2015-03-31 00:00:00,5-Year Note,1.375,912828J84,2020-03-31,35.0000325,0.0,0.002,0.0332875,14.679845,0.025,15.1629,4.977,0.12
2015-03-31 00:00:00,7-Year Note,1.75,912828J76,2022-03-31,29.000002,0.0,0.05,0.010878,11.440324,0.025,12.2008,5.209,0.064
2015-03-31 00:00:00,10-Year TIPS Note,0.25,912828H45,2025-01-15,12.9999454,0.0,0.0,0.0146789,3.20446,0.0,7.649609,2.1311975,0.0
2015-03-27 00:00:00,2-Year FRN,0.084,912828H60,2017-01-31,13.0002124,0.0,0.0,0.0055979,3.180585,0.0,4.9023295,4.9117,0.0
2015-03-16 00:00:00,3-Year Note,1.0,912828J68,2018-03-15,23.9989059,0.0,0.003513,0.0833779,10.24696,0.05,10.68538,2.929675,0.0
2015-03-16 00:00:00,10-Year Note,2.0,912828J27,2025-02-15,21.0001345,0.0,0.0,0.0173097,7.04527,0.0,8.7563048,5.18125,0.0
2015-03-16 00:00:00,30-Year Bond,2.5,912810RK6,2045-02-15,13.0000014,0.0,0.0,0.0123014,5.1334185,0.025,6.5402665,1.264015,0.025
2015-03-02 00:00:00,2-Year Note,0.5,912828J35,2017-02-28,26.0000232,0.0,0.0043,0.1654668,10.3589564,0.0,11.62,3.848,0.0033
2015-03-02 00:00:00,5-Year Note,1.375,912828J50,2020-02-29,34.9999538,0.0,0.0015,0.0587708,12.193764,0.0,16.634505,5.993414,0.118
2015-03-02 00:00:00,7-Year Note,1.75,912828J43,2022-02-28,29.0000234,0.0,0.0,0.0097312,11.5300272,0.0,11.928,5.458265,0.074
2015-02-27 00:00:00,2-Year FRN,0.084,912828H60,2017-01-31,13.0001988,0.0,0.0579,0.0091608,7.00998,0.0,1.408758,3.5144,1.0
2015-02-27 00:00:00,30-Year TIPS Bond,0.75,912810RL4,2045-02-15,9.0000018,0.0,0.0,0.0088904,2.4814,0.005,5.8957614,0.60895,0.0
2015-02-17 00:00:00,3-Year Note,1.0,912828H94,2018-02-15,24.0011146,0.0009056,0.1285,0.049955,11.06022,0.0635,9.823034,2.875,0.0
2015-02-17 00:00:00,10-Year Note,2.0,912828J27,2025-02-15,24.0011464,0.0009056,0.0,0.0214108,7.31071,0.0,8.6686375,7.9994825,0.0
2015-02-17 00:00:00,30-Year Bond,2.5,912810RK6,2045-02-15,16.0006039,0.0006037,0.0,0.0106672,6.064256,0.0,7.976844,1.907233,0.041
2015-02-02 00:00:00,2-Year FRN,0.084,912828H60,2017-01-31,15.0002582,0.0,0.0,0.0110282,8.43553,0.0,0.34698,3.20672,3.0
2015-02-02 00:00:00,2-Year Note,0.5,912828H78,2017-01-31,25.9997621,0.0,0.054,0.1578121,11.6133,0.05,9.93765,4.186,0.001
2015-02-02 00:00:00,5-Year Note,1.25,912828H52,2020-01-31,35.000014,0.0,0.0,0.0476455,10.215656,0.021,17.2317125,7.384,0.1
2015-02-02 00:00:00,7-Year Note,1.5,912828H86,2022-01-31,29.0000131,0.0,0.0,0.0075556,9.1029625,0.0,14.484495,5.325,0.08
2015-01-30 00:00:00,10-Year TIPS Note,0.25,912828H45,2025-01-15,15.0000027,0.0,0.025,0.0414973,3.9406025,0.035,7.6371029,3.3208,0.0
2015-01-15 00:00:00,3-Year Note,0.875,912828H37,2018-01-15,24.0000823,0.0,0.028,0.0485497,9.8905326,0.025,8.077,5.931,0.0
2015-01-15 00:00:00,10-Year Note,2.25,912828G38,2024-11-15,21.0000438,0.0,0.0,0.0113596,9.1208102,0.0,8.640399,3.227475,0.0
2015-01-15 00:00:00,30-Year Bond,3.0,912810RJ9,2044-11-15,12.9994923,0.0,0.0,0.0028033,5.1185447,0.0,5.0361883,2.806956,0.035
2014-12-31 00:00:00,2-Year Note,0.625,912828H29,2016-12-31,26.9994567,0.0,0.0044,0.1353692,14.489975,0.0,5.92105,6.4486625,0.0
2014-12-31 00:00:00,5-Year TIPS Note,0.125,912828C99,2019-04-15,15.9999932,0.0,0.0,0.0299932,4.94374,0.0,7.59648,3.37978,0.05
2014-12-31 00:00:00,5-Year Note,1.625,912828G95,2019-12-31,35.0000536,0.0,0.07,0.0365981,12.826228,0.05,14.7602275,6.857,0.4
2014-12-31 00:00:00,7-Year Note,2.125,912828G87,2021-12-31,29.0000051,0.0,0.0,0.0098551,11.440585,0.025,12.4171,5.107465,0.0
2014-12-26 00:00:00,2-Year FRN,0.053,912828F70,2016-10-31,13.0001012,0.0,0.2,0.0056712,9.78708,0.0,1.70735,1.3,0.0
2014-12-15 00:00:00,3-Year Note,1.0,912828G79,2017-12-15,24.9999769,0.0,0.083,0.0579209,13.158061,0.05,7.141995,4.509,0.0
2014-12-15 00:00:00,10-Year Note,2.25,912828G38,2024-11-15,21.0000132,0.0,0.0,0.0361125,8.8676825,0.0,8.5832182,3.513,0.0
2014-12-15 00:00:00,30-Year Bond,3.0,912810RJ9,2044-11-15,13.0000094,0.0,0.0,0.0071086,3.599,0.0,8.363872,1.0000288,0.03
2014-12-01 00:00:00,2-Year Note,0.5,912828G46,2016-11-30,27.9997967,0.0,0.00813,0.1337399,14.8838268,0.0,5.9315,7.0426,0.0
2014-12-01 00:00:00,5-Year Note,1.5,912828G61,2019-11-30,35.0001228,0.0,0.15,0.0536483,9.7660225,0.05,18.777602,6.08285,0.12
2014-12-01 00:00:00,7-Year Note,1.875,912828G53,2021-11-30,29.0000763,0.0,0.0,0.0218263,11.761543,0.025,12.878707,4.225,0.088
2014-11-28 00:00:00,2-Year FRN,0.053,912828F70,2016-10-31,13.0000724,0.0,0.25,0.0077299,6.25591,0.0,1.4164825,3.56995,1.5
2014-11-28 00:00:00,10-Year TIPS Note,0.125,912828WU0,2024-07-15,12.999842,0.0,0.0,0.012058,3.91193,0.0,6.973924,2.10193,0.0
2014-11-17 00:00:00,3-Year Note,0.875,912828G20,2017-11-15,26.0347196,0.0346964,0.00625,0.0555236,13.3669756,0.05,6.640574,5.8807,0.0
2014-11-17 00:00:00,10-Year Note,2.25,912828G38,2024-11-15,24.0321554,0.0320274,0.05,0.043708,10.79611,0.0,7.60281,5.5025,0.005
2014-11-17 00:00:00,30-Year Bond,3.0,912810RJ9,2044-11-15,16.0213912,0.0213516,0.02424,0.0096908,7.296978,0.0,6.3771308,2.262,0.03
2014-10-31 00:00:00,2-Year FRN,0.053,912828F70,2016-10-31,15.0001901,0.0,0.0,0.0184221,8.006645,0.1,0.76512,5.060003,1.05
2014-10-31 00:00:00,2-Year Note,0.375,912828F88,2016-10-31,28.9918839,0.0,0.13295,0.1484389,14.82919,0.025005,7.029,6.8033,0.024
2014-10-31 00:00:00,5-Year Note,1.5,912828F62,2019-10-31,35.0000516,0.0,0.002,0.0522616,15.832835,0.025,12.791955,6.179,0.117
2014-10-31 00:00:00,7-Year Note,2.0,912828F96,2021-10-31,29.0000218,0.0,0.03,0.0123088,12.035293,0.0,11.8714,4.96302,0.088
2014-10-31 00:00:00,30-Year TIPS Bond,1.375,912810RF7,2044-02-15,6.9950037,0.0,0.0,0.0104137,2.203,0.025,4.132815,0.623775,0.0
2014-10-15 00:00:00,3-Year Note,0.875,912828F54,2017-10-15,27.0000438,0.0,0.0535,0.0568628,13.903225,0.025,6.638456,6.323,0.0
2014-10-15 00:00:00,10-Year Note,2.375,912828D56,2024-08-15,20.9996627,0.0,0.25,0.0153627,11.1232,0.0,6.9841,2.627,0.0
2014-10-15 00:00:00,30-Year Bond,3.125,912810RH3,2044-08-15,12.9999791,0.0,0.0,0.0030061,4.530073,0.0,6.5099,1.927,0.03
2014-09-30 00:00:00,2-Year Note,0.5,912828F47,2016-09-30,28.9997739,0.0,0.104625,0.1340014,13.8249475,0.05,7.7302,7.156,0.0
2014-09-30 00:00:00,5-Year Note,1.75,912828F39,2019-09-30,35.0002472,0.0,0.0272,0.0400972,15.39755,0.05,14.4614,4.924,0.1
2014-09-30 00:00:00,7-Year Note,2.125,912828F21,2021-09-30,29.0000131,0.0,0.032,0.0137971,12.98548,0.05,12.2433,3.609436,0.066
2014-09-30 00:00:00,10-Year TIPS Note,0.125,912828WU0,2024-07-15,13.0000355,0.0,0.02,0.0206405,5.54156,0.0,5.80781,1.610025,0.0
2014-09-26 00:00:00,2-Year FRN,0.07,912828WV8,2016-07-31,12.999758,0.0,0.0,0.019228,5.92125,0.0,0.075,3.98428,3.0
2014-09-15 00:00:00,3-Year Note,1.0,912828D98,2017-09-15,27.0050341,0.0,0.0085,0.0661341,14.17164,0.025,5.96876,6.765,0.0
2014-09-15 00:00:00,10-Year Note,2.375,912828D56,2024-08-15,20.9996427,0.0,0.04,0.0142157,7.807097,0.0,8.73933,4.399,0.0
2014-09-15 00:00:00,30-Year Bond,3.125,912810RH3,2044-08-15,13.0000609,0.0,0.02,0.0061599,4.6048284,0.0,6.7130726,1.646,0.01
2014-09-02 00:00:00,2-Year Note,0.5,912828D64,2016-08-31,29.0021698,0.0014636,0.11185,0.1721062,15.03837,0.05,8.24238,5.386,0.0
2014-09-02 00:00:00,5-Year Note,1.625,912828D80,2019-08-31,35.0017669,0.0017664,7e-06,0.041886,14.01752,0.05,14.2557875,6.5248,0.11
2014-09-02 00:00:00,7-Year Note,2.0,912828D72,2021-08-31,29.0020972,0.0014635,0.03,0.0220037,9.67643,0.025,14.3102,4.849,0.088
2014-08-29 00:00:00,2-Year FRN,0.07,912828WV8,2016-07-31,13.0001665,0.0,0.0,0.0168065,6.94062,0.0,0.4495,5.5342,0.05904
2014-08-29 00:00:00,5-Year TIPS Note,0.125,912828C99,2019-04-15,15.9999464,0.0,0.0,0.0246214,6.483,0.0,7.892865,1.59946,0.0
2014-08-15 00:00:00,3-Year Note,0.875,912828D49,2017-08-15,26.9973609,0.0,0.103764,0.0472399,13.177057,0.025,6.8563,6.788,0.0
2014-08-15 00:00:00,10-Year Note,2.375,912828D56,2024-08-15,24.000034,0.0,0.0,0.042681,10.145585,0.0,7.50749,6.304278,0.0
2014-08-15 00:00:00,30-Year Bond,3.125,912810RH3,2044-08-15,16.0000001,0.0,0.022,0.0152471,5.071053,0.0,8.4944,2.3673,0.03
2014-07-31 00:00:00,2-Year FRN,0.07,912828WV8,2016-07-31,15.0051027,0.004873,0.0,0.0277667,8.5615435,0.0,0.9201845,5.012685,0.47805
2014-07-31 00:00:00,2-Year Note,0.5,912828WX4,2016-07-31,29.0094182,0.0094211,0.154495,0.1624287,18.5215834,0.05,6.83149,3.28,0.0
2014-07-31 00:00:00,5-Year Note,1.625,912828WW6,2019-07-31,35.0113531,0.0113701,5.0503,0.051141,10.207248,0.35,13.056358,6.149136,0.1358
2014-07-31 00:00:00,7-Year Note,2.25,912828WY2,2021-07-31,29.0088721,0.009421,0.0,0.0163009,11.595685,0.05,12.2952702,4.944195,0.098
2014-07-31 00:00:00,10-Year TIPS Note,0.125,912828WU0,2024-07-15,15.0048647,0.0048729,0.02,0.0433454,5.71815,0.015,6.5263464,2.67715,0.0
2014-07-15 00:00:00,3-Year Note,0.875,912828WT3,2017-07-15,27.0000253,0.0,0.1599,0.0642403,15.407685,0.05,6.5927,4.714,0.0115
2014-07-15 00:00:00,10-Year Note,2.5,912828WJ5,2024-05-15,21.0000263,0.0,0.0,0.0165063,10.53012,0.0,6.4124,4.041,0.0
2014-07-15 00:00:00,30-Year Bond,3.375,912810RG5,2044-05-15,13.0000148,0.0,0.025,0.0077428,5.033772,0.0,6.6315,1.267,0.035
2014-06-30 00:00:00,2-Year Note,0.5,912828WQ9,2016-06-30,29.9991169,0.0,0.00475,0.1398494,18.0751675,0.05,6.19035,5.539,0.0
2014-06-30 00:00:00,5-Year Note,1.625,912828WS5,2019-06-30,35.0001888,0.0,2.3832,0.0759388,14.688745,0.25,13.739305,3.745,0.118
2014-06-30 00:00:00,7-Year Note,2.125,912828WR7,2021-06-30,29.0000378,0.0,0.0,0.0135978,13.53254,0.25,10.3349,4.781,0.088
2014-06-30 00:00:00,30-Year TIPS Bond,1.375,912810RF7,2044-02-15,6.9994513,0.0,0.0,0.0067623,2.39,0.02,3.593389,0.9863,0.003
2014-06-27 00:00:00,2-Year FRN,0.069,912828D31,2016-04-30,13.0003891,0.0,0.0,0.0107991,7.77971,0.05,1.15708,4.0028,0.0
2014-06-16 00:00:00,3-Year Note,0.875,912828WP1,2017-06-15,28.0000549,0.0,0.1084,0.0391674,16.8782975,0.05,6.17049,4.7537,0.0
2014-06-16 00:00:00,10-Year Note,2.5,912828WJ5,2024-05-15,21.0000735,0.0,0.078,0.0304695,10.085744,0.025,7.37586,3.405,0.0
2014-06-16 00:00:00,30-Year Bond,3.375,912810RG5,2044-05-15,12.9999973,0.0,0.0,0.0086223,3.61731,0.0,7.036065,2.308,0.03
2014-06-02 00:00:00,2-Year Note,0.375,912828WM8,2016-05-31,31.012027,0.0119257,0.13195,0.1759658,19.4689755,0.075,7.61021,3.434,0.104
2014-06-02 00:00:00,5-Year Note,1.5,912828WL0,2019-05-31,35.0134595,0.0134645,0.0808,0.0678227,15.306705,0.05,14.0699223,5.306745,0.118
2014-06-02 00:00:00,7-Year Note,2.0,912828WN6,2021-05-31,29.0114151,0.0111563,0.0005,0.0295858,11.55932,0.05,13.790853,3.482,0.088
2014-05-30 00:00:00,2-Year FRN,0.069,912828D31,2016-04-30,12.9945691,0.0,6.5e-05,0.0090016,7.5698125,0.0,1.48875,3.63369,0.29325
2014-05-30 00:00:00,10-Year TIPS Note,0.625,912828B25,2024-01-15,12.9798746,0.0,0.0,0.0215942,3.6103864,0.0,7.065384,2.28251,0.0
2014-05-15 00:00:00,3-Year Note,0.875,912828WH9,2017-05-15,29.0001323,0.0,0.08065,0.0433223,15.064908,0.05,7.746212,6.01504,0.0
2014-05-15 00:00:00,10-Year Note,2.5,912828WJ5,2024-05-15,23.9947515,0.0,0.0004,0.0401815,7.66917,0.0,12.385,3.9,0.0
2014-05-15 00:00:00,30-Year Bond,3.375,912810RG5,2044-05-15,15.9951481,0.0,0.029,0.0116021,8.701166,0.0,5.92638,1.297,0.03
2014-04-30 00:00:00,2-Year FRN,0.069,912828D31,2016-04-30,15.0002472,0.0,0.0038,0.0257572,9.815232,0.0,2.473328,2.18213,0.5
2014-04-30 00:00:00,2-Year Note,0.375,912828C81,2016-04-30,32.0004067,0.0,0.00505,0.1312667,20.39417,0.025,7.946495,3.498425,0.0
2014-04-30 00:00:00,5-Year TIPS Note,0.125,912828C99,2019-04-15,18.0002744,0.0,0.025,0.0623144,6.49,0.0,10.69754,0.71542,0.01
2014-04-30 00:00:00,5-Year Note,1.625,912828D23,2019-04-30,34.9999989,0.0,3.1003,0.0526633,14.104753,0.025,12.6022826,4.997,0.118
2014-04-30 00:00:00,7-Year Note,2.25,912828WG1,2021-04-30,29.0000567,0.0,0.0005,0.0256757,9.951581,0.05,11.9293,6.955,0.088
2014-04-15 00:00:00,3-Year Note,0.875,912828C73,2017-04-15,29.9995406,0.0,0.1004,0.0521886,16.314352,0.025,8.0975,5.4101,0.0
2014-04-15 00:00:00,10-Year Note,2.75,912828B66,2024-02-15,20.9999336,0.0,0.0,0.0273156,9.113526,0.0,9.200092,2.659,0.0
2014-04-15 00:00:00,30-Year Bond,3.625,912810RE0,2044-02-15,13.0000127,0.0,0.025,0.0051984,5.5622653,0.0,5.799035,1.593514,0.015
2014-03-31 00:00:00,2-Year Note,0.375,912828C40,2016-03-31,31.9999867,0.0,0.31525,0.2546487,13.629475,0.0,12.99793,4.78697,0.015713
2014-03-31 00:00:00,5-Year Note,1.625,912828C65,2019-03-31,35.0004987,0.0,4.9761,0.0548477,10.37614,0.025,14.008411,5.498,0.062
2014-03-31 00:00:00,7-Year Note,2.25,912828C57,2021-03-31,29.0001218,0.0,4.55,0.0107793,8.448955,0.05,11.4290875,4.5113,0.0
2014-03-31 00:00:00,10-Year TIPS Note,0.625,912828B25,2024-01-15,13.000007,0.0,0.018,0.017101,5.937536,0.02,4.3478976,2.6594724,0.0
2014-03-28 00:00:00,2-Year FRN,0.045,912828WK2,2016-01-31,13.0001507,0.0,0.0,0.0082507,8.746,0.0,2.9469,1.299,0.0
2014-03-17 00:00:00,3-Year Note,0.75,912828C32,2017-03-15,30.0002511,0.0,0.2034,0.0326611,18.22319,0.025,7.318,4.198,0.0
2014-03-17 00:00:00,10-Year Note,2.75,912828B66,2024-02-15,20.999996,0.0,0.035,0.0308716,6.7871944,0.0,9.92023,4.2267,0.0
2014-03-17 00:00:00,30-Year Bond,3.625,912810RE0,2044-02-15,12.9999788,0.0,0.0677,0.0103963,6.626584,0.0,5.0192985,1.256,0.02
2014-02-28 00:00:00,2-Year FRN,0.045,912828WK2,2016-01-31,13.0000892,0.0,0.0,0.0149692,7.83552,0.15,3.9996,1.0,0.0
2014-02-28 00:00:00,2-Year Note,0.25,912828B82,2016-02-29,32.0899287,0.0898977,0.12891,0.201391,16.916654,0.0,9.872926,4.37715,0.503
2014-02-28 00:00:00,5-Year Note,1.5,912828C24,2019-02-28,35.0973719,0.0983255,0.0013,0.0755304,15.418728,0.0,14.523488,4.862,0.118
2014-02-28 00:00:00,7-Year Note,2.0,912828B90,2021-02-28,29.0815652,0.0814697,0.07,0.03744,11.0106555,0.025,12.552,5.212,0.093
2014-02-28 00:00:00,30-Year TIPS Bond,1.375,912810RF7,2044-02-15,9.0253184,0.0252837,0.015,0.0092507,3.70267,0.025,4.24156,1.004554,0.002
2014-02-18 00:00:00,3-Year Note,0.625,912828B74,2017-02-15,30.0000517,0.0,0.00065,0.0477247,14.919922,0.075,6.884755,8.072,0.0
2014-02-18 00:00:00,10-Year Note,2.75,912828B66,2024-02-15,24.0004463,0.0,0.05,0.0666428,8.9941635,0.0,8.6332925,6.2563475,0.0
2014-02-18 00:00:00,30-Year Bond,3.625,912810RE0,2044-02-15,15.9997653,0.0,0.025,0.0158097,7.0412112,0.0,6.645834,2.2569104,0.015
2014-01-31 00:00:00,2-Year FRN,0.045,912828WK2,2016-01-31,15.0000775,0.0,0.0,0.0684175,8.29449,0.025745,2.739075,3.77235,0.1
2014-01-31 00:00:00,2-Year Note,0.375,912828B41,2016-01-31,31.9994014,0.0,0.10365,0.1721964,18.6428,0.025,6.214755,6.835,0.006
2014-01-31 00:00:00,5-Year Note,1.5,912828B33,2019-01-31,35.0000758,0.0,0.0753,0.0667653,17.6937805,0.025,12.44923,4.645,0.045
2014-01-31 00:00:00,7-Year Note,2.125,912828B58,2021-01-31,29.0000562,0.0,0.03,0.0244462,10.89061,0.025,14.425,3.561,0.044
2014-01-31 00:00:00,10-Year TIPS Note,0.625,912828B25,2024-01-15,15.0000087,0.0,0.01,0.0410237,6.238575,0.03,5.98641,2.694,0.0
2014-01-15 00:00:00,3-Year Note,0.75,912828A91,2017-01-15,30.0004071,0.0,0.0034,0.0242731,19.170439,0.025,6.126395,4.6509,0.0
2014-01-15 00:00:00,10-Year Note,2.75,912828WE6,2023-11-15,20.9989814,0.0,0.05,0.0400772,9.591788,0.025,8.0731162,3.169,0.05
2014-01-15 00:00:00,30-Year Bond,3.75,912810RD2,2043-11-15,13.0000371,0.0,0.0,0.0059845,5.680521,0.0,5.7937491,1.4897825,0.03
2013-12-31 00:00:00,2-Year Note,0.25,912828A67,2015-12-31,32.0001764,0.0,0.000925,0.0980464,18.565375,0.028,11.70683,1.586,0.015
2013-12-31 00:00:00,5-Year TIPS Note,0.125,912828UX6,2018-04-15,15.9998257,0.0,0.02,0.0110157,6.85686,0.015,7.4432,1.65375,0.0
2013-12-31 00:00:00,5-Year Note,1.5,912828A75,2018-12-31,34.9999977,0.0,0.0018,0.0290797,24.19685,0.0,5.998268,4.656,0.118
2013-12-31 00:00:00,7-Year Note,2.375,912828A83,2020-12-31,29.0000457,0.0,0.0505,0.0145449,14.64347,0.025,9.6916308,4.5069,0.068
2013-12-16 00:00:00,3-Year Note,0.625,912828A59,2016-12-15,30.0000036,0.0,0.0034,0.0254986,16.814905,0.025,9.4312,3.7,0.0
2013-12-16 00:00:00,10-Year Note,2.75,912828WE6,2023-11-15,20.9999669,0.0,0.048,0.0342049,9.75568,0.025,6.65109,4.485992,0.0
2013-12-16 00:00:00,30-Year Bond,3.75,912810RD2,2043-11-15,12.9997308,0.0,0.023,0.0056544,6.0612704,0.26,4.543806,2.076,0.03
2013-12-02 00:00:00,2-Year Note,0.25,912828A26,2015-11-30,31.999834,0.0,0.10065,0.133404,20.35904,0.028,8.79582,2.57392,0.009
2013-12-02 00:00:00,5-Year Note,1.25,912828A34,2018-11-30,35.0000995,0.0,0.0013,0.0326357,15.8607346,0.025,14.4664292,4.496,0.118
2013-12-02 00:00:00,7-Year Note,2.0,912828A42,2020-11-30,29.0001508,0.0,0.06,0.0097548,16.72,0.025,9.142396,2.955,0.088
2013-11-29 00:00:00,10-Year TIPS Note,0.375,912828VM9,2023-07-15,13.000193,0.0,0.0,0.018091,4.3873425,0.01,4.2082995,4.37646,0.0
2013-11-15 00:00:00,3-Year Note,0.625,912828WF3,2016-11-15,30.0001118,0.0,0.0005,0.0323868,17.433225,0.025,6.883,5.626,0.0
2013-11-15 00:00:00,10-Year Note,2.75,912828WE6,2023-11-15,24.0001609,0.0,0.05,0.0468331,9.5600769,0.025,9.6583,4.6599509,0.0
2013-11-15 00:00:00,30-Year Bond,3.75,912810RD2,2043-11-15,15.9950431,0.0,0.025,0.0104855,8.644565,0.0,5.8129926,1.481,0.021
2013-10-31 00:00:00,2-Year Note,0.25,912828WB2,2015-10-31,31.999984,0.0,0.1042,0.131004,18.56598,0.05,6.8383,6.302,0.0085
2013-10-31 00:00:00,5-Year Note,1.25,912828WD8,2018-10-31,34.9999467,0.0,0.1503,0.0227592,17.3783875,0.025,13.6185,3.687,0.118
2013-10-31 00:00:00,7-Year Note,1.75,912828WC0,2020-10-31,29.0000079,0.0,0.07,0.0100389,12.024614,0.05,12.613555,4.1218,0.11
2013-10-31 00:00:00,30-Year TIPS Bond,0.625,912810RA8,2043-02-15,7.0000172,0.0,0.01,0.011565,2.8054972,0.0211,2.4675575,1.6842975,0.0
2013-10-15 00:00:00,3-Year Note,0.625,912828WA4,2016-10-15,30.0000332,0.0,0.2004,0.0180291,17.3641116,0.005,8.2688275,4.143665,0.0
2013-10-15 00:00:00,10-Year Note,2.5,912828VS6,2023-08-15,21.0000033,0.0,0.0,0.0167759,10.1141274,0.0,6.1451,4.724,0.0
2013-10-15 00:00:00,30-Year Bond,3.625,912810RC4,2043-08-15,13.0001018,0.0,0.028,0.0024361,5.30039,0.0,4.2932757,3.346,0.03
2013-09-30 00:00:00,2-Year Note,0.25,912828VY3,2015-09-30,33.0000699,0.0,0.20465,0.1482409,22.147315,0.003,5.447864,5.0408,0.0082
2013-09-30 00:00:00,5-Year Note,1.375,912828RH5,2018-09-30,35.0000173,0.0,0.0866,0.0318923,18.074325,0.0,12.7132,3.976,0.118
2013-09-30 00:00:00,7-Year Note,2.0,912828VZ0,2020-09-30,28.9999976,0.0,0.0,0.015024,15.18974,0.025,10.4432336,3.239,0.088
2013-09-30 00:00:00,10-Year TIPS Note,0.375,912828VM9,2023-07-15,13.0000629,0.0,0.01,0.0187149,6.10876,0.03,4.649688,2.1829,0.0
2013-09-16 00:00:00,3-Year Note,0.875,912828VW7,2016-09-15,31.0000071,0.0,0.112915,0.0333921,18.9932,0.0,6.8655,4.995,0.0
2013-09-16 00:00:00,10-Year Note,2.5,912828VS6,2023-08-15,21.0002056,0.0,0.053,0.0583056,8.694,0.0,9.0869,3.108,0.0
2013-09-16 00:00:00,30-Year Bond,3.625,912810RC4,2043-08-15,13.0000198,0.0,0.06,0.0060598,6.336491,0.011774,5.450605,1.10509,0.03
2013-09-03 00:00:00,2-Year Note,0.375,912828VU1,2015-08-31,34.0000205,0.0,0.158935,0.1279755,24.04186,0.028,6.54925,3.094,0.0
2013-09-03 00:00:00,5-Year Note,1.5,912828RE2,2018-08-31,35.000105,0.0,0.0766,0.039141,19.658264,0.025,11.1965,3.8866,0.118
2013-09-03 00:00:00,7-Year Note,2.125,912828VV9,2020-08-31,29.0002375,0.0,0.067,0.0208835,13.08945,0.025,9.338904,6.371,0.088
2013-08-30 00:00:00,5-Year TIPS Note,0.125,912828UX6,2018-04-15,15.9991309,0.0,0.025,0.0425994,8.8965865,0.015,5.009945,2.01,0.0
2013-08-15 00:00:00,3-Year Note,0.625,912828VR8,2016-08-15,32.0000118,0.0,1.95145,0.0331768,16.851185,0.025,8.2312,4.903,0.005
2013-08-15 00:00:00,10-Year Note,2.5,912828VS6,2023-08-15,23.9998099,0.0,0.05,0.0553009,10.700159,0.025,8.00835,5.161,0.0
2013-08-15 00:00:00,30-Year Bond,3.625,912810RC4,2043-08-15,15.9990578,0.0,0.0,0.0091528,7.556593,0.1,6.424312,1.879,0.03
2013-07-31 00:00:00,2-Year Note,0.25,912828VN7,2015-07-31,34.9999343,0.0,0.107885,0.1360873,21.966269,0.02925,7.251,4.604,0.905443
2013-07-31 00:00:00,5-Year Note,1.375,912828VQ0,2018-07-31,35.0000801,0.0,0.0766,0.0314411,15.575609,0.14675,13.83533,5.21635,0.118
2013-07-31 00:00:00,7-Year Note,2.0,912828VP2,2020-07-31,29.000225,0.0,0.065,0.013005,11.515095,0.025,11.485125,5.783,0.114
2013-07-31 00:00:00,10-Year TIPS Note,0.375,912828VM9,2023-07-15,15.0004909,0.0,0.02,0.0796014,5.349,0.025,5.7848895,3.742,0.0
2013-07-15 00:00:00,3-Year Note,0.625,912828VL1,2016-07-15,32.0002015,0.0,0.1506,0.0286695,19.245945,0.025,6.826987,5.723,0.0
2013-07-15 00:00:00,10-Year Note,1.75,912828VB3,2023-05-15,21.0005186,0.0,0.045,0.0210922,10.5158552,0.0,6.1555712,4.263,0.0
2013-07-15 00:00:00,30-Year Bond,2.875,912810RB6,2043-05-15,13.0000017,0.0,0.0002,0.006973,6.2609684,0.0,5.1687093,1.533151,0.03
2013-07-01 00:00:00,2-Year Note,0.375,912828VH0,2015-06-30,35.0000969,0.0,0.25415,0.1791869,22.8427975,0.525,6.3009625,4.898,0.0
2013-07-01 00:00:00,5-Year Note,1.375,912828VK3,2018-06-30,35.0000004,0.0,0.0856,0.0354107,16.911385,0.025,12.7302987,5.094306,0.118
2013-07-01 00:00:00,7-Year Note,1.875,912828VJ6,2020-06-30,29.0000375,0.0,0.115,0.0127382,12.402,0.025,10.7782993,5.579,0.088
2013-06-28 00:00:00,30-Year TIPS Bond,0.625,912810RA8,2043-02-15,6.9999978,0.0,0.01,0.0201161,2.9264792,0.025,3.2544025,0.764,0.0
2013-06-17 00:00:00,3-Year Note,0.5,912828VG2,2016-06-15,32.0000973,0.0,0.25495,0.0253673,21.55576,0.025,4.02802,6.111,0.0
2013-06-17 00:00:00,10-Year Note,1.75,912828VB3,2023-05-15,21.0000164,0.0,0.05,0.0168484,8.18942,0.0,8.104748,4.639,0.0
2013-06-17 00:00:00,30-Year Bond,2.875,912810RB6,2043-05-15,13.0000034,0.0,0.027,0.0034714,7.228132,0.0,5.1103,0.6011,0.03
2013-05-31 00:00:00,2-Year Note,0.25,912828VD9,2015-05-31,34.9986087,0.0,0.00917,0.1595637,25.362175,0.025,4.3532,5.0795,0.01
2013-05-31 00:00:00,5-Year Note,1.0,912828VE7,2018-05-31,35.000033,0.0,0.1806,0.0262789,13.2648391,0.025,11.966315,9.409,0.128
2013-05-31 00:00:00,7-Year Note,1.375,912828VF4,2020-05-31,29.0000388,0.0,0.135,0.0167596,12.53988,0.025,9.942644,6.2967552,0.044
2013-05-31 00:00:00,10-Year TIPS Note,0.125,912828UH1,2023-01-15,12.9988501,0.0,0.01,0.0286401,4.31174,0.03,5.88045,2.73802,0.0
2013-05-15 00:00:00,3-Year Note,0.25,912828VC1,2016-05-15,31.9999578,0.0,0.250877,0.0402808,20.099125,0.025,5.454675,6.13,0.0
2013-05-15 00:00:00,10-Year Note,1.75,912828VB3,2023-05-15,23.9999859,0.0,0.195,0.0184375,13.8521304,0.0625,6.487918,3.384,0.0
2013-05-15 00:00:00,30-Year Bond,2.875,912810RB6,2043-05-15,16.0000576,0.0,0.085,0.0122591,8.2326975,0.185,5.930931,1.52417,0.03
2013-04-30 00:00:00,2-Year Note,0.125,912828UY4,2015-04-30,35.0000377,0.0,0.00602,0.1334677,21.16503,0.025,8.06052,5.61,0.0
2013-04-30 00:00:00,5-Year TIPS Note,0.125,912828UX6,2018-04-15,17.9990936,0.0,0.0,0.0675186,8.494025,0.0,7.47755,1.96,0.0
2013-04-30 00:00:00,5-Year Note,0.625,912828UZ1,2018-04-30,34.9999136,0.0,0.2306,0.0180328,17.0622893,0.025,13.1321915,4.4138,0.118
2013-04-30 00:00:00,7-Year Note,1.125,912828VA5,2020-04-30,29.0000516,0.0,0.185,0.0066494,13.46242,0.025,10.4919822,4.741,0.088
2013-04-15 00:00:00,3-Year Note,0.25,912828UW8,2016-04-15,32.0003238,0.0,0.000626,0.0240864,22.8168084,0.125,5.83651,3.197293,0.0
2013-04-15 00:00:00,10-Year Note,2.0,912828UN8,2023-02-15,21.0010068,0.0,0.04,0.0096073,8.1630255,0.0,11.1187447,1.6696293,0.0
2013-04-15 00:00:00,30-Year Bond,3.125,912810QZ4,2043-02-15,12.9999986,0.0,0.02,0.0055066,7.212914,0.1,4.500838,1.13074,0.03
2013-04-01 00:00:00,2-Year Note,0.25,912828UT5,2015-03-31,34.9998799,0.0,0.17885,0.1697819,23.20376,0.05,8.05318,3.339308,0.005
2013-04-01 00:00:00,5-Year Note,0.75,912828UU2,2018-03-31,35.0000306,0.0,0.1504,0.0195761,14.9529995,0.025,14.530055,5.199,0.123
2013-04-01 00:00:00,7-Year Note,1.125,912828UV0,2020-03-31,29.0010631,0.0,0.097,0.0124825,14.7100656,0.025,11.216515,2.852,0.088
2013-03-28 00:00:00,10-Year TIPS Note,0.125,912828UH1,2023-01-15,13.0000028,0.0,0.0,0.0125418,5.783,0.0,5.974461,1.23,0.0
2013-03-15 00:00:00,3-Year Note,0.375,912828US7,2016-03-15,32.0000422,0.0,0.1054,0.0439997,20.3832925,0.025,6.16935,5.243,0.03
2013-03-15 00:00:00,10-Year Note,2.0,912828UN8,2023-02-15,21.0000124,0.0,0.09,0.0202539,5.46455,0.025,11.7222085,3.678,0.0
2013-03-15 00:00:00,30-Year Bond,3.125,912810QZ4,2043-02-15,13.0000356,0.0,0.003,0.0115107,7.7450375,0.0,4.7570284,0.453459,0.03
2013-02-28 00:00:00,2-Year Note,0.25,912828UP3,2015-02-28,34.9996301,0.0,0.254464,0.1549631,19.770243,0.025,8.37696,6.418,0.0
2013-02-28 00:00:00,5-Year Note,0.75,912828UR9,2018-02-28,35.0000245,0.0,0.3504,0.0260665,17.674608,0.025,13.74295,2.944,0.237
2013-02-28 00:00:00,7-Year Note,1.25,912828UQ1,2020-02-29,29.0000212,0.0,0.19,0.0068462,15.818875,0.025,9.1083,3.677,0.174
2013-02-28 00:00:00,30-Year TIPS Bond,0.625,912810RA8,2043-02-15,9.0000415,0.0,0.013,0.0180855,3.032,0.033,4.776656,1.1243,0.003
2013-02-15 00:00:00,3-Year Note,0.375,912828UM0,2016-02-15,31.9999322,0.0,0.69065,0.0468847,20.1932975,0.025,5.2591,5.76,0.025
2013-02-15 00:00:00,10-Year Note,2.0,912828UN8,2023-02-15,23.9998774,0.0,0.03,0.0390414,13.08576,0.025,6.2612,4.558876,0.0
2013-02-15 00:00:00,30-Year Bond,3.125,912810QZ4,2043-02-15,15.9998375,0.0,0.08,0.0141175,8.84686,0.2,4.73366,2.0652,0.06
2013-01-31 00:00:00,2-Year Note,0.25,912828UK4,2015-01-31,34.999391,0.0,0.00325,0.157766,20.832275,0.025,6.8671,7.114,0.0
2013-01-31 00:00:00,5-Year Note,0.875,912828UJ7,2018-01-31,34.9998999,0.0,0.0524,0.0267594,17.6353455,0.025,13.7592,3.267195,0.234
2013-01-31 00:00:00,7-Year Note,1.375,912828UL2,2020-01-31,29.0000186,0.0,0.155,0.0105446,14.12999,0.025,10.822484,3.683,0.174
2013-01-31 00:00:00,10-Year TIPS Note,0.125,912828UH1,2023-01-15,14.9998947,0.0,0.0,0.051486,5.482506,0.0,8.0029027,1.463,0.0
2013-01-15 00:00:00,3-Year Note,0.375,912828UG3,2016-01-15,32.000047,0.0,0.1054,0.024722,17.572485,0.025,10.12844,4.144,0.0
2013-01-15 00:00:00,10-Year Note,1.625,912828TY6,2022-11-15,21.0000056,0.0,0.025,0.0188352,13.4504704,0.025,5.5607,1.92,0.0
2013-01-15 00:00:00,30-Year Bond,2.75,912810QY7,2042-11-15,13.0000009,0.0,0.598,0.0702854,6.674326,0.0,5.259335,0.3980545,0.0
2012-12-31 00:00:00,2-Year Note,0.125,912828UD0,2014-12-31,34.9996445,0.0,0.104,0.1130795,22.139365,0.0,5.7832,6.855,0.005
2012-12-31 00:00:00,5-Year TIPS Note,0.125,912828SQ4,2017-04-15,13.9999347,0.0,0.0005,0.0193367,5.881328,0.0,6.22237,1.8764,0.0
2012-12-31 00:00:00,5-Year Note,0.75,912828UE8,2017-12-31,35.0000254,0.0,0.1503,0.2582254,15.50503,0.025,11.85647,7.205,0.0
2012-12-31 00:00:00,7-Year Note,1.125,912828UF5,2019-12-31,29.0000034,0.0,0.125,0.1872934,12.776,0.0,11.32071,4.591,0.0
2012-12-17 00:00:00,3-Year Note,0.25,912828UC2,2015-12-15,32.0000912,0.0,0.10095,0.0318112,20.28016,0.025,5.89087,5.6713,0.0
2012-12-17 00:00:00,10-Year Note,1.625,912828TY6,2022-11-15,21.0000456,0.0,0.05,0.0149456,8.056,0.0,9.6979,3.1812,0.0
2012-12-17 00:00:00,30-Year Bond,2.75,912810QY7,2042-11-15,13.0000029,0.0,0.0,0.0704404,7.0885475,0.025,4.613015,1.203,0.0
2012-11-30 00:00:00,2-Year Note,0.25,912828TZ3,2014-11-30,34.9998111,0.0,0.050865,0.1448384,19.0409845,0.025,9.1278665,6.5712867,0.03897
2012-11-30 00:00:00,5-Year Note,0.625,912828UA6,2017-11-30,35.0000075,0.0,0.1503,0.2558525,15.902555,0.0,14.5523,4.139,0.0
2012-11-30 00:00:00,7-Year Note,1.0,912828UB4,2019-11-30,29.0000551,0.0,0.127,0.1803357,13.93074,0.01494,11.8980394,2.849,0.0
2012-11-30 00:00:00,10-Year TIPS Note,0.125,912828TE0,2022-07-15,13.0000046,0.0,0.015,0.0204856,5.660579,0.02,6.27454,1.0094,0.0
2012-11-15 00:00:00,3-Year Note,0.375,912828TX8,2015-11-15,32.0000593,0.0,0.3012,0.0437593,20.35524,0.025,7.52586,3.749,0.0
2012-11-15 00:00:00,10-Year Note,1.625,912828TY6,2022-11-15,23.999924,0.0,0.0,0.0297175,13.51838,0.0,7.672404,2.7794225,0.0
2012-11-15 00:00:00,30-Year Bond,2.75,912810QY7,2042-11-15,16.000007,0.0,0.042,0.0761626,7.9390402,0.0,7.212356,0.7304482,0.0
2012-10-31 00:00:00,2-Year Note,0.25,912828TU4,2014-10-31,35.0001325,0.0,0.004,0.1679165,12.759016,0.025,13.4625,8.5817,0.0
2012-10-31 00:00:00,5-Year Note,0.75,912828TW0,2017-10-31,35.0000507,0.0,0.2503,0.2747407,17.38176,0.025,13.13425,3.934,0.0
2012-10-31 00:00:00,7-Year Note,1.25,912828TV2,2019-10-31,29.0000495,0.0,0.05,0.1815995,14.69025,0.025,8.9712,5.082,0.0
2012-10-31 00:00:00,30-Year TIPS Bond,0.75,912810QV3,2042-02-15,7.0000581,0.0,0.006,0.0079377,2.824,0.035,3.5261204,0.601,0.0
2012-10-15 00:00:00,3-Year Note,0.25,912828TT7,2015-10-15,32.0000286,0.0,0.100968,0.0243166,18.543544,0.05,10.4622,2.819,0.0
2012-10-15 00:00:00,10-Year Note,1.625,912828TJ9,2022-08-15,21.0000294,0.0,0.085,0.007887,8.7345224,0.0,9.37162,2.801,0.0
2012-10-15 00:00:00,30-Year Bond,2.75,912810QX9,2042-08-15,13.000019,0.0,0.075,0.065318,8.640451,0.025,3.10225,1.092,0.0
2012-10-01 00:00:00,2-Year Note,0.25,912828TQ3,2014-09-30,34.999966,0.0,0.204075,0.165781,23.46502,0.025,6.92409,4.216,0.0
2012-10-01 00:00:00,5-Year Note,0.625,912828TS9,2017-09-30,35.0000346,0.0,0.3533,0.1421226,18.800725,0.025,11.1561,4.522787,0.0
2012-10-01 00:00:00,7-Year Note,1.0,912828TR1,2019-09-30,29.0000177,0.0,0.275,0.0981487,16.0634,0.0,7.370469,5.193,0.0
2012-09-28 00:00:00,10-Year TIPS Note,0.125,912828TE0,2022-07-15,12.9999899,0.0,0.002,0.0300729,6.5383235,0.01,5.67172,0.7078735,0.04
2012-09-17 00:00:00,3-Year Note,0.25,912828TP5,2015-09-15,32.0000788,0.0,0.210021,0.035257,18.8300929,0.05,6.6967079,5.878,0.3
2012-09-17 00:00:00,10-Year Note,1.625,912828TJ9,2022-08-15,21.0000367,0.0,0.082,0.0100427,12.774394,0.0,4.0074,4.1262,0.0
2012-09-17 00:00:00,30-Year Bond,2.75,912810QX9,2042-08-15,12.9952242,0.0,0.08,0.0352742,7.18105,0.05,4.3999,1.249,0.0
2012-08-31 00:00:00,2-Year Note,0.25,912828TL4,2014-08-31,34.9977769,0.0,0.5068,0.188178,25.08764,0.0001,5.8495589,3.3655,0.0
2012-08-31 00:00:00,5-Year TIPS Note,0.125,912828SQ4,2017-04-15,13.9999297,0.0,0.002,0.0446397,7.091,0.02,5.52729,1.315,0.0
2012-08-31 00:00:00,5-Year Note,0.625,912828TM2,2017-08-31,35.0001469,0.0,0.3903,0.1475269,19.855525,0.025,10.047795,4.534,0.0
2012-08-31 00:00:00,7-Year Note,1.0,912828TN0,2019-08-31,29.0000161,0.0,0.23,0.0947461,14.40837,0.0,8.2129,6.054,0.0
2012-08-15 00:00:00,3-Year Note,0.25,912828TK6,2015-08-15,32.0003159,0.0,0.273486,0.0400724,22.4879325,0.05,5.748825,3.395,0.005
2012-08-15 00:00:00,10-Year Note,1.625,912828TJ9,2022-08-15,24.0000305,0.0,0.085,0.0256211,14.2821802,0.0,4.8294,4.7778292,0.0
2012-08-15 00:00:00,30-Year Bond,2.75,912810QX9,2042-08-15,16.0002199,0.0,0.06,0.0443279,9.798824,0.025,4.376384,1.690684,0.005
2012-07-31 00:00:00,2-Year Note,0.125,912828TF7,2014-07-31,34.9999837,0.0,0.453945,0.1929527,24.105266,0.0,7.06982,3.178,0.0
2012-07-31 00:00:00,5-Year Note,0.5,912828TG5,2017-07-31,35.0000914,0.0,0.0743,0.1371914,20.5008,0.0,9.0378,5.235,0.015
2012-07-31 00:00:00,7-Year Note,0.875,912828TH3,2019-07-31,29.0000209,0.0,0.1751,0.0949309,15.08139,0.0,8.2796,5.369,0.0
2012-07-31 00:00:00,10-Year TIPS Note,0.125,912828TE0,2022-07-15,14.999032,0.0,0.002,0.058727,6.044935,0.027,5.8175,3.04887,0.0
2012-07-16 00:00:00,3-Year Note,0.25,912828TD2,2015-07-15,32.0001644,0.0,0.104047,0.0218179,22.9006475,0.175,5.409652,3.389,0.0
2012-07-16 00:00:00,10-Year Note,1.75,912828SV3,2022-05-15,21.0005365,0.0,0.045,0.0075125,11.088,0.0,5.86734,3.992684,0.0
2012-07-16 00:00:00,30-Year Bond,3.0,912810QW1,2042-05-15,13.0000404,0.0,0.02,0.0378484,6.126832,0.0,4.64784,2.16752,0.0
2012-07-02 00:00:00,2-Year Note,0.25,912828TA8,2014-06-30,35.3571909,0.3573402,0.1592,0.2282907,23.86846,0.0,5.6309,5.113,0.0
2012-07-02 00:00:00,5-Year Note,0.75,912828TB6,2017-06-30,35.3573411,0.3573401,0.2204,0.112841,21.23739,0.0,10.22837,3.191,0.01
2012-07-02 00:00:00,7-Year Note,1.0,912828TC4,2019-06-30,29.2959308,0.2960817,0.0851,0.0683541,16.788895,0.0,7.6555,4.402,0.0
2012-06-29 00:00:00,30-Year TIPS Bond,0.75,912810QV3,2042-02-15,7.0000137,0.0,0.0,0.0100308,2.7982055,0.018,3.2822761,0.8915013,0.0
2012-06-15 00:00:00,3-Year Note,0.375,912828SZ4,2015-06-15,34.2595628,2.2593568,0.180666,0.029915,23.396425,0.125,3.9882,4.28,0.0
2012-06-15 00:00:00,10-Year Note,1.75,912828SV3,2022-05-15,22.4827096,1.4827028,0.082,0.0108008,8.75908,0.0,7.672126,4.476,0.0
2012-06-15 00:00:00,30-Year Bond,3.0,912810QW1,2042-05-15,13.9178569,0.9178636,0.05,0.0296483,6.287789,0.0,4.614556,2.018,0.0
2012-05-31 00:00:00,2-Year Note,0.25,912828SW1,2014-05-31,34.9999884,0.0004694,1.238165,0.175712,23.1375845,0.0,3.3838,7.0642575,0.0
2012-05-31 00:00:00,5-Year Note,0.625,912828SY7,2017-05-31,35.0011499,0.0004692,0.0504,0.1349382,20.7695025,0.0,8.8483,5.19254,0.005
2012-05-31 00:00:00,7-Year Note,1.125,912828SX9,2019-05-31,28.999185,0.0003888,0.12004,0.0739122,14.567374,0.1,10.08047,4.057,0.0
2012-05-31 00:00:00,10-Year TIPS Note,0.125,912828SA9,2022-01-15,13.0001539,0.0001742,0.0,0.0177872,4.854,0.03,6.9691925,1.129,0.0
2012-05-15 00:00:00,3-Year Note,0.25,912828SU5,2015-05-15,34.0020678,2.0019284,0.118916,0.0316059,20.6848375,0.025,2.67177,8.46801,0.0
2012-05-15 00:00:00,10-Year Note,1.75,912828SV3,2022-05-15,25.5013231,1.5014463,0.075,0.0228678,13.148315,0.0,5.410694,5.343,0.0
2012-05-15 00:00:00,30-Year Bond,3.0,912810QW1,2042-05-15,17.001019,1.0009642,0.0809525,0.0355381,9.2449677,0.0,4.5585215,2.080075,0.0
2012-04-30 00:00:00,2-Year Note,0.25,912828SR2,2014-04-30,35.9403985,0.9403583,1.208745,0.1498489,23.7458397,0.075,5.2026066,4.618,0.0
2012-04-30 00:00:00,5-Year TIPS Note,0.125,912828SQ4,2017-04-15,16.4289798,0.4298779,0.003,0.1061839,8.991318,0.12,5.4191,1.3595,0.0
2012-04-30 00:00:00,5-Year Note,0.875,912828SS0,2017-04-30,35.9403633,0.9403581,0.07565,0.1035992,17.446486,0.1,9.45327,7.821,0.0
2012-04-30 00:00:00,7-Year Note,1.25,912828ST8,2019-04-30,29.7792014,0.7791538,0.0955,0.0674796,14.968548,0.0,7.89652,5.972,0.0
2012-04-16 00:00:00,3-Year Note,0.375,912828SP6,2015-04-15,37.8226984,5.8226662,0.15565,0.0340922,18.85019,0.105,5.3351,7.52,0.0
2012-04-16 00:00:00,10-Year Note,2.0,912828SF8,2022-02-15,24.8211304,3.8211246,0.04,0.0087808,13.691206,0.0,4.243019,3.017,0.0
2012-04-16 00:00:00,30-Year Bond,3.125,912810QU5,2042-02-15,15.3654675,2.3654581,0.025,0.0260299,8.2331945,0.011585,2.8512,1.853,0.0
2012-04-02 00:00:00,2-Year Note,0.25,912828SL5,2014-03-31,35.830757,0.8308901,0.1754,0.1839669,18.2952,0.0,9.4743,6.871,0.0
2012-04-02 00:00:00,5-Year Note,1.0,912828SM3,2017-03-31,35.8310716,0.8308899,0.6009,0.1128333,18.2085084,0.1,6.87494,9.103,0.0
2012-04-02 00:00:00,7-Year Note,1.5,912828SN1,2019-03-31,29.6884701,0.6884517,0.068,0.0697154,14.954873,0.1,5.89743,7.748,0.162
2012-03-30 00:00:00,10-Year TIPS Note,0.125,912828SA9,2022-01-15,12.9998915,0.0,0.015,0.0372415,5.1565,0.003,6.38915,1.39,0.009
2012-03-15 00:00:00,3-Year Note,0.375,912828SK7,2015-03-15,34.2188003,2.2219222,0.27565,0.0301656,21.0166625,0.1,3.8644,6.21,0.5
2012-03-15 00:00:00,10-Year Note,2.0,912828SF8,2022-02-15,22.4583226,1.4581364,0.6166,0.0203862,10.55,0.0,3.655,6.1582,0.0
2012-03-15 00:00:00,30-Year Bond,3.125,912810QU5,2042-02-15,13.9026631,0.9026558,0.0,0.0225103,8.183847,0.0,3.351625,1.442025,0.0
2012-02-29 00:00:00,2-Year Note,0.25,912828SG6,2014-02-28,35.4961879,0.4968132,0.040345,0.2383347,23.04366,0.005,5.004035,6.418,0.25
2012-02-29 00:00:00,5-Year Note,0.875,912828SJ0,2017-02-28,35.4970182,0.496813,0.070466,0.0757354,17.7959005,0.0,6.889245,10.1688583,0.0
2012-02-29 00:00:00,7-Year Note,1.375,912828SH4,2019-02-28,29.4116547,0.411645,0.04,0.0147697,12.56854,0.1,8.4907,7.781,0.005
2012-02-29 00:00:00,30-Year TIPS Bond,0.75,912810QV3,2042-02-15,9.1277446,0.1277519,0.013,0.0277017,4.434416,0.02,2.876775,1.6181,0.01
2012-02-15 00:00:00,3-Year Note,0.25,912828SE1,2015-02-15,35.9018132,3.9017699,0.103259,0.0343543,22.27743,0.0,3.835,5.75,0.0
2012-02-15 00:00:00,10-Year Note,2.0,912828SF8,2022-02-15,26.9263111,2.9263274,0.06,0.0422997,11.9533645,0.0,4.828312,7.1160075,0.0
2012-02-15 00:00:00,30-Year Bond,3.125,912810QU5,2042-02-15,17.9510048,1.9508849,0.035,0.026697,10.165073,0.1547195,3.6476446,1.9609858,0.01
2012-01-31 00:00:00,2-Year Note,0.25,912828SB7,2014-01-31,35.6595347,0.6586212,0.000888,0.1809079,23.4907656,0.017532,3.68482,7.62,0.006
2012-01-31 00:00:00,5-Year Note,0.875,912828SC5,2017-01-31,35.6585818,0.658621,0.1104,0.0359448,16.845726,0.0,7.31789,10.69,0.0
2012-01-31 00:00:00,7-Year Note,1.25,912828SD3,2019-01-31,29.5457491,0.5457145,0.03005,0.0141546,17.94303,0.025,3.7908,7.197,0.0
2012-01-31 00:00:00,10-Year TIPS Note,0.125,912828SA9,2022-01-15,15.2823387,0.2822661,0.0185,0.1635076,7.655,0.005,5.334465,1.7136,0.11
2012-01-17 00:00:00,3-Year Note,0.25,912828RZ5,2015-01-15,34.2713696,2.271146,0.049,0.0322602,20.1704084,0.0,2.151215,9.59734,0.0
2012-01-17 00:00:00,10-Year Note,2.0,912828RR3,2021-11-15,22.4904914,1.4904394,0.04,0.0153059,10.4745756,0.0,6.8529905,3.61218,0.005
2012-01-17 00:00:00,30-Year Bond,3.125,912810QT8,2041-11-15,13.9226458,0.9226529,0.043,0.0081929,8.61973,0.0,3.23507,1.089,0.005
2012-01-03 00:00:00,2-Year Note,0.125,912828RW2,2013-12-31,36.1327118,1.133425,0.0045,0.1637242,26.3735576,0.025005,2.9325,5.5,0.0
2012-01-03 00:00:00,5-Year Note,0.875,912828RX0,2016-12-31,36.1334272,1.1334248,0.0412,0.2330404,16.333352,0.0023,9.9356,8.446,0.00851
2012-01-03 00:00:00,7-Year Note,1.375,912828RY8,2018-12-31,29.9391588,0.9391234,0.10005,0.0089824,14.9178855,0.0,7.3318,6.5660025,0.075315
2011-12-30 00:00:00,5-Year TIPS Note,0.125,912828QD5,2016-04-15,11.9997173,0.0,0.0,0.0548773,5.17094,0.01,5.0109,1.75,0.003
2011-12-15 00:00:00,3-Year Note,0.25,912828RV4,2014-12-15,33.1712028,1.171134,0.184,0.0467513,19.848905,0.0,3.6704125,8.25,0.0
2011-12-15 00:00:00,10-Year Note,2.0,912828RR3,2021-11-15,21.768614,0.7685566,0.056,0.033267,7.7111808,0.0024968,7.2993128,5.8978,0.0
2011-12-15 00:00:00,30-Year Bond,3.125,912810QT8,2041-11-15,13.4757731,0.4757731,0.04,0.020404,6.552056,0.0,5.46254,0.925,0.0
2011-11-30 00:00:00,2-Year Note,0.25,912828RS1,2013-11-30,36.5856622,1.5858241,0.25193,0.1639231,19.061645,0.01,6.63234,8.88,0.0
2011-11-30 00:00:00,5-Year Note,0.875,912828RU6,2016-11-30,36.5859461,1.5858238,0.1757,0.0284963,18.6914735,0.0,6.7807525,9.3237,0.0
2011-11-30 00:00:00,7-Year Note,1.375,912828RT9,2018-11-30,30.3141418,1.3139683,0.145,0.0117885,14.16796,0.05,7.803425,6.822,0.0
2011-11-30 00:00:00,10-Year TIPS Note,0.625,912828QV5,2021-07-15,11.4983605,0.4984017,0.02,0.0223538,4.76292,0.035,4.089485,2.0702,0.0
2011-11-15 00:00:00,3-Year Note,0.375,912828RQ5,2014-11-15,34.4485757,2.4484874,0.05025,0.0473975,15.7642408,0.0,7.5732,8.565,0.0
2011-11-15 00:00:00,10-Year Note,2.0,912828RR3,2021-11-15,25.8334171,1.8363655,0.03,0.0262141,13.4613375,0.011,5.2645,5.204,0.0
2011-11-15 00:00:00,30-Year Bond,3.125,912810QT8,2041-11-15,17.2242705,1.2242436,0.03,0.0135799,9.876427,0.05,4.41542,1.5146,0.1
2011-10-31 00:00:00,2-Year Note,0.25,912828RN2,2013-10-31,36.3316554,1.3307448,0.5096,0.1827656,21.248545,0.025,7.465,5.564,0.006
2011-10-31 00:00:00,5-Year Note,1.0,912828RM4,2016-10-31,36.3307967,1.3307447,0.158187,0.0277964,16.5669,0.0,8.5152186,9.73195,0.0
2011-10-31 00:00:00,7-Year Note,1.75,912828RP7,2018-10-31,30.1026507,1.102617,0.045,0.0100837,17.43255,0.0365,4.4299,7.046,0.0
2011-10-31 00:00:00,30-Year TIPS Bond,2.125,912810QP6,2041-02-15,7.2661876,0.2661489,0.016,0.0140262,2.2831205,0.018,3.328892,1.34,0.0
2011-10-17 00:00:00,3-Year Note,0.5,912828RL6,2014-10-15,32.0000053,0.0,0.1252,0.0301111,20.6429,0.0,4.3867942,6.815,0.0
2011-10-17 00:00:00,10-Year Note,2.125,912828RC6,2021-08-15,21.0000172,0.0,0.07,0.0088522,13.758165,0.0,3.7705,3.3925,0.0
2011-10-17 00:00:00,30-Year Bond,3.75,912810QS0,2041-08-15,13.0000043,0.0,0.0,0.0099588,5.976421,0.006,5.0763945,1.83123,0.1
2011-09-30 00:00:00,2-Year Note,0.125,912828RK8,2013-09-30,36.0897758,1.0896631,0.1015,0.2023627,22.4811875,0.025,4.8400625,7.35,0.0
2011-09-30 00:00:00,5-Year Note,1.0,912828RJ1,2016-09-30,36.0897585,1.089663,0.10055,0.0395627,17.4666928,0.0023,6.78943,10.53728,0.06428
2011-09-30 00:00:00,7-Year Note,1.375,912828RH5,2018-09-30,29.9028663,0.9028636,0.045,0.0138007,15.378302,0.0,4.3729,9.185,0.005
2011-09-30 00:00:00,10-Year TIPS Note,0.625,912828QV5,2021-07-15,11.3419998,0.3424655,0.022,0.0407983,4.003961,0.01,5.499775,1.413,0.01
2011-09-15 00:00:00,3-Year Note,0.25,912828RG7,2014-09-15,32.0000544,0.0,0.20055,0.0286244,21.137885,0.0,3.982775,6.65022,0.0
2011-09-15 00:00:00,10-Year Note,2.125,912828RC6,2021-08-15,21.0000133,0.0,0.12226,0.0134933,10.31546,0.0,5.9516,4.5972,0.0
2011-09-15 00:00:00,30-Year Bond,3.75,912810QS0,2041-08-15,12.9995633,0.0,0.05662,0.0143223,6.3229184,0.0,2.5567026,4.049,0.0
2011-08-31 00:00:00,2-Year Note,0.125,912828RD4,2013-08-31,36.0709676,1.0704887,0.226285,0.1431639,22.69003,0.0,4.439,7.502,0.0
2011-08-31 00:00:00,5-Year TIPS Note,0.125,912828QD5,2016-04-15,12.3669677,0.3670246,0.025,0.0325531,4.47989,0.01,5.9725,1.475,0.005
2011-08-31 00:00:00,5-Year Note,1.0,912828RF9,2016-08-31,36.0704923,1.0704884,0.1244,0.0510889,18.801365,0.0,4.476,11.54715,0.0
2011-08-31 00:00:00,7-Year Note,1.5,912828RE2,2018-08-31,29.8869797,0.8869761,0.14,0.0339084,13.6002452,0.0,10.45791,4.76794,0.0
2011-08-15 00:00:00,3-Year Note,0.5,912828RB8,2014-08-15,32.9800951,0.979857,0.1508,0.0144681,16.75942,0.0,11.1394,3.7739,0.16225
2011-08-15 00:00:00,10-Year Note,2.125,912828RC6,2021-08-15,24.7349557,0.7348926,0.05,0.0353965,9.5159466,0.0,5.7671,8.62662,0.005
2011-08-15 00:00:00,30-Year Bond,3.75,912810QS0,2041-08-15,16.4898955,0.4899284,0.03,0.0118071,11.722446,0.0656,1.462114,2.698,0.01
2011-08-01 00:00:00,2-Year Note,0.375,912828QW3,2013-07-31,36.0422518,1.042194,0.23955,0.1151478,24.37096,0.025,4.3714,5.875,0.003
2011-08-01 00:00:00,5-Year Note,1.5,912828QX1,2016-07-31,36.0415155,1.0421939,0.2804,0.0353081,21.164466,0.0,6.9131475,6.606,0.0
2011-08-01 00:00:00,7-Year Note,2.25,912828QY9,2018-07-31,29.8635521,0.863532,0.2,0.0080601,17.367,0.0,6.50496,4.915,0.005
2011-07-29 00:00:00,10-Year TIPS Note,0.625,912828QV5,2021-07-15,13.0000732,0.0,0.021,0.078657,6.25,0.0,5.7659162,0.876,0.0085
2011-07-15 00:00:00,3-Year Note,0.625,912828QU7,2014-07-15,32.0000027,0.0,0.031415,0.0343802,19.58141,0.025,5.5807975,6.747,0.0
2011-07-15 00:00:00,10-Year Note,3.125,912828QN3,2021-05-15,20.9998165,0.0,0.065,0.0310705,11.085646,0.0,5.4251,4.393,0.0
2011-07-15 00:00:00,30-Year Bond,4.375,912810QQ4,2041-05-15,13.0000078,0.0,0.025,0.0091792,6.3613286,0.0,4.8325,1.772,0.0
2011-06-30 00:00:00,2-Year Note,0.375,912828RA0,2013-06-30,36.1269194,1.1268064,0.2549,0.1519455,26.9705075,0.028115,3.533645,4.061,0.0
2011-06-30 00:00:00,5-Year Note,1.5,912828QR4,2016-06-30,36.1267939,1.1268062,0.21025,0.0376877,21.077925,0.0,5.021625,8.6525,0.0
2011-06-30 00:00:00,7-Year Note,2.375,912828QT0,2018-06-30,29.9337107,0.9336394,0.12,0.0216103,18.336561,0.1,4.2349,6.187,0.0
2011-06-30 00:00:00,30-Year TIPS Bond,2.125,912810QP6,2041-02-15,7.2253517,0.2253612,0.02,0.0377865,3.705,0.01,3.089204,0.138,0.0
2011-06-15 00:00:00,3-Year Note,0.75,912828QS2,2014-06-15,32.0001081,0.0,0.225021,0.0195127,21.4517744,0.025,2.3578,7.921,0.0
2011-06-15 00:00:00,10-Year Note,3.125,912828QN3,2021-05-15,21.0000224,0.0,0.03,0.0216032,10.4489792,0.0142,4.62424,5.861,0.0
2011-06-15 00:00:00,30-Year Bond,4.375,912810QQ4,2041-05-15,13.0000306,0.0,0.567,0.0151351,8.0057225,0.0,2.147173,2.265,0.0
2011-05-31 00:00:00,2-Year Note,0.5,912828QZ6,2013-05-31,37.9459505,2.9459043,0.00417,0.1616852,21.72524,0.0,8.419951,4.684,0.005
2011-05-31 00:00:00,5-Year Note,1.75,912828QP8,2016-05-31,37.9459402,2.9459041,0.3604,0.0494041,18.572,0.0,4.652272,11.36596,0.0
2011-05-31 00:00:00,7-Year Note,2.375,912828QQ6,2018-05-31,31.4409583,2.440892,0.222,0.0141058,13.5181855,0.0,7.754775,7.486,0.005
2011-05-31 00:00:00,10-Year TIPS Note,1.125,912828PP9,2021-01-15,11.9254945,0.9258555,0.027075,0.0433265,6.5798525,0.014,2.807385,1.523,0.005
2011-05-16 00:00:00,3-Year Note,1.0,912828QM5,2014-05-15,31.9999285,0.0,0.343925,0.0248367,21.4196468,0.0,3.61692,6.275,0.3196
2011-05-16 00:00:00,10-Year Note,3.125,912828QN3,2021-05-15,24.0000998,0.0,0.195,0.0537368,12.714992,0.0373,5.270156,5.671815,0.0571
2011-05-16 00:00:00,30-Year Bond,4.375,912810QQ4,2041-05-15,16.0000282,0.0,0.0421,0.0251382,10.646678,0.06,3.0279,2.121212,0.077
2011-05-02 00:00:00,2-Year Note,0.625,912828QE3,2013-04-30,37.2088655,2.2082175,0.297895,0.3033877,21.7350203,0.0,2.97745,9.686895,0.0
2011-05-02 00:00:00,5-Year Note,2.0,912828QF0,2016-04-30,37.208883,2.2082174,0.230925,0.1034706,19.76777,0.0,5.9088,8.9897,0.0
2011-05-02 00:00:00,7-Year Note,2.625,912828QG8,2018-04-30,30.8296738,1.8296658,0.160525,0.009903,17.75788,0.025,5.0127,5.934,0.1
2011-04-29 00:00:00,5-Year TIPS Note,0.125,912828QD5,2016-04-15,14.0002598,0.0,0.02875,0.1469798,8.38822,0.545,3.33281,1.5535,0.005
2011-04-15 00:00:00,3-Year Note,1.25,912828QC7,2014-04-15,33.5756677,1.5752174,0.22565,0.0425803,21.50292,0.0,2.1678,7.8633,0.1982
2011-04-15 00:00:00,10-Year Note,3.625,912828PX2,2021-02-15,22.0340806,1.0337362,0.135,0.0591234,12.14858,0.0,3.110091,5.54755,0.0
2011-04-15 00:00:00,30-Year Bond,4.75,912810QN1,2041-02-15,13.6399667,0.6399319,0.04,0.0142348,6.143,0.0417,3.3641,3.397,0.0
2011-03-31 00:00:00,2-Year Note,0.75,912828QL7,2013-03-31,36.5694151,1.5695861,0.00608,0.378829,22.47115,0.0,3.46025,8.63352,0.05
2011-03-31 00:00:00,5-Year Note,2.25,912828QA1,2016-03-31,36.5699532,1.569586,0.0255,0.1101692,19.586198,0.175,5.1525,9.801,0.15
2011-03-31 00:00:00,7-Year Note,2.875,912828QB9,2018-03-31,30.3002404,1.3005141,0.11,0.0350693,14.13302,0.025,4.811937,9.716,0.1687
2011-03-31 00:00:00,10-Year TIPS Note,1.125,912828PP9,2021-01-15,11.4932911,0.4932984,0.00095,0.0572067,7.647196,0.0,1.7252,1.56444,0.005
2011-03-15 00:00:00,3-Year Note,1.25,912828PZ7,2014-03-15,32.0001168,0.0,0.02664,0.1135148,21.083072,0.065,2.73669,7.9752,0.0
2011-03-15 00:00:00,10-Year Note,3.625,912828PX2,2021-02-15,21.0007787,0.0,0.00095,0.0685283,9.806765,0.0,3.0154954,8.10904,0.0
2011-03-15 00:00:00,30-Year Bond,4.75,912810QN1,2041-02-15,13.0000178,0.0,0.01095,0.0138467,7.7902201,0.0122,2.280151,2.89265,0.0
2011-02-28 00:00:00,2-Year Note,0.625,912828QK9,2013-02-28,36.9229381,1.9226358,0.102329,0.3171033,24.27863,0.0,3.33224,6.97,0.0
2011-02-28 00:00:00,5-Year Note,2.125,912828QJ2,2016-02-29,36.9227987,1.9226356,0.04645,0.0888631,23.23395,0.0,4.1959,7.435,0.0
2011-02-28 00:00:00,7-Year Note,2.75,912828PY0,2018-02-28,30.5930542,1.5930409,0.07225,0.0203913,15.111068,0.131,4.1304,9.534904,0.0
2011-02-28 00:00:00,30-Year TIPS Bond,2.125,912810QP6,2041-02-15,9.4941968,0.494392,0.005,0.0591648,4.00838,0.025,3.6266,1.15666,0.119
2011-02-15 00:00:00,3-Year Note,1.25,912828QH6,2014-02-15,32.7347509,0.7342267,0.079515,0.0633692,23.68384,0.025,3.7138,4.43,0.005
2011-02-15 00:00:00,10-Year Note,3.625,912828PX2,2021-02-15,24.5511534,0.55067,0.0,0.1424728,7.1539606,0.006,3.94985,12.7482,0.0
2011-02-15 00:00:00,30-Year Bond,4.75,912810QN1,2041-02-15,16.3661862,0.3671133,0.005,0.0377539,8.53825,0.055,3.273019,4.08505,0.005
2011-01-31 00:00:00,2-Year Note,0.625,912828PR5,2013-01-31,35.6973204,0.6974358,0.15809,0.3019206,25.884754,0.0,3.37566,5.27946,0.0
2011-01-31 00:00:00,5-Year Note,2.0,912828PS3,2016-01-31,35.6979695,0.6974355,0.0263,0.069239,19.190745,0.05,5.8674,9.79685,0.0
2011-01-31 00:00:00,7-Year Note,2.625,912828PT1,2018-01-31,29.5779001,0.5778751,0.11605,0.0251525,14.586,0.13125,7.64688,6.4946925,0.0
2011-01-31 00:00:00,10-Year TIPS Note,1.125,912828PP9,2021-01-15,13.2594125,0.2590474,0.0,0.1394051,8.03346,0.06,2.606,2.1315,0.03
2011-01-18 00:00:00,3-Year Note,1.0,912828PQ7,2014-01-15,32.701204,0.7012764,0.654255,0.0442226,18.93595,0.025,3.0336,9.2569,0.05
2011-01-18 00:00:00,10-Year Note,2.625,912828PC8,2020-11-15,21.4605004,0.4602126,0.04,0.0386778,9.89721,0.0,5.3154,5.709,0.0
2011-01-18 00:00:00,30-Year Bond,4.25,912810QL5,2040-11-15,13.2850208,0.2848935,0.0,0.0135548,7.6343725,0.0094,3.0306,2.3122,0.0
2010-12-31 00:00:00,2-Year Note,0.625,912828PW4,2012-12-31,36.7544143,1.7543534,0.1239345,0.2721589,25.9777425,0.045,6.263225,2.318,0.0
2010-12-31 00:00:00,5-Year Note,2.125,912828PM6,2015-12-31,36.7568757,1.7543533,0.19525,0.0761224,23.21925,0.0187,6.4062,5.087,0.0
2010-12-31 00:00:00,7-Year Note,2.75,912828PN4,2017-12-31,30.4537066,1.453607,0.0705,0.0262926,10.60236,0.1619,5.953047,12.116,0.07
2010-12-15 00:00:00,3-Year Note,0.75,912828PL8,2013-12-15,32.4676149,0.4654546,0.107,0.0310703,18.66209,0.025,4.3875,8.7895,0.0
2010-12-15 00:00:00,10-Year Note,2.625,912828PC8,2020-11-15,21.3058161,0.3054545,0.03,0.0366156,11.286936,0.031,5.2611,4.35471,0.0
2010-12-15 00:00:00,30-Year Bond,4.25,912810QL5,2040-11-15,13.1893458,0.1890909,0.01,0.0271759,6.4993475,0.00775,2.675528,3.7804535,0.0
2010-11-30 00:00:00,2-Year Note,0.5,912828PV6,2012-11-30,36.382632,1.3791248,0.16458,0.2896802,21.766655,0.0,3.1281,9.654492,0.0
2010-11-30 00:00:00,5-Year Note,1.375,912828PJ3,2015-11-30,36.3791947,1.3791246,0.0801,0.0490051,21.803865,0.0,7.0147,6.0024,0.05
2010-11-30 00:00:00,7-Year Note,2.25,912828PK0,2017-11-30,30.1437045,1.1427032,0.13,0.0090563,16.767,0.1,5.029145,6.9658,0.0
2010-11-15 00:00:00,3-Year Note,0.5,912828PU8,2013-11-15,32.8583717,0.8580614,0.150713,0.0470793,20.577018,0.0119,2.9861,8.0275,0.2
2010-11-15 00:00:00,10-Year TIPS Note,1.25,912828NM8,2020-07-15,10.268171,0.2681441,0.003,0.0409269,4.2927,0.01,4.8609,0.7725,0.02
2010-11-15 00:00:00,10-Year Note,2.625,912828PC8,2020-11-15,24.6437504,0.6435459,0.17,0.0414295,9.882275,0.0,3.5205,10.381,0.005
2010-11-15 00:00:00,30-Year Bond,4.25,912810QL5,2040-11-15,16.4291341,0.4290306,0.005,0.0395835,9.23662,0.0325,2.7424,3.93,0.014
2010-11-01 00:00:00,2-Year Note,0.375,912828PD6,2012-10-31,35.7177334,0.7174746,0.00975,0.3164838,20.488975,0.0,7.54105,6.644,0.0
2010-11-01 00:00:00,5-Year Note,1.25,912828PE4,2015-10-31,35.7176055,0.7174745,0.09,0.0443404,20.1829406,0.0,6.74385,7.939,0.0
2010-11-01 00:00:00,7-Year Note,1.875,912828PF1,2017-10-31,29.5945043,0.5944789,0.1281,0.0126914,14.983092,0.105,7.73873,6.032412,0.0
2010-10-29 00:00:00,5-Year TIPS Note,0.5,912828MY3,2015-04-15,9.998781,0.0,0.0,0.0905914,6.409282,0.0,2.9659076,0.53,0.003
2010-10-15 00:00:00,3-Year Note,0.5,912828PB0,2013-10-15,32.2813053,0.2812122,0.155,0.0323486,24.7031445,0.0,3.4416,3.668,0.0
2010-10-15 00:00:00,10-Year Note,2.625,912828NT3,2020-08-15,21.1847026,0.1845454,0.04,0.0158602,11.8945795,0.0,2.9874,6.0623175,0.0
2010-10-15 00:00:00,30-Year Bond,3.875,912810QK7,2040-08-15,13.1144483,0.1142424,0.015,0.0124619,9.327431,0.0136,2.787713,0.844,0.0
2010-09-30 00:00:00,2-Year Note,0.375,912828NX4,2012-09-30,37.1342525,1.1341627,0.01137,0.3982948,22.6295,0.005,2.64,10.315925,0.0
2010-09-30 00:00:00,5-Year Note,1.25,912828NZ9,2015-09-30,36.1028113,1.1026581,0.04,0.0719932,17.46661,0.2,4.63355,12.588,0.0
2010-09-30 00:00:00,7-Year Note,1.875,912828PA2,2017-09-30,29.9136588,0.913631,0.07835,0.0115798,13.063735,0.575,8.600963,6.6674,0.003
2010-09-15 00:00:00,3-Year Note,0.75,912828NY2,2013-09-15,33.356883,0.3570001,0.11367,0.0399201,20.0825928,0.0,2.9758,9.7879,0.0
2010-09-15 00:00:00,10-Year TIPS Note,1.25,912828NM8,2020-07-15,10.107291,0.1081818,0.0,0.0562542,5.718565,0.015,3.59429,0.61,0.005
2010-09-15 00:00:00,10-Year Note,2.625,912828NT3,2020-08-15,21.2273069,0.2271818,0.0,0.0353376,9.675215,0.0,3.7238225,7.56575,0.0
2010-09-15 00:00:00,30-Year Bond,3.875,912810QK7,2040-08-15,13.1406886,0.1406363,0.02,0.0142903,8.455022,0.1934,3.08052,1.18682,0.05
2010-08-31 00:00:00,2-Year Note,0.375,912828PH7,2012-08-31,37.9057932,0.9059096,0.0117,0.4388011,26.1187275,0.0,4.181655,6.249,0.0
2010-08-31 00:00:00,5-Year Note,1.25,912828NV8,2015-08-31,36.8817954,0.8814254,0.33075,0.0993435,19.0823765,1.038,4.789,10.6609,0.0
2010-08-31 00:00:00,7-Year Note,1.875,912828NW6,2017-08-31,29.7100457,0.7100371,0.07645,0.0271058,12.0584928,0.036,7.14918,9.65278,0.0
2010-08-31 00:00:00,30-Year TIPS Bond,2.125,912810QF8,2040-02-15,7.171338,0.1713882,5e-05,0.0379698,2.66133,0.01,3.9936,0.297,0.0
2010-08-16 00:00:00,3-Year Note,0.75,912828NU0,2013-08-15,36.0361446,2.0360295,0.18,0.0822201,20.277365,0.0,3.06933,10.3912,0.0
2010-08-16 00:00:00,10-Year Note,2.625,912828NT3,2020-08-15,25.437746,1.4371971,0.0455285,0.1048694,12.4182385,0.0,3.2380425,8.18887,0.005
2010-08-16 00:00:00,30-Year Bond,3.875,912810QK7,2040-08-15,16.9581903,0.9581314,0.032,0.0455209,7.240358,0.035,6.0162,2.61998,0.011
2010-08-02 00:00:00,2-Year Note,0.625,912828NQ9,2012-07-31,39.2476021,1.2477845,0.086295,0.5076926,25.2778625,0.0,5.6179675,6.51,0.0
2010-08-02 00:00:00,5-Year Note,1.75,912828NP1,2015-07-31,38.2152524,1.214948,0.3,0.1033994,18.121955,0.052,10.17575,8.2392,0.008
2010-08-02 00:00:00,7-Year Note,2.375,912828NR7,2017-07-31,29.9523015,0.9522565,0.25,0.0320175,16.770785,0.005,4.061,7.8712425,0.01
2010-07-15 00:00:00,3-Year Note,1.0,912828NN6,2013-07-15,35.0100111,0.0099384,0.2478645,0.0640457,20.5706975,0.0,4.804765,9.1127,0.2
2010-07-15 00:00:00,10-Year Note,3.5,912828ND8,2020-05-15,21.0059309,0.0059629,0.035,0.0485425,11.9918025,0.0,4.037023,4.8746,0.013
2010-07-15 00:00:00,10-Year TIPS Note,1.25,912828NM8,2020-07-15,12.0035073,0.0034074,0.0,0.1404321,5.64925,0.015,3.6927178,2.487,0.0157
2010-07-15 00:00:00,30-Year Bond,4.375,912810QH4,2040-05-15,13.0037036,0.0036913,0.025,0.0098708,7.1725137,0.0,4.1679378,1.61969,0.005
2010-06-30 00:00:00,2-Year Note,0.625,912828NS5,2012-06-30,41.1915104,1.191289,0.215506,0.4121554,17.88352,0.0,12.11244,9.3566,0.02
2010-06-30 00:00:00,5-Year Note,1.875,912828NL0,2015-06-30,39.1320904,1.1317244,0.371615,0.112865,24.74007,0.025,4.5373,8.213516,0.0
2010-06-30 00:00:00,7-Year Note,2.5,912828NK2,2017-06-30,30.8934731,0.8934666,0.343,0.0233809,14.0325256,0.025,8.7222,6.8499,0.004
2010-06-15 00:00:00,3-Year Note,1.125,912828NH9,2013-06-15,36.2086741,0.2077715,0.1496775,0.0620126,17.2262275,0.0,9.903785,8.6592,0.0
2010-06-15 00:00:00,10-Year Note,3.5,912828ND8,2020-05-15,21.1221642,0.1212,0.045,0.0552267,11.80005,0.0,4.8166875,4.274,0.01
2010-06-15 00:00:00,30-Year Bond,4.375,912810QH4,2040-05-15,13.0750781,0.0750285,1.233,0.0212696,6.61243,0.018,3.5511,1.55175,0.0125
2010-06-01 00:00:00,2-Year Note,0.75,912828NE6,2012-05-31,42.9161719,0.9126626,0.06236,0.5074243,26.15964,0.0,6.344975,8.92411,0.005
2010-06-01 00:00:00,5-Year Note,2.125,912828NF3,2015-05-31,40.8699214,0.8692024,0.100485,0.145751,21.2906535,0.0,8.500679,9.9631505,0.0
2010-06-01 00:00:00,7-Year Note,2.75,912828NG1,2017-05-31,31.673614,0.6736318,0.0955,0.0294292,13.627464,0.0,6.965515,10.202074,0.08
2010-05-17 00:00:00,3-Year Note,1.375,912828NC0,2013-05-15,41.3169602,3.3118335,0.45075,0.2154967,15.81408,0.0,8.0562,13.4636,0.005
2010-05-17 00:00:00,10-Year Note,3.5,912828ND8,2020-05-15,26.0932435,2.0916843,0.245,0.1399437,9.9271155,0.015,11.065,2.6095,0.0
2010-05-17 00:00:00,30-Year Bond,4.375,912810QH4,2040-05-15,17.3945627,1.3944562,0.143055,0.0326623,9.023929,0.015,5.8005832,0.984877,0.0
2010-04-30 00:00:00,2-Year Note,1.0,912828NB2,2012-04-30,44.9388833,0.9386041,0.652665,0.4521092,29.42788,0.0,6.962125,6.5005,0.005
2010-04-30 00:00:00,5-Year TIPS Note,0.5,912828MY3,2015-04-15,11.236945,0.2346509,0.004865,0.3507491,7.2267875,0.0,2.2466425,1.1245,0.04875
2010-04-30 00:00:00,5-Year Note,2.5,912828MZ0,2015-04-30,42.8920701,0.89594,0.47775,0.1209881,18.353336,0.125,9.19636,13.691,0.031696
2010-04-30 00:00:00,7-Year Note,3.125,912828NA4,2017-04-30,32.6824127,0.6826209,0.1,0.0336476,11.4151587,0.025,10.358305,10.063,0.0046805
2010-04-15 00:00:00,3-Year Note,1.75,912828MX5,2013-04-15,42.9284072,2.9281585,0.391025,0.0576357,17.963188,0.0,6.3283,15.2551,0.005
2010-04-15 00:00:00,10-Year TIPS Note,1.375,912828MF4,2020-01-15,8.5854479,0.5856317,0.0,0.1110112,4.424175,0.005,1.64963,1.767,0.043
2010-04-15 00:00:00,10-Year Note,3.625,912828MP2,2020-02-15,22.5384734,1.5372832,0.153,0.1028578,9.3504274,0.0,6.198322,5.192583,0.004
2010-04-15 00:00:00,30-Year Bond,4.625,912810QE1,2040-02-15,13.9516614,0.9516515,0.07924,0.0167043,5.9468896,0.0,6.142426,0.79075,0.024
2010-03-31 00:00:00,2-Year Note,1.0,912828MU1,2012-03-31,45.4891183,1.4883937,0.30952,0.4376326,28.293564,0.0,5.02544,9.929568,0.005
2010-03-31 00:00:00,5-Year Note,2.5,912828MW7,2015-03-31,43.4212205,1.4207393,0.20615,0.1199902,24.989661,0.05,5.59333,11.03635,0.005
2010-03-31 00:00:00,7-Year Note,3.25,912828MV9,2017-03-31,33.0825597,1.082468,0.158,0.0431517,18.455,0.025,7.38294,5.896,0.04
2010-03-15 00:00:00,3-Year Note,1.375,912828MT4,2013-03-15,40.4733412,0.4732433,0.20235,0.0682099,18.325338,0.0,4.4395,16.9647,0.0
2010-03-15 00:00:00,10-Year Note,3.625,912828MP2,2020-02-15,21.2490784,0.2484527,2.569,0.0691149,11.4565208,0.025,4.08599,2.753,0.042
2010-03-15 00:00:00,30-Year Bond,4.625,912810QE1,2040-02-15,13.1541982,0.153804,3.142,0.0234782,6.7846,0.01,2.66838,0.356,0.015936
2010-03-01 00:00:00,2-Year Note,0.875,912828MQ0,2012-02-29,45.0819125,1.0813781,0.049575,0.3731389,20.2448325,0.0,8.581,14.745,0.006988
2010-03-01 00:00:00,5-Year Note,2.375,912828MR8,2015-02-28,43.0330968,1.0322243,0.139883,0.126305,22.38176,0.025,11.737,7.5879245,0.003
2010-03-01 00:00:00,7-Year Note,3.0,912828MS6,2017-02-28,32.7864894,0.7864566,0.025565,0.0329438,14.87788,0.085,11.894644,5.079,0.005
2010-02-26 00:00:00,30-Year TIPS Bond,2.125,912810QF8,2040-02-15,7.9999728,0.0,0.0,0.0735478,4.348035,0.065,2.61839,0.827,0.068
2010-02-16 00:00:00,3-Year Note,1.375,912828MN7,2013-02-15,44.4972144,4.4919226,0.182676,0.1813158,19.6405,0.0,3.7058,16.295,0.0
2010-02-16 00:00:00,10-Year Note,3.625,912828MP2,2020-02-15,27.8082845,2.8074515,0.477,0.121708,16.156,0.065,5.506125,2.67,0.005
2010-02-16 00:00:00,30-Year Bond,4.625,912810QE1,2040-02-15,17.7967808,1.7967689,2.681,0.0219162,8.4248818,0.03,4.20259,0.6163925,0.0232314
2010-02-01 00:00:00,2-Year Note,0.875,912828MJ6,2012-01-31,44.7170778,0.7169828,0.611195,0.43239,25.06323,0.0,3.201095,14.674185,0.018
2010-02-01 00:00:00,5-Year Note,2.25,912828MH0,2015-01-31,42.6849406,0.6843924,1.0515725,0.0994102,19.0723355,0.05,7.114235,14.612995,0.0
2010-02-01 00:00:00,7-Year Note,3.125,912828MK3,2017-01-31,32.5214557,0.5214418,0.2,0.0242419,13.84196,0.05,7.594812,10.289,0.0
2010-01-15 00:00:00,3-Year Note,1.375,912828MG2,2013-01-15,41.5534993,1.553093,0.99717,0.0769163,20.4142,0.0,7.13092,11.3812,0.0
2010-01-15 00:00:00,10-Year Note,3.375,912828LY4,2019-11-15,21.8155915,0.8153737,0.07,0.0584303,13.0533875,0.05,4.5144,3.244,0.01
2010-01-15 00:00:00,10-Year TIPS Note,1.375,912828MF4,2020-01-15,10.3877132,0.3882732,0.015045,0.2508447,5.6466,0.134,1.4049503,2.473,0.075
2010-01-15 00:00:00,30-Year Bond,4.375,912810QD3,2039-11-15,13.5049996,0.5047551,0.2708163,0.0129248,7.6805341,0.0,3.7755618,1.2554075,0.005
2009-12-31 00:00:00,2-Year Note,1.0,912828ML1,2011-12-31,45.3087165,1.3040482,1.182851,0.3513573,22.49936,0.1,10.4157,9.4468,0.0086
2009-12-31 00:00:00,5-Year Note,2.625,912828ME7,2014-12-31,43.2447943,1.2447732,0.3536,0.1026511,19.99395,0.225,9.73732,11.5795,0.008
2009-12-31 00:00:00,7-Year Note,3.25,912828MD9,2016-12-31,32.9484357,0.9483986,0.2507,0.0513631,16.844552,0.1,6.556222,8.1882,0.009
2009-12-15 00:00:00,3-Year Note,1.125,912828MB3,2012-12-15,40.2173881,0.2151352,0.22505,0.0618029,16.8432,0.0,1.4452,21.427,0.0
2009-12-15 00:00:00,10-Year Note,3.375,912828LY4,2019-11-15,21.1131332,0.1129459,0.04,0.0463673,13.47162,0.055,4.6422,2.739,0.006
2009-12-15 00:00:00,30-Year Bond,4.375,912810QD3,2039-11-15,13.0699495,0.0699189,0.035,0.0181356,7.819388,0.03,3.780507,1.248,0.069
2009-11-30 00:00:00,2-Year Note,0.75,912828MM9,2011-11-30,45.3220648,1.3212809,0.29519,0.4020889,24.781505,0.0,6.57,11.952,0.0
2009-11-30 00:00:00,5-Year Note,2.125,912828LZ1,2014-11-30,43.2617581,1.2612226,0.0537,0.1303515,16.533948,0.0,3.3566,21.920936,0.005
2009-11-30 00:00:00,7-Year Note,2.75,912828MA5,2016-11-30,32.9609773,0.9609315,0.25025,0.0169078,10.07865,0.0085,6.183738,15.458,0.004
2009-11-16 00:00:00,3-Year Note,1.375,912828LX6,2012-11-15,44.974931,4.9732534,0.0065,0.1705776,11.4041,0.0,9.3455,19.067,0.008
2009-11-16 00:00:00,10-Year Note,3.375,912828LY4,2019-11-15,28.1089419,3.1082833,1.04502,0.1065448,12.8611973,0.0066,5.3062965,5.672,0.003
2009-11-16 00:00:00,30-Year Bond,4.375,912810QD3,2039-11-15,17.9893001,1.9893013,0.012,0.0212617,7.6912371,0.115,7.19,0.898,0.0725
2009-11-02 00:00:00,2-Year Note,1.0,912828LT5,2011-10-31,45.08586,1.084753,0.11253,0.480289,14.608762,0.05,12.911276,15.83825,0.0
2009-11-02 00:00:00,5-Year Note,2.375,912828LS7,2014-10-31,42.010773,1.010793,0.11504,0.111035,19.215005,0.13,4.7039,16.725,0.0
2009-11-02 00:00:00,7-Year Note,3.125,912828LU2,2016-10-31,31.764278,0.764258,0.079,0.02887,13.02615,0.05,4.019,13.797,0.0
2009-10-30 00:00:00,5-Year TIPS Note,1.25,912828KM1,2014-04-15,6.99139,0.0,0.0003,0.274395,3.533555,0.105,1.50914,1.555,0.014
2009-10-15 00:00:00,3-Year Note,1.375,912828LR9,2012-10-15,39.305581,0.305,0.215,0.066219,17.56315,0.025,6.971212,14.16,0.0
2009-10-15 00:00:00,10-Year TIPS Note,1.875,912828LA6,2019-07-15,7.044525,0.054744,0.0201,0.138091,4.0682,0.2,0.87113,1.67926,0.013
2009-10-15 00:00:00,10-Year Note,3.625,912828LJ7,2019-08-15,20.156865,0.15641,0.01202,0.044321,11.143252,0.0,5.622862,3.178,0.0
2009-10-15 00:00:00,30-Year Bond,4.5,912810QC5,2039-08-15,12.088204,0.093846,0.002,0.014234,8.058459,0.0177,2.737965,1.161,0.003
,,,,,,,,,,,,,
Totals may not add due to rounding.,,,,,,,,,,,,,
